"언어","종류","게시판","idx","번호","카테고리","제목","작성자","등록일","조회"
"ko","news","news","75","공지","공지사항","[BK-LUPIC 소식] 신현숙 사업단장 키르기스스탄 파견 활동","관리자","2026-09-04","11"
"ko","news","news","73","공지","공지사항","[Abstract Submission Deadline — Extended!] 7th International Nursing Forum 2026, “Nursing and Midwifery Without Borders: Experience, Science, and Innovation.”","관리자","2026-03-20","156"
"ko","news","news","72","공지","공지사항","[Register Now] 7TH INTERNATIONAL FORUM ON NURSING AND MIDWIFERY!","관리자","2026-03-04","190"
"ko","news","news","77","52","공지사항","[BK-LUPIC 소식] 신현숙 사업단장, 키르기스스탄 보건부 의학교육·과학 부서와 회의","관리자","2026-09-04","5"
"ko","news","news","76","51","공지사항","[BK-LUPIC 소식] 신현숙 사업단장, 주키르기스스탄 대한민국 대사관 방문","관리자","2026-09-04","4"
"ko","news","news","74","50","공지사항","[채용] 경희대학교 아동간호학교실 2026 하반기 ODA 영프로페셔널(YP) 채용","관리자","2026-09-03","37"
"ko","news","news","71","49","공지사항","Call for Abstract: 7th International Nursing Forum 2026, “Nursing and Midwifery Without Borders: Experience, Science, and Innovation.”","관리자","2026-02-23","129"
"ko","news","news","70","48","공지사항","[채용] 경희대학교 아동간호학교실 2026 상반기 ODA 영프로페셔널(YP) 채용","관리자","2025-12-24","525"
"ko","news","news","69","47","공지사항","BK-LUPIC May 2025 Faculty Development Workshop: Innovative and Strategic Advancement of Nursing Education in the Kyrgyz Republic","관리자","2025-05-26","685"
"ko","news","news","68","46","공지사항","[채용]2025년 NURSphere Lab 연구원 모집 공고","관리자","2025-05-21","495"
"ko","news","news","66","45","공지사항","Poster Session: CALL FOR ABSTRACT EXTENDED!","관리자","2025-04-10","427"
"ko","news","news","65","44","공지사항","제 6회 International Nursing Forum","관리자","2025-04-09","684"
"ko","news","news","64","43","공지사항","Poster Session: CALL FOR ABSTRACT NOTIFICATION","관리자","2025-03-25","348"
"ko","news","news","63","42","공지사항","키르기즈 공화국 연수단 한국 방문 (2025.02.10. - 2025.02.14.)","관리자","2025-02-20","257"
"ko","news","news","62","41","공지사항","[채용] 경희대학교 아동간호학교실 2025 상반기 ODA 영프로페셔널(YP) 채용 재공고 (기한 연장)","관리자","2025-01-08","776"
"ko","news","news","61","40","공지사항","[채용] 경희대학교 아동간호학교실 2025 상반기 ODA 영프로페셔널(YP) 채용","관리자","2024-12-06","781"
"ko","news","news","60","39","국내언론","키르기즈국립의과대학, 경희대학교에 개교 85주년 맞아 감사장 수여","관리자","2024-09-11","340"
"ko","news","news","59","38","공지사항","BK-LUPIC 선진적 간호교육 구축에 한 걸음 더 다가가다 (BK-LUPIC 1,2차년도 성과 보고)","관리자","2024-07-24","307"
"ko","news","news","58","37","공지사항","[채용마감] 2024년 NURSphere Lab 연구원 모집 공고","관리자","2024-07-22","935"
"ko","news","news","57","36","공지사항","International conference on the development of nursing science with the participation of experts from WHO collaborating centers","관리자","2024-07-17","285"
"ko","news","news","56","35","공지사항","WHO European region Collaborating Centers & country office and KSMA, BK-LUPIC","관리자","2024-07-17","183"
"ko","news","news","55","34","공지사항","BK-LUPIC 2024 교원 역량 강화 프로그램 데이터 관리 및 분석 교육","관리자","2024-06-05","238"
"ko","news","news","54","33","공지사항","국제 간호사의 날 2024","관리자","2024-05-13","721"
"ko","news","news","53","32","공지사항","[보도자료] 키르기즈 공화국에서 개최한 제5회 국제간호포럼 개최","관리자","2024-05-09","328"
"ko","news","news","51","31","국내언론","[국내언론] 키르기즈 공화국에서 개최한 제5회 국제간호포럼 개최 소식 언론 보도","관리자","2024-05-09","743"
"ko","news","news","50","30","공지사항","제 5회 International Nursing Forum","관리자","2024-05-01","306"
"ko","news","news","49","29","공지사항","Poster Session: CALL FOR ABSTRACT EXTENDED!","관리자","2024-04-13","315"
"ko","news","news","48","28","공지사항","Poster Session: CALL FOR ABSTRACT NOTIFICATION","관리자","2024-03-28","427"
"ko","news","news","47","27","공지사항","[채용] 경희대학교 아동간호학교실 2024 상반기 ODA 영프로페셔널(YP) 채용 재공고 (기한 연장)","관리자","2023-12-26","1,348"
"ko","news","news","46","26","공지사항","[채용] 경희대학교 아동간호학교실 2024 상반기 ODA 영프로페셔널(YP) 채용","관리자","2023-12-14","1,202"
"ko","news","news","45","25","공지사항","[채용] 경희대학교 아동간호학교실 2023 하반기 ODA 영프로페셔널(YP) 결원 채용(기한연장)","관리자","2023-08-29","713"
"ko","news","news","44","24","공지사항","[채용] 경희대학교 아동간호학교실 2023 하반기 ODA 영프로페셔널(YP) 결원 채용(마감)","관리자","2023-08-17","285"
"ko","news","news","43","23","공지사항","[채용] 경희대학교 아동간호학교실 2023 하반기 ODA 영프로페셔널(YP) 채용 재공고 (기한 연장-마감)","관리자","2023-07-18","292"
"ko","news","news","42","22","공지사항","[채용] 경희대학교 아동간호학교실 2023 하반기 ODA 영프로페셔널(YP) 채용 (마감)","관리자","2023-06-22","1,029"
"ko","news","news","41","21","공지사항","[국내언론] 키르기즈 공화국 간호학과 조산학의 학사 및 대학원 프로그램 도입 공식 승인 언론 보도","관리자","2023-06-16","366"
"ko","news","news","40","20","공지사항","[보도자료] 키르기즈 공화국 간호학과 조산학의 학사 및 대학원 프로그램 도입 공식 승인","관리자","2023-06-15","726"
"ko","news","news","38","19","공지사항","CALL FOR ABSTRACT EXTENDED !","관리자","2023-06-09","647"
"ko","news","news","35","18","공지사항","Poster Session: CALL FOR ABSTRACT NOTIFICATION","관리자","2023-06-01","678"
"ko","news","news","33","17","공지사항","제 4회 International Nursing Forum","관리자","2023-05-30","709"
"ko","news","news","32","16","공지사항","대한민국 간호법 제정을 지지합니다! (간호법 바로알기 카드뉴스)","관리자","2023-05-19","607"
"ko","news","news","31","15","공지사항","세계 간호사의 날 2023","관리자","2023-05-12","1,138"
"ko","news","news","30","14","공지사항","제 5회 Educational session '간호학 학사 과정과 간호 직무 표준'","관리자","2023-03-29","1,698"
"ko","news","news","29","13","공지사항","제4회 Educational session '키르기즈 공화국의 보건정보시스템 구축을 위한 효과적인 전략 도출 및 적용 방안'","관리자","2023-03-29","429"
"ko","news","news","28","12","공지사항","[채용] 경희대학교 아동간호학교실 2023 상반기 ODA 영프로페셔널(YP) 채용 (마감)","관리자","2023-02-10","455"
"ko","news","news","27","11","공지사항","[채용] 경희대학교 아동간호학교실 2022 하반기 ODA 영프로페셔널(YP) 채용(마감)","관리자","2023-02-10","299"
"ko","news","news","26","10","공지사항","[공지] 국제간호사의 날","관리자","2023-02-10","413"
"ko","news","news","25","9","국내언론","[국내언론] BK-LUPIC Kickoff Ceremony 언론 보도","관리자","2023-02-10","374"
"ko","news","news","24","8","공지사항","[공지] BK-LUPIC 프로젝트가 시작됩니다!","관리자","2023-02-10","542"
"ko","news","news","18","7","공지사항","[공지] 2019 교육부 글로벌교육지원 사업 국내초청 연수","관리자","2023-02-09","401"
"ko","news","news","17","6","공지사항","[공지] 2019 International Conference : Child Health and Nursing Education(마감)","관리자","2023-02-09","305"
"ko","news","news","16","5","공지사항","[공지] Bright Kyrgyzstan 'Good Parenting'","관리자","2023-02-09","293"
"ko","news","news","15","4","공지사항","[공지] GPHO(국제보건전문가) 현장 훈련 프로그램 7기 모집(마감)","관리자","2023-02-09","297"
"ko","news","news","14","3","공지사항","[공지] Bright Kyrgyzstan 홈페이지 오픈","관리자","2023-02-09","258"
"ko","news","news","13","2","공지사항","[공지] GLP(국제보건 리더십 프로그램 7기 및 GPHO(국제보건전문가 현장훈련 프로그램) 4기 모집(마감)","관리자","2023-02-09","246"
"ko","news","news","12","1","공지사항","[공지] 키르기즈스탄 이주민마을 지역사회기반 예방중심 건강증진 사업의 새로운 시작을 함께해주세요!","관리자","2023-02-09","364"
"en","news","news_en","41","Notice","Notice","[Register Now] 7TH INTERNATIONAL FORUM ON NURSING AND MIDWIFERY!","관리자","2026-04-21","92"
"en","news","news_en","40","Notice","Notice","[Program] 7TH INTERNATIONAL FORUM ON NURSING AND MIDWIFERY & WHO CENTRAL ASIA COORDINATION COUNCIL OF CHIEF STATE SPECIALISTS","관리자","2026-04-09","116"
"en","news","news_en","39","Notice","Notice","[Abstract Submission Deadline — Extended!] 7th International Nursing Forum 2026, “Nursing and Midwifery Without Borders: Experience, Science, and Innovation.”","관리자","2026-03-20","133"
"en","news","news_en","33","Notice","Notice","BK-LUPIC Introduction","관리자","2025-09-17","446"
"en","news","news_en","38","33","Notice","[Register Now] 7TH INTERNATIONAL FORUM ON NURSING AND MIDWIFERY!","관리자","2026-03-04","113"
"en","news","news_en","37","32","Notice","Call for Abstract: 7th International Nursing Forum 2026, “Nursing and Midwifery Without Borders: Experience, Science, and Innovation.”","관리자","2026-02-21","150"
"en","news","news_en","32","31","Notice","BK-LUPIC May 2025 Faculty Development Workshop: Innovative and Strategic Advancement of Nursing Education in the Kyrgyz Republic","관리자","2025-05-26","622"
"en","news","news_en","31","30","Notice","Poster Session: CALL FOR ABSTRACT! (Submission date EXTENDED!)","관리자","2025-04-10","387"
"en","news","news_en","30","29","Notice","6th International Nursing Forum","관리자","2025-04-09","555"
"en","news","news_en","29","28","Notice","Poster Session: CALL FOR ABSTRACT NOTIFICATION","관리자","2025-03-25","346"
"en","news","news_en","28","27","Notice","2025 Korea Invitational Training Program (2025.02.10. - 2025.02.14.)","관리자","2025-02-24","578"
"en","news","news_en","27","26","Korean","Kyrgyz State Medical Academy Awards Kyung Hee University on its 85th Anniversary","관리자","2024-09-11","1,076"
"en","news","news_en","26","25","Notice","Advancing Progressive Nursing Education through BK-LUPIC (BK-LUPIC Year 1 and 2 Achievement Report)","관리자","2024-07-24","710"
"en","news","news_en","25","24","Notice","International conference on the development of nursing science with the participation of experts from WHO collaborating centers","관리자","2024-07-17","262"
"en","news","news_en","24","23","Notice","WHO European region Collaborating Centers & country office and KSMA, BK-LUPIC","관리자","2024-07-17","327"
"en","news","news_en","23","22","Notice","BK-LUPIC 2024 Faculty Development Program: Data Management & Data Analysis","관리자","2024-06-05","263"
"en","news","news_en","22","21","Notice","International Nurses Day 2024","관리자","2024-05-13","1,257"
"en","news","news_en","21","20","Korean","[Korean News Article] News coverage of the 5th International Nursing Forum held in the Kyrgyz Republic","관리자","2024-05-09","867"
"en","news","news_en","20","19","Notice","5th International Nursing Forum","관리자","2024-05-01","279"
"en","news","news_en","19","18","Notice","Poster Session: CALL FOR ABSTRACT! (Submission date EXTENDED!)","관리자","2024-04-13","661"
"en","news","news_en","18","17","Notice","Poster Session: CALL FOR ABSTRACT NOTIFICATION","관리자","2024-03-28","474"
"en","news","news_en","17","16","Notice","[Korean News Article] Media reports officially approved Bachelor's and graduate degree programs in nursing and midwifery in the Kyrgyz Republic","관리자","2023-06-16","1,018"
"en","news","news_en","16","15","Notice","[Notice] CALL FOR ABSTRACT! (Submission date EXTENDED!)","관리자","2023-05-30","2,082"
"en","news","news_en","15","14","Notice","[Notice] 4th International Nursing Forum 2023","관리자","2023-05-30","842"
"en","news","news_en","14","13","Notice","International Nurses Day 2023","관리자","2023-05-12","481"
"en","news","news_en","13","12","Notice","[Notice] 5th Educational session 'Bachelor's degree program in Nursing and Professional standard'","관리자","2023-03-29","566"
"en","news","news_en","12","11","Notice","[Notice] 4th Educational session 'Implementation and planning an effective strategy for the health information system in the Kyrgyz Republic'","관리자","2023-03-29","349"
"en","news","news_en","11","10","Korean","[Korean News Article] BK-LUPIC project is welcoming you!","관리자","2023-02-09","715"
"en","news","news_en","10","9","Notice","[Notice] 2022 year in review","관리자","2023-02-09","475"
"en","news","news_en","9","8","Notice","[Notice] Survey on the status and importance of nursing competencies in KR","관리자","2023-02-09","453"
"en","news","news_en","8","7","Notice","[Notice] 2022 Nursing education forum and 2022 Educational session","관리자","2023-02-09","349"
"en","news","news_en","7","6","Notice","[Notice] International Nurses Day","관리자","2023-02-09","232"
"en","news","news_en","6","5","Notice","[Notice] Happy Nurses year! Happy Nurses week!","관리자","2023-02-09","187"
"en","news","news_en","5","4","Notice","[Notice] Open an exhibition for the child health promotion project","관리자","2023-02-09","162"
"en","news","news_en","4","3","Notice","[Notice] Inviting a new program as 'Chick Playschool' in a child health promotion center","관리자","2023-02-09","163"
"en","news","news_en","3","2","Notice","[Notice] Naming the Child Health Promotion Center","관리자","2023-02-09","177"
"en","news","news_en","2","1","Notice","[Notice] Call for abstract of the Intl conference 2019 'Child Health and Nursing Education'","관리자","2023-02-09","255"
"ky","news","news_kg","50","공지","Кулактандыруу","[Бардык каалоочулар үчүн ачык] VII Эл аралык медайымдык жана акушердик иш форум!","관리자","2026-04-21","118"
"ky","news","news_kg","49","공지","Кулактандыруу","VII ЭЛ АРАЛЫК МЕДАЙЫМДЫК ЖАНА АКУШЕРДИК ИШ ФОРУМУ ДҮЙНӨЛҮК САЛАМАТТЫК САКТОО УЮМУНУН БОРБОРДУК АЗИЯДАГЫ МАМЛЕКЕТТИК БАШКЫ АДИСТЕРДИН КООРДИНАЦИЯЛЫК КЕҢЕШИ","관리자","2026-04-10","107"
"ky","news","news_kg","48","공지","Кулактандыруу","[Тезистерди тапшыруу мөөнөтү — узартылды!] VII Эл аралык медайымдык жана акушердик иш форум!","관리자","2026-03-20","149"
"ky","news","news_kg","47","38","Кулактандыруу","[Бардык каалоочулар үчүн ачык] VII Эл аралык медайымдык жана акушердик иш форум!","관리자","2026-03-04","145"
"ky","news","news_kg","46","37","Кулактандыруу","Абстракттарды кабыл алуу жарыясы Медайымдардын 7-Эл аралык Форуму – 2026 «Чек арасыз медайымдык жана акушердик иш: тажрыйба, илим жана инновация»","관리자","2026-02-23","79"
"ky","news","news_kg","45","36","Кулактандыруу","BK-LUPIC, 2025-жылдын май айы – Медайымдык билим берүүнү өнүктүрүүгө багытталган окутуучулар үчүн семинар","관리자","2025-05-26","193"
"ky","news","news_kg","44","35","Кулактандыруу","ПОСТЕРДИК ДОКЛАДКА ТЕЗИСТЕРДИ КАБЫЛ АЛУУ ЖҮРҮП ЖАТАТ (Тезистерди кабыл алуу мөөнөтү узартылды!)","관리자","2025-04-10","175"
"ky","news","news_kg","43","34","Кулактандыруу","VI Эл аралык медайымдык форуму","관리자","2025-04-09","216"
"ky","news","news_kg","42","33","Кулактандыруу","ПОСТЕРДИК ДОКЛАДКА ТЕЗИСТЕРДИ КАБЫЛ АЛУУ ЖҮРҮП ЖАТАТ","관리자","2025-03-25","232"
"ky","news","news_kg","41","32","Кулактандыруу","Кыргызская государственная медицинская академия вручила благодарственное письмо Университету Кёнхи по случаю 85-летия","관리자","2024-09-11","199"
"ky","news","news_kg","40","31","Кулактандыруу","Международной конференции по развитию сестринской науки с участием экспертов коллаборационных центров ВОЗ","관리자","2024-07-17","177"
"ky","news","news_kg","39","30","Кулактандыруу","Коллаборационные центры, Страновые офисы ВОЗ Европейского региона, КГМА им. И.К. Ахунбаева и проект Жаркын Кыргызстан-LUPIC","관리자","2024-07-17","228"
"ky","news","news_kg","38","29","Кулактандыруу","Жаркын Кыргызстан-LUPIC 2024 Программа развития кафедры сестринского дела КГМА им. И.К.Ахунбаева Управление данными и анализ данных","관리자","2024-06-05","212"
"ky","news","news_kg","37","28","Кулактандыруу","Международный день медицинских сестер 2024","관리자","2024-05-13","205"
"ky","news","news_kg","35","27","Кулактандыруу","5-Эл аралык медайымдар форуму","관리자","2024-05-01","280"
"ky","news","news_kg","34","26","Кулактандыруу","ПОСТЕРДИК ДОКЛАДКА ТЕЗИСТЕРДИ КАБЫЛ АЛУУ ЖҮРҮП ЖАТАТ (Тезистерди кабыл алуу мөөнөтү узартылды!)","관리자","2024-04-13","274"
"ky","news","news_kg","33","25","Кулактандыруу","ПОСТЕРДИК ДОКЛАДКА ТЕЗИСТЕРДИ КАБЫЛ АЛУУ ЖҮРҮП ЖАТАТ","관리자","2024-03-28","226"
"ky","news","news_kg","32","24","Кулактандыруу","[Жергиликтүү ММКлар] Кыргыз Республикасында медайымдык жана акушердик иш боюнча бакалавриат жана магистратура программаларын киргизүүгө расмий уруксат берилди","관리자","2023-06-16","1,133"
"ky","news","news_kg","31","23","Кулактандыруу","ПОСТЕРДИК ДОКЛАДКА ТЕЗИСТЕРДИ КАБЫЛ АЛУУ ЖҮРҮП ЖАТАТ (Тезистерди кабыл алуу мөөнөтү узартылды!)","관리자","2023-05-30","686"
"ky","news","news_kg","30","22","Кулактандыруу","Эл аралык форумуна","관리자","2023-05-30","410"
"ky","news","news_kg","29","21","Кулактандыруу","Бүткүл дүйнөлүк медайымдардын күнү 2023","관리자","2023-05-12","246"
"ky","news","news_kg","22","20","Кулактандыруу","[Кулактандыруу] Пятая Образовательная сессия 'Программа подготовки бакалавров по направлению Сестринское дело '","관리자","2023-03-29","286"
"ky","news","news_kg","21","19","Кулактандыруу","[Кулактандыруу] Четвертая Образовательная сессия “Внедрение и планирование эффективной стратегии информационной системы здравоохранения в Кыргызской Республике”","관리자","2023-03-29","258"
"ky","news","news_kg","20","18","Кулактандыруу","[Кулактандыруу] Итоги 2022 года жаркын кыргызстан","관리자","2023-02-09","246"
"ky","news","news_kg","19","17","Кулактандыруу","[Кулактандыруу] сурамжылоого катышууга чакырабыз","관리자","2023-02-09","287"
"ky","news","news_kg","18","16","Кулактандыруу","[Кулактандыруу] Бүгүн биз бардык медайымдарды кесиптик майрамы","관리자","2023-02-09","240"
"ky","news","news_kg","17","15","Кореянын басмалары","BK – LUPIC долбоорунан баарыңыздарга салам!","관리자","2023-02-09","239"
"ky","news","news_kg","16","14","Кулактандыруу","[Кулактандыруу] Кыргыз Республикасында мээрмандык(медайымдардын) билим беруу саясатын жакшыртуу боюнча изилдөөнун сурамжылоосуна катышууга чакырабыз","관리자","2023-02-09","154"
"ky","news","news_kg","15","13","Кулактандыруу","[Кулактандыруу] СпасибоМедсестрам","관리자","2023-02-09","175"
"ky","news","news_kg","14","12","Кулактандыруу","[Кулактандыруу] Ден соолук жумалыгы","관리자","2023-02-09","156"
"ky","news","news_kg","13","11","Кулактандыруу","[Кулактандыруу] Ден соолук сынагын утурлай фотосурөт жана текст сынагы","관리자","2023-02-09","180"
"ky","news","news_kg","12","10","Кулактандыруу","[Кулактандыруу] Ак-Ордо & Ак-Өргө жаңы конушундагы ата-энелердин арасында макала жазуу сынагы","관리자","2023-02-09","199"
"ky","news","news_kg","11","9","Кулактандыруу","[Кулактандыруу] Международная конференция 2019: Здоровье детей и сестринское образование [2]","관리자","2023-02-09","148"
"ky","news","news_kg","9","8","Кулактандыруу","[Кулактандыруу] Сиздерди жаш балдардын ден соолугун чындоо борборундагы оюн-зоок мектебинин программасына чакырабыз!","관리자","2023-02-09","143"
"ky","news","news_kg","8","7","Кулактандыруу","[Кулактандыруу] Жаш балдардын ден соолугун коргоо борборунда оюн-зоок мектебин уюштуруу ата-энелерди кабыл алуу","관리자","2023-02-09","132"
"ky","news","news_kg","7","6","Кулактандыруу","[Кулактандыруу] Көңул бурунуздар! Балдардын ден соолугун чыңдоо комплексинин аталышына сынак жарыяланат!","관리자","2023-02-09","125"
"ky","news","news_kg","6","5","Кулактандыруу","[Кулактандыруу] 2019-чу жыл бою да биз менен бирге болуп, колдоп бериңиздер!","관리자","2023-02-09","143"
"ky","news","news_kg","5","4","Кулактандыруу","[Кулактандыруу] Международная конференция 2019: Здоровье детей и сестринское образование [1]","관리자","2023-02-09","158"
"ky","news","news_kg","4","3","Кулактандыруу","[Кулактандыруу] «Жаркын Кыргызстан»дын расмий сайты ачылды.","관리자","2023-02-09","145"
"ky","news","news_kg","3","2","Кулактандыруу","[Кулактандыруу] GLP( “Эл аралык саламаттыкты сактоо программасы) алкагында 7","관리자","2023-02-09","163"
"ky","news","news_kg","2","1","Кулактандыруу","[Кулактандыруу] Жаркын Кыргызстан: Кыргызстан, Бишкек шаарынын жаны конуштагы балдардын ден соолугун чындоо (жакшыртуу) долбоорунун жаныдан башталышы","관리자","2023-02-09","149"
"ru","news","news_ru","53","공지","Доска объявлений","[Новости BK-LUPIC] Командировка директора Шин Хенсук в Кыргызстан","관리자","2026-09-04","9"
"ru","news","news_ru","52","공지","Зарубежные издательства","Международный день медицинской сестры — Форум 2026","관리자","2026-06-17","59"
"ru","news","news_ru","51","공지","Доска объявлений","[Открыто для всех желающих] VII МЕЖДУНАРОДНЫЙ ФОРУМ СЕСТРИНСКОГО И АКУШЕРСКОГО ДЕЛА!","관리자","2026-04-21","86"
"ru","news","news_ru","50","공지","Доска объявлений","VII МЕЖДУНАРОДНЫЙ ФОРУМ СЕСТРИНСКОГО И АКУШЕРСКОГО ДЕЛА КООРДИНАЦИОННЫЙ СОВЕТ ГЛАВНЫХ ГОСУДАРСТВЕННЫХ СПЕЦИАЛИСТОВ СТРАН ЦЕНТРАЛЬНОЙ АЗИИ ЕВРОПЕЙСКОГО РЕГИОНА ВОЗ","관리자","2026-04-10","79"
"ru","news","news_ru","49","공지","Доска объявлений","[Дедлайн подачи тезисов — продлён!] 7-й Международный форум по сестринскому делу – 2026 «Сестринское дело и акушерство без границ: опыт, наука и инновации»","관리자","2026-03-20","118"
"ru","news","news_ru","46","공지","Доска объявлений","Представление проекта Жаркын Кыргызстан","관리자","2025-09-17","183"
"ru","news","news_ru","55","42","Доска объявлений","[Новости BK-LUPIC] Директор Шин Хенсук провела встречу с Управлением медицинского образования и науки Министерства здравоохранения Кыргызской Республики","관리자","2026-09-04","0"
"ru","news","news_ru","54","41","Доска объявлений","Заголовок: [Новости BK-LUPIC] Директор Шин Хенсук посетила Посольство Республики Корея в Кыргызской Республике","관리자","2026-09-04","1"
"ru","news","news_ru","48","40","Доска объявлений","[Открыто для всех желающих] VII МЕЖДУНАРОДНЫЙ ФОРУМ СЕСТРИНСКОГО И АКУШЕРСКОГО ДЕЛА!","관리자","2026-03-04","130"
"ru","news","news_ru","47","39","Доска объявлений","Объявление о приёме тезисов 7-й Международный форум по сестринскому делу – 2026 «Сестринское дело и акушерство без границ: опыт, наука и инновации»","관리자","2026-02-23","88"
"ru","news","news_ru","45","38","Доска объявлений","Факультетский семинар BK-LUPIC, май 2025 года: Инновационное и стратегическое развитие сестринского образования в Кыргызской Республике","관리자","2025-05-26","261"
"ru","news","news_ru","44","37","Доска объявлений","ВЕДЕТСЯ НАБОР ТЕЗИСОВ на постерные (стендовые) доклады (Прием на тезисов продлен!)","관리자","2025-04-10","154"
"ru","news","news_ru","43","36","Доска объявлений","VI Международный форум по сестринскому делу","관리자","2025-04-09","408"
"ru","news","news_ru","42","35","Доска объявлений","ПРИЁМ ТЕЗИСОВ ДЛЯ ПОСТЕРНЫХ ДОКЛАДОВ!","관리자","2025-03-25","189"
"ru","news","news_ru","41","34","Доска объявлений","Программа обучения в Корее (2025.02.10. - 2025.02.14.)","관리자","2025-02-24","146"
"ru","news","news_ru","40","33","Доска объявлений","Кыргызская государственная медицинская академия вручила благодарственное письмо Университету Кёнхи по случаю 85-летия","관리자","2024-09-11","173"
"ru","news","news_ru","39","32","Доска объявлений","Международной конференции по развитию сестринской науки с участием экспертов коллаборационных центров ВОЗ","관리자","2024-07-17","162"
"ru","news","news_ru","38","31","Доска объявлений","Коллаборационные центры, Страновые офисы ВОЗ Европейского региона, КГМА им. И.К. Ахунбаева и проект Жаркын Кыргызстан-LUPIC","관리자","2024-07-17","161"
"ru","news","news_ru","36","30","Доска объявлений","Жаркын Кыргызстан-LUPIC 2024 Программа развития кафедры сестринского дела КГМА им. И.К.Ахунбаева Управление данными и анализ данных","관리자","2024-06-05","180"
"ru","news","news_ru","35","29","Доска объявлений","Международный день медицинских сестер 2024","관리자","2024-05-13","279"
"ru","news","news_ru","34","28","Доска объявлений","5-й Международный форум по сестринскому делу","관리자","2024-05-01","222"
"ru","news","news_ru","33","27","Доска объявлений","ВЕДЕТСЯ НАБОР ТЕЗИСОВ на постерные (стендовые) доклады (Прием на тезисов продлен!)","관리자","2024-04-13","223"
"ru","news","news_ru","32","26","Доска объявлений","ВЕДЕТСЯ НАБОР ТЕЗИСОВ на постерные (стендовые) доклады","관리자","2024-03-28","211"
"ru","news","news_ru","31","25","Доска объявлений","[Местные СМИ] Официальное утверждение введения бакалавриата и магистратуры по сестринскому делу и акушерству в Кыргызской Республике","관리자","2023-06-16","1,028"
"ru","news","news_ru","29","24","Доска объявлений","ВЕДЕТСЯ НАБОР ТЕЗИСОВ на постерные (стендовые) доклады (Прием на тезисов продлен!)","관리자","2023-05-30","870"
"ru","news","news_ru","28","23","Доска объявлений","международный форум 'Карьерный рост и лидерство в сестринском деле'","관리자","2023-05-30","301"
"ru","news","news_ru","27","22","Доска объявлений","Международный день медсестёр 2023","관리자","2023-05-12","381"
"ru","news","news_ru","25","21","Доска объявлений","[Доска обьявлений] Пятая Образовательная сессия 'Программа подготовки бакалавров по направлению Сестринское дело '","관리자","2023-03-29","308"
"ru","news","news_ru","24","20","Доска объявлений","[Доска обьявлений] Четвертая Образовательная сессия “Внедрение и планирование эффективной стратегии информационной системы здравоохранения в Кыргызской Республике”","관리자","2023-03-29","314"
"ru","news","news_ru","23","19","Доска объявлений","[Доска обьявлений] Итоги 2022 года жаркын кыргызстан","관리자","2023-02-10","296"
"ru","news","news_ru","22","18","Доска объявлений","[Доска обьявлений] примите участие в опросе медсестёр","관리자","2023-02-10","281"
"ru","news","news_ru","21","17","Доска объявлений","[Доска обьявлений] Сегодня мы хотим поздравить всех медсестер с их профессиональным праздником - Международным днем медсестры.","관리자","2023-02-10","264"
"ru","news","news_ru","20","16","Зарубежные издательства","Проект BK – LUPIC приветствует всех вас!","관리자","2023-02-10","293"
"ru","news","news_ru","19","15","Доска объявлений","[Доска обьявлений] набор респондентор для опроса в исслеловании по улучшению политики сестринского образования в Кыргызской Республике","관리자","2023-02-10","176"
"ru","news","news_ru","18","14","Доска объявлений","[Доска обьявлений] СпасибоМедсестрам","관리자","2023-02-10","203"
"ru","news","news_ru","17","13","Доска объявлений","[Доска обьявлений] Ден соолук жумалыгы","관리자","2023-02-10","170"
"ru","news","news_ru","16","12","Доска объявлений","[Доска обьявлений] Ден соолук сынагын утурлай фотосурөт жана текст сынагы","관리자","2023-02-10","179"
"ru","news","news_ru","15","11","Доска объявлений","[Доска обьявлений] Ак-Ордо & Ак-Өргө жаңы конушундагы ата-энелердин арасында макала жазуу сынагы","관리자","2023-02-10","112"
"ru","news","news_ru","14","10","Доска объявлений","[Доска обьявлений] Международная конференция 2019: Здоровье детей и сестринское образование","관리자","2023-02-10","144"
"ru","news","news_ru","13","9","Доска объявлений","[Доска обьявлений] Сиздерди жаш балдардын ден соолугун чындоо борборундагы оюн-зоок мектебинин программасына чакырабыз!","관리자","2023-02-10","104"
"ru","news","news_ru","12","8","Доска объявлений","[Доска обьявлений] Жаш балдардын ден соолугун коргоо борборунда оюн-зоок мектебин уюштуруу ата-энелерди кабыл алуу","관리자","2023-02-10","138"
"ru","news","news_ru","11","7","Доска объявлений","[Доска обьявлений] Көңул бурунуздар! Балдардын ден соолугун чыңдоо комплексинин аталышына сынак жарыяланат!","관리자","2023-02-10","106"
"ru","news","news_ru","10","6","Доска объявлений","[Доска обьявлений] Будьте с нами и в 2019 году!","관리자","2023-02-10","101"
"ru","news","news_ru","9","5","Доска объявлений","[Доска обьявлений] Международная конференция 2019: Здоровье детей и сестринское образование","관리자","2023-02-10","103"
"ru","news","news_ru","8","4","Доска объявлений","[Доска обьявлений] Объявление о приеме аннотаций на международную конференцию 2019","관리자","2023-02-10","124"
"ru","news","news_ru","7","3","Доска объявлений","[Доска обьявлений] Официальный сайт «Жаркын Кыргызстан» открыт.","관리자","2023-02-10","296"
"ru","news","news_ru","5","2","Доска объявлений","[Доска обьявлений] GLP( “Эл аралык саламаттыкты сактоо программасы) алкагында 7","관리자","2023-02-10","189"
"ru","news","news_ru","4","1","Доска объявлений","[Доска обьявлений] Жаркын Кыргызстан: Кыргызстан, Бишкек шаарынын жаны конуштагы балдардын ден соолугун чындоо (жакшыртуу) долбоорунун жаныдан башталышы.","관리자","2023-02-10","138"
"ko","social","social","212","공지","LUPIC","키르기즈 공화국에서 제7회 국제간호포럼 개최","관리자","2026-06-17","111"
"ko","social","social","211","178","LUPIC","경희대 BK-LUPIC, 키르기즈공화국서‘제6회 국제간호포럼’성료","관리자","2025-05-26","331"
"ko","social","social","210","177","LUPIC","2024 BK-LUPIC July Report","관리자","2024-07-25","298"
"ko","social","social","209","176","LUPIC","BK-LUPIC 2024년 5월 국외 출장 보고(2024년 5월 5일~2024년 5월 13일)","관리자","2024-07-24","331"
"ko","social","social","208","175","LUPIC","BK-LUPIC Seminar with Multi-stakeholder Nursing Education Reform: Multi-Level System of Education","관리자","2024-07-17","417"
"ko","social","social","207","174","LUPIC","BK-LUPIC July 2024 Faculty Development Workshop Go for the High! :Leadership, Research, Clinical Teaching Capacity Building","관리자","2024-07-17","272"
"ko","social","social","206","173","LUPIC","제 5회 International Nursing Forum","관리자","2024-05-28","400"
"ko","social","social","204","172","LUPIC","신현숙 교수(BK-LUPIC 단장), KSMA 훈장 수훈","관리자","2024-03-28","1,253"
"ko","social","social","203","171","LUPIC","(January 25th, 2024) Faculty Development Workshop #2 with Faculty members: Nursing Teaching and Learning Methods and Enhancement of Research Skills","관리자","2024-01-26","1,072"
"ko","social","social","202","170","LUPIC","(January 24th, 2024) Faculty Development Workshop #1 with Faculty members for Nursing Bachelor's Program: Development of Curriculum(textbooks) and Establishment of Evaluation Criteria for Clinical Nursing Skills and Development of Training Videos","관리자","2024-01-25","780"
"ko","social","social","201","169","LUPIC","(November 24, 2023) Meeting with the President of Nurse Association of the Kyrgyz Republic","관리자","2023-11-30","978"
"ko","social","social","200","168","LUPIC","(November 24, 2023) Workshop and Working Group Meeting: Healthcare National/Sectoral Qualification fr amework Development","관리자","2023-11-30","811"
"ko","social","social","199","167","LUPIC","(November 23, 2023) Faculty Development Workshop #2 with Faculty members Responsible for Nursing Education - Presenting the Plan of Modules and Courses for the BSN Program and Developing Strategies for Improved Nursing Education","관리자","2023-11-30","796"
"ko","social","social","198","166","LUPIC","(November 23, 2023) Meeting with the Head of Department of Healthcare Education and Science, Ministry of Health.","관리자","2023-11-30","659"
"ko","social","social","197","165","LUPIC","(November 22, 2023) Faculty Development Workshop #1 with Faculty members Responsible for Nursing Education - Presenting the Plan of Modules and Courses for the BSN Program and Developing Strategies for Improved Nursing Education","관리자","2023-11-30","659"
"ko","social","social","196","164","LUPIC","(November 22, 2023) Meeting with Dean (Faculty of Bioengineering and Nursing) for discussing strategies for student supports","관리자","2023-11-30","593"
"ko","social","social","195","163","LUPIC","(November 21, 2023) Team working #4 of Faculty Development Workshop - Planning Modules and Courses for the BSN program","관리자","2023-11-30","597"
"ko","social","social","194","162","LUPIC","(November 21, 2023) Team working #3 of Faculty Development Workshop - Planning Modules and Courses for the BSN program","관리자","2023-11-23","540"
"ko","social","social","193","161","LUPIC","2024 November Faculty workshop: 간호학과 교육환경개선 및 보건정보의료원(미디어랩) 회의","관리자","2023-11-23","450"
"ko","social","social","192","160","LUPIC","(November 21, 2023) Team working #2 of Faculty Development Workshop - Planning Modules and Courses for the BSN program","관리자","2023-11-23","248"
"ko","social","social","191","159","LUPIC","11월 M&E: KSMA 부총장 및 working group 관계자 간호학 석사과정 개발 착수 회의","관리자","2023-11-23","174"
"ko","social","social","190","158","LUPIC","(November 20, 2023) The first day of team working of Faculty Development Workshop - Planning Modules and Courses for the BSN program","관리자","2023-11-23","202"
"ko","social","social","189","157","LUPIC","KSMA 4년제 학사과정 신입생 환영의 밤","관리자","2023-11-23","234"
"ko","social","social","188","156","LUPIC","11월 M&E: 간호학과 신축 건물 공사현장 답사","관리자","2023-11-23","166"
"ko","social","social","187","155","LUPIC","11월 M&E: 이해관계자 면담 (E-Health Center 센터장 Beksultanov Chingiz, Business analyst Tsoi Irsen)","관리자","2023-11-23","172"
"ko","social","social","186","154","LUPIC","11월 M&E: 이해관계기관 방문 (국립감염병원)","관리자","2023-11-23","177"
"ko","social","social","185","153","LUPIC","11월 M&E: 키르기즈 공화국 보건부 산하 EHealth Center 보건정보시스템 교육자 및 상급병원(FMC) 5, 7 보건의료인 면담(FGI)","관리자","2023-11-23","178"
"ko","social","social","184","152","LUPIC","2023 October Faculty Development Workshop 이 운영되었습니다!","관리자","2023-10-11","289"
"ko","social","social","183","151","LUPIC","키르기즈 공화국 간호 학사 학위 과정 신입생 입학 설명회","관리자","2023-09-21","282"
"ko","social","social","182","150","LUPIC","Sigma Theta Tau International Headquarter 미팅","관리자","2023-08-22","255"
"ko","social","social","181","149","LUPIC","연구역량 강화를 위한 July 2023 Faculty Development Workshop 운영!","관리자","2023-08-22","304"
"ko","social","social","179","148","LUPIC","키르기즈 공화국 WHO 사무소 미팅","관리자","2023-07-31","267"
"ko","social","social","178","147","LUPIC","I. K. Akhunbaev KSMA BK-LUPIC 대표단 미팅","관리자","2023-07-31","300"
"ko","social","social","177","146","LUPIC","E-Health Center 미팅","관리자","2023-07-31","342"
"ko","social","social","176","145","LUPIC","키르기즈 공화국 교육부 미팅","관리자","2023-07-31","264"
"ko","social","social","175","144","LUPIC","키르기즈 간호협회 미팅","관리자","2023-07-31","344"
"ko","social","social","174","143","LUPIC","Faculty development workshop DAY 3","관리자","2023-07-28","385"
"ko","social","social","173","142","LUPIC","Faculty development workshop DAY 2","관리자","2023-07-28","284"
"ko","social","social","172","141","LUPIC","제 4회 International Nursing Forum","관리자","2023-06-30","313"
"ko","social","social","171","140","LUPIC","키르기즈 국립 의과대학 총장단 미팅","관리자","2023-06-27","341"
"ko","social","social","170","139","LUPIC","오늘 Faculty development workshop 과 함께 여름 집중활동이 시작되었습니다!","관리자","2023-06-27","312"
"ko","social","social","168","138","LUPIC","Bright Kyrgyzstan – LUPIC 전문가 워크숍이 수행되었습니다!","관리자","2023-06-07","356"
"ko","social","social","167","137","LUPIC","신 교육과정 세부교과운영계획 수립을 위한 한국과 키르기즈 국립의과대학(KSMA) 간호학과 교수간의 협력 팀활동을 진행하였습니다.","관리자","2023-06-07","234"
"ko","social","social","166","136","LUPIC","키르기즈 공화국 간호학과 조산학의 학사 및 대학원 프로그램 도입이 공식 승인되었습니다.","관리자","2023-06-07","280"
"ko","social","social","165","135","Child Health","[Research Article] Understanding community health workers’ activities in a community-ba sed child health promotion project in Kyrgyzstan","관리자","2023-05-16","379"
"ko","social","social","164","134","LUPIC","제 5회 Educational session “키르기즈 공화국 간호학 학사 과정과 간호 직무 표준” 개최","관리자","2023-04-03","359"
"ko","social","social","162","133","LUPIC","제4회 Educational session '키르기즈 공화국의 보건정보시스템 체계화를 위한 효과적인 전략 도출 및 적용 방안' 개최","관리자","2023-03-28","387"
"ko","social","social","159","132","GES","[Report] Advancement of nursing education in the Kyrgyz Republic: Policy Suggestion","관리자","2023-02-13","1,074"
"ko","social","social","158","131","GES","[Conference Presentation] Needs assessment for nursing professional development in Kyrgyz Republic: A global collaborative work","관리자","2023-02-13","1,249"
"ko","social","social","157","130","GES","[Conference Presentation] Strategic planning for nursing policy improvement in Kyrgyz Republic: A delphi, global collaborative study","관리자","2023-02-13","993"
"ko","social","social","156","129","Child Health","[Research Article] Prevalence of Iodine deficiency among school children from New Settlement in Kyrgyzstan","관리자","2023-02-13","705"
"ko","social","social","154","128","Child Health","[Researdh Article] Exploring the unmet needs for creating an enabling environment for nurturing care to promote migrant child health in Bishkek, Kyrgyzstan: A theory-guided community-ba sed participatory action research","관리자","2023-02-13","445"
"ko","social","social","153","127","Child Health","[Research Article] Development and usability of a hands-on assessment tool for child health: The HATCH","관리자","2023-02-13","460"
"ko","social","social","152","126","Child Health","[Research Article] Community health needs assessment for a child health promotion program in Kyrgyzstan","관리자","2023-02-13","848"
"ko","social","social","151","125","Child Health","[Research Article] Development of a play toolkit for supporting infant and toddler development in Kyrgyzstan with a focus on the symbolic functioning and fine motor development of infants 6 to 36 months old","관리자","2023-02-13","826"
"ko","social","social","150","124","Child Health","[Research Article] Evaluation of a community-ba sed child (infants and toddlers) health promotion pilot project in a migrant village in Kyrgyzstan","관리자","2023-02-13","763"
"ko","social","social","149","123","Child Health","[Conference Presentation] Quality of parent-child interactions in migrant community","관리자","2023-02-13","590"
"ko","social","social","148","122","GES","키르기즈 공화국 간호교육 정책개선안 제안 (개선전략도출 및 제안편)","관리자","2023-02-10","397"
"ko","social","social","147","121","GES","키르기즈 공화국 간호교육 정책개선안 제안(요구도 조사편)","관리자","2023-02-10","323"
"ko","social","social","146","120","GES","키르기즈 공화국 간호교육 정책개선 전문가 공청회 개최","관리자","2023-02-10","320"
"ko","social","social","145","119","GES","Congress of Nurses and Midwives","관리자","2023-02-10","377"
"ko","social","social","144","118","Child Health","악오르고 펠트북 클래스","관리자","2023-02-10","332"
"ko","social","social","143","117","Child Health","간호사-CHW(부모리더) 연계보고회","관리자","2023-02-10","368"
"ko","social","social","142","116","Child Health","아동건강증진서비스 모니터링","관리자","2023-02-10","248"
"ko","social","social","141","115","Child Health","2019 사업 종료 보고회","관리자","2023-02-10","183"
"ko","social","social","140","114","Child Health","자문위원회 워크숍","관리자","2023-02-10","161"
"ko","social","social","139","113","Child Health","2019 Health Contest","관리자","2023-02-10","144"
"ko","social","social","138","112","Child Health","보건의료인 및 CHW(부모리더) 대상 아동의 발달&양육 교육","관리자","2023-02-10","170"
"ko","social","social","137","111","Child Health","'좋은 부모 그리고 양육' 영화 감상의 날","관리자","2023-02-10","170"
"ko","social","social","136","110","Child Health","'좋은 부모 그리고 양육' 영화 감상의 날","관리자","2023-02-10","159"
"ko","social","social","135","109","Child Health","'좋은 부모 그리고 양육' 영화 감상의 날","관리자","2023-02-10","166"
"ko","social","social","134","108","Child Health","보건의료인 역량강화 교육","관리자","2023-02-10","152"
"ko","social","social","133","107","Child Health","2019 GLP(국제 보건 리더십 프로그램) 평가보고회","관리자","2023-02-10","158"
"ko","social","social","132","106","Child Health","유니세프 키르기즈스탄 면담","관리자","2023-02-10","170"
"ko","social","social","131","105","Child Health","2019 GLP(국제 보건 리더십 프로그램) 유니세프 키르기즈스탄 방문","관리자","2023-02-10","169"
"ko","social","social","130","104","Child Health","악오르고 '병아리 놀이학교' 수업","관리자","2023-02-10","174"
"ko","social","social","129","103","Child Health","악오르도 '병아리 놀이학교' 수업","관리자","2023-02-10","181"
"ko","social","social","128","102","Child Health","2019 악오르고 및 악오르고 보건소 Health Fair","관리자","2023-02-10","203"
"ko","social","social","127","101","Child Health","2019 GLP(국제 보건 리더십 프로그램) 문화교류의 날","관리자","2023-02-10","205"
"ko","social","social","126","100","Child Health","2019 사업 중간보고회 및 자문위원회 모임","관리자","2023-02-10","184"
"ko","social","social","125","99","GES","KSMA 간호학과 교수 역량강화 워크숍","관리자","2023-02-10","312"
"ko","social","social","124","98","Child Health","2019 모니터링 및 평가 전문가와 이해관계자 면담","관리자","2023-02-10","216"
"ko","social","social","123","97","Child Health","2019 국제 컨퍼런스 '아동건강과 간호교육' 컨퍼런스 개최","관리자","2023-02-10","186"
"ko","social","social","122","96","Child Health","키르기즈스탄 보건부 산하 건강증진센터 면담","관리자","2023-02-10","193"
"ko","social","social","121","95","Child Health","키르기즈스탄 보건부 면담","관리자","2023-02-10","209"
"ko","social","social","120","94","GES","KSMA 간호학과 교수 역량강화 워크숍","관리자","2023-02-10","322"
"ko","social","social","119","93","Child Health","2019 GLP(국제 보건 리더십 프로그램) 여름 활동 및 BK 사업팀 이해관계자 면담","관리자","2023-02-10","214"
"ko","social","social","118","92","Child Health","2019 GLP(국제 보건 리더십 프로그램)과 모니터링 및 평가 전문가 여름 출장","관리자","2023-02-10","182"
"ko","social","social","117","91","Child Health","2019 모니터링 및 평가 전문가 사전 준비 워크숍 및 GLP(국제보건 리더십 프로그램)여름 활동 발대식","관리자","2023-02-10","184"
"ko","social","social","116","90","Child Health","키르기즈스탄의 어린이날","관리자","2023-02-10","174"
"ko","social","social","115","89","GES","스위스개발협력청 산하 MER(의학교육혁신)프로젝트 팀 면담","관리자","2023-02-10","327"
"ko","social","social","114","88","Child Health","간호사-CHW(부모리더) 연계보고회 및 실행위원회 모임","관리자","2023-02-10","179"
"ko","social","social","113","87","GES","KSMA 간호학과 역량강화를 위한 워크숍","관리자","2023-02-10","176"
"ko","social","social","112","86","Child Health","주요 이해관계자 면담","관리자","2023-02-10","174"
"ko","social","social","111","85","Child Health","CHW(부모리더) 대상 병아리 놀이학교 프로그램 교육","관리자","2023-02-10","223"
"ko","social","social","110","84","Child Health","악오르도 '병아리 놀이학교' 시작","관리자","2023-02-10","165"
"ko","social","social","109","83","Child Health","악오르고 '병아리 놀이학교' 시작","관리자","2023-02-10","144"
"ko","social","social","108","82","Child Health","악오르도 건강증진센터 도서관 운영 시작","관리자","2023-02-10","155"
"ko","social","social","107","81","Child Health","세계 여성의 날 행사 (악오르도 보건소)","관리자","2023-02-10","156"
"ko","social","social","106","80","Child Health","세계 여성의 날 행사 (악오르고 보건소)","관리자","2023-02-10","157"
"ko","social","social","105","79","Child Health","2019 사업보고회 및 자문위원회 워크숍","관리자","2023-02-10","158"
"ko","social","social","104","78","Child Health","실행위원회 정기모임","관리자","2023-02-10","156"
"ko","social","social","103","77","Child Health","악오르고 및 악오르고 보건소 CHW 모임","관리자","2023-02-10","153"
"ko","social","social","102","76","Child Health","KSMA 간호학과 교수 연구역량강화 워크숍","관리자","2023-02-10","139"
"ko","social","social","101","75","Child Health","12번 병원 면담","관리자","2023-02-10","163"
"ko","social","social","100","74","Child Health","키르기즈스탄 보건부 산하 건강증진센터 면담","관리자","2023-02-10","162"
"ko","social","social","99","73","Child Health","유니세프 키르기즈스탄 면담","관리자","2023-02-10","158"
"ko","social","social","98","72","Child Health","2019 모니터링 및 평가 전문가 사전 모임","관리자","2023-02-10","145"
"ko","social","social","97","71","Child Health","악오르고 및 악오르도 보건소 CHW 펠트북 제작","관리자","2023-02-10","174"
"ko","social","social","96","70","Child Health","악오르도 보건소 아동부모대상 '좋은 부모란 무엇인가' 양육 교육","관리자","2023-02-10","148"
"ko","social","social","95","69","Child Health","'좋은 부모 그리고 양육' 영화 감상의 날","관리자","2023-02-10","152"
"ko","social","social","94","68","Child Health","KSMA 지역 사회 간호 실습 교육","관리자","2023-02-10","144"
"ko","social","social","93","67","Child Health","악오르고 지역 CHW 펠트북 제작","관리자","2023-02-10","175"
"ko","social","social","92","66","Child Health","2018 Health Contest: 건강 주제 그림 그리기 및 수기 공모 시상식","관리자","2023-02-10","172"
"ko","social","social","91","65","Child Health","악오르고&악오르도 지역 가족걷기 대회","관리자","2023-02-10","139"
"ko","social","social","90","64","Child Health","헬스컨테스트 및 가족걷기 대회 행사 준비","관리자","2023-02-10","176"
"ko","social","social","89","63","Child Health","2018 Health week: 가족걷기대회와 헬스컨테스트 개최","관리자","2023-02-10","143"
"ko","social","social","88","62","Child Health","악오르도 CHW(부모리더) 첫 펠트북 제작!","관리자","2023-02-10","194"
"ko","social","social","87","61","Child Health","악오르고 보건소 아동부모대상 '빈혈과 영양' 교육","관리자","2023-02-10","133"
"ko","social","social","86","60","Child Health","보건의료인 역량강화 교육","관리자","2023-02-10","144"
"ko","social","social","85","59","Child Health","BK 사업팀 프로젝트 임승주 교수 파견","관리자","2023-02-10","136"
"ko","social","social","84","58","Child Health","2018 여름활동 다섯째날","관리자","2023-02-10","142"
"ko","social","social","83","57","Child Health","2018 여름활동 넷째날","관리자","2023-02-10","112"
"ko","social","social","82","56","Child Health","2018 여름활동 셋째날","관리자","2023-02-10","122"
"ko","social","social","81","55","Child Health","2018 여름활동 둘째 날","관리자","2023-02-10","135"
"ko","social","social","80","54","Child Health","2018 여름 활동 첫날","관리자","2023-02-10","134"
"ko","social","social","79","53","Child Health","2018 여름 활동 시작!","관리자","2023-02-10","150"
"ko","social","social","78","52","Child Health","악오르도 보건소 아동부모대상 피부병 교육","관리자","2023-02-10","156"
"ko","social","social","77","51","Child Health","2018 국제 컨퍼런스 '아동 건강 및 간호 교육' 개최","관리자","2023-02-10","121"
"ko","social","social","76","50","Child Health","악오르도 및 악오르고 보건소 의료인 역량강화 교육","관리자","2023-02-10","138"
"ko","social","social","75","49","Child Health","전문가 워크숍","관리자","2023-02-10","140"
"ko","social","social","74","48","Child Health","키르기즈스탄 어린이날 행사","관리자","2023-02-10","123"
"ko","social","social","73","47","Child Health","KSMA & 12번(상급병원) 실습 간담회 개최","관리자","2023-02-10","126"
"ko","social","social","72","46","Child Health","실행위원회 모임","관리자","2023-02-10","128"
"ko","social","social","71","45","Child Health","악오르도 보건소 CHW(부모리더)","관리자","2023-02-09","206"
"ko","social","social","70","44","Child Health","악오르고 보건소 CHW(부모리더)","관리자","2023-02-09","145"
"ko","social","social","69","43","Child Health","Health Scout 77학교 활동 모습","관리자","2023-02-09","231"
"ko","social","social","68","42","Child Health","악오르도 및 악오르고 보건소 보건의료인 모니터링 회의","관리자","2023-02-09","196"
"ko","social","social","67","41","Child Health","CHW(부모리더) 대상 영유아 영양 및 빈혈 관리 교육","관리자","2023-02-09","164"
"ko","social","social","66","40","Child Health","키르기즈스탄 모국어의 날 행사","관리자","2023-02-09","137"
"ko","social","social","65","39","Child Health","보건의료인 및 CHW(부모리더) 대상 아동 영양 교육","관리자","2023-02-09","154"
"ko","social","social","64","38","Child Health","2차년(2018) 사업 설명회 및 1차년(2017) 보고회","관리자","2023-02-09","182"
"ko","social","social","63","37","Child Health","악오르도 보건소 아동건강증진센터 개소식","관리자","2023-02-09","176"
"ko","social","social","62","36","Child Health","KSMA 공동연구 세미나 및 교수 연구역량강화 워크숍과 2차년 사업 시작","관리자","2023-02-09","170"
"ko","social","social","61","35","Child Health","유니세프 키르기즈스탄 면담","관리자","2023-02-09","166"
"ko","social","social","60","34","Child Health","실행위원회-CHW(부모리더) 정기모임","관리자","2023-02-09","184"
"ko","social","social","59","33","Child Health","악오르고 보건소 면담","관리자","2023-02-09","228"
"ko","social","social","58","32","Child Health","악오르도 보건소 면담 및 아동건강증진센터 공사 점검","관리자","2023-02-09","188"
"ko","social","social","57","31","Child Health","77학교 학교장 면담","관리자","2023-02-09","183"
"ko","social","social","56","30","Child Health","KSMA 공동연구 세미나 개최","관리자","2023-02-09","141"
"ko","social","social","55","29","Child Health","자문위원회 모임","관리자","2023-02-09","183"
"ko","social","social","54","28","Child Health","CHW(부모리더) 정기모임","관리자","2023-02-09","144"
"ko","social","social","53","27","Child Health","1차년(2017) 사업 경과 보고 및 2차년(2018) 사업 설명 전문가 워크숍 개최","관리자","2023-02-09","176"
"ko","social","social","52","26","Child Health","2017 Health Contest: 건강 그림 그리기 및 수기 공모 시상식","관리자","2023-02-09","213"
"ko","social","social","51","25","Child Health","2017 Health Contest: 건강 그림그리기 대회 및 수기 공모","관리자","2023-02-09","141"
"ko","social","social","50","24","Child Health","실행위원회-CHW(부모리더) 정기모임","관리자","2023-02-09","208"
"ko","social","social","49","23","Child Health","보건의료인 역량강화 교육","관리자","2023-02-09","187"
"ko","social","social","48","22","Child Health","악오르도 보건소 아동건강검진서비스 모니터링 회의","관리자","2023-02-09","202"
"ko","social","social","47","21","Child Health","실행위원회 정기모임","관리자","2023-02-09","3,916"
"ko","social","social","46","20","Child Health","CHW(부모리더) 정기모임","관리자","2023-02-09","234"
"ko","social","social","45","19","Child Health","2017 GLP(국제보건 리더십 프로그램) 7기","관리자","2023-02-09","237"
"ko","social","social","44","18","Child Health","실행위원회 정기모임","관리자","2023-02-09","168"
"ko","social","social","43","17","Child Health","간호사-CHW(부모리더) 연계보고회","관리자","2023-02-09","173"
"ko","social","social","42","16","Child Health","CHW(부모리더) 정기모임","관리자","2023-02-09","160"
"ko","social","social","41","15","Child Health","KSMA 간호학술 워크숍","관리자","2023-02-09","144"
"ko","social","social","40","14","Child Health","1차년(2017) 사업중간보고회","관리자","2023-02-09","131"
"ko","social","social","39","13","Child Health","자문위원회 워크숍","관리자","2023-02-09","136"
"ko","social","social","38","12","Child Health","1차년(2017) 모니터링 및 평가 사전준비 전문가 워크숍","관리자","2023-02-09","144"
"ko","social","social","37","11","Child Health","1차년(2017) 악오르고 보건소 아동건강검진서비스 개시","관리자","2023-02-09","136"
"ko","social","social","36","10","Child Health","1차년(2017) 악오르도 보건소 아동건강검진서비스 개시","관리자","2023-02-09","267"
"ko","social","social","35","9","Child Health","보건의료인 역량강화 교육","관리자","2023-02-09","180"
"ko","social","social","34","8","Child Health","악오르도, 악오르고 CHW(부모리더) 모임","관리자","2023-02-09","180"
"ko","social","social","33","7","Child Health","악오르도 보건소 보건의료인 역량강화 교육","관리자","2023-02-09","233"
"ko","social","social","32","6","Child Health","실행위원회 모임","관리자","2023-02-09","246"
"ko","social","social","31","5","Child Health","악오르고 보건소 보건의료인 아동건강검진 교육","관리자","2023-02-09","190"
"ko","social","social","30","4","Child Health","실행위원회(보건의료인 및 CHW) 사업설명회","관리자","2023-02-09","181"
"ko","social","social","29","3","Child Health","비슈케크 간호대학 방문 및 면담","관리자","2023-02-09","226"
"ko","social","social","28","2","Child Health","비슈케크 보건청 면담","관리자","2023-02-09","238"
"ko","social","social","27","1","Child Health","2017 사업설명회 및 워크숍","관리자","2023-02-09","199"
"en","social","social_en","101","93","LUPIC","2024 BK-LUPIC July Report","관리자","2024-07-25","202"
"en","social","social_en","100","92","LUPIC","Report on Overseas Business Trip to BK-LUPIC, May 2024 (May 5, 2024 - May 13, 2024)","관리자","2024-07-24","625"
"en","social","social_en","99","91","LUPIC","BK-LUPIC Seminar with Multi-stakeholder Nursing Education Reform: Multi-Level System of Education","관리자","2024-07-17","225"
"en","social","social_en","98","90","LUPIC","BK-LUPIC July 2024 Faculty Development Workshop Go for the High! :Leadership, Research, Clinical Teaching Capacity Building","관리자","2024-07-17","286"
"en","social","social_en","97","89","LUPIC","5th International Nursing Forum","관리자","2024-05-28","1,007"
"en","social","social_en","96","88","LUPIC","(January 30, 2024) Meeting to Initiate the Expansion of the Bachelor of Nursing Program in the Kyrgyz Republic","관리자","2024-05-01","556"
"en","social","social_en","95","87","LUPIC","Professor Hyunsook Shin (Principal Investigator of BK-LUPIC) Awarded with I.K. Akhunbaev KSMA Memorable Medal","관리자","2024-03-28","599"
"en","social","social_en","94","86","LUPIC","(January 25th, 2024) Faculty Development Workshop #2 with Faculty members: Nursing Teaching and Learning Methods and Enhancement of Research Skills","관리자","2024-01-26","1,234"
"en","social","social_en","93","85","LUPIC","(January 24th, 2024) Faculty Development Workshop #1 with Faculty members for Nursing Bachelor's Program: 1) Development of Curriculum (Textbooks) 2) Establishment of Evaluation Criteria for Clinical Nursing Skills and Development of Training Videos","관리자","2024-01-25","635"
"en","social","social_en","92","84","LUPIC","(November 24, 2023) Meeting with the President of Nurse Association of the Kyrgyz Republic","관리자","2023-11-30","612"
"en","social","social_en","91","83","LUPIC","(November 24, 2023) Workshop and Working Group Meeting: Healthcare National/Sectoral Qualification fr amework Development","관리자","2023-11-30","471"
"en","social","social_en","90","82","LUPIC","(November 23, 2023) Faculty Development Workshop #2 with Faculty members Responsible for Nursing Education - Presenting the Plan of Modules and Courses for the BSN Program and Developing Strategies for Improved Nursing Education","관리자","2023-11-30","495"
"en","social","social_en","89","81","LUPIC","(November 23, 2023) Meeting with the Head of Department of Healthcare Education and Science, Ministry of Health.","관리자","2023-11-30","668"
"en","social","social_en","88","80","LUPIC","(November 22, 2023) Faculty Development Workshop #1 with Faculty members Responsible for Nursing Education - Presenting the Plan of Modules and Courses for the BSN Program and Developing Strategies for Improved Nursing Education","관리자","2023-11-30","350"
"en","social","social_en","87","79","LUPIC","(November 22, 2023) Meeting with Dean (Faculty of Bioengineering and Nursing) for discussing strategies for student supports","관리자","2023-11-30","320"
"en","social","social_en","86","78","LUPIC","(November 21, 2023) Team working #4 of Faculty Development Workshop - Planning Modules and Courses for the BSN program","관리자","2023-11-30","439"
"en","social","social_en","85","77","LUPIC","(November 21, 2023) Team working #3 of Faculty Development Workshop - Planning Modules and Courses for the BSN program","관리자","2023-11-23","346"
"en","social","social_en","84","76","LUPIC","(November 21, 2023) Faculty Development Workshop with Faculty members of Department of Nursing - Strategic Planning for Enhancing Infrastructure for Nursing Education and Healthcare Informatics Competencies.","관리자","2023-11-23","178"
"en","social","social_en","83","75","LUPIC","(November 21, 2023) Team working #2 of Faculty Development Workshop - Planning Modules and Courses for the BSN program","관리자","2023-11-23","189"
"en","social","social_en","82","74","LUPIC","(November 20, 2023) Meeting with the Vice rector and Working Group members of MSN Program (MSN: Master’s degree in Nursing)","관리자","2023-11-23","472"
"en","social","social_en","81","73","LUPIC","(November 20, 2023) The first day of team working of Faculty Development Workshop - Planning Modules and Courses for the BSN program","관리자","2023-11-23","186"
"en","social","social_en","80","72","LUPIC","(November 20, 2023) Welcoming Day of our future Nurses - Celebrating the opening of the first BSN program in the Kyrgyz Republic","관리자","2023-11-23","141"
"en","social","social_en","79","71","LUPIC","(November 20, 2023) Visiting the Construction Site of the New Building for the Department of Nursing of I. K. Akhunbaev KSMA.","관리자","2023-11-23","375"
"en","social","social_en","78","70","LUPIC","(November 19, 2023) Meeting with the Director and Business analysis of the eHealth Center under the Ministry of Health. - Collaboration for National Healthcare Information System","관리자","2023-11-23","250"
"en","social","social_en","77","69","LUPIC","(November 18, 2023) Visiting the 'Republican Hospital of Infectious Disease' and Meeting with the Head Physician and Deputy Chief of Nursing","관리자","2023-11-23","450"
"en","social","social_en","76","68","LUPIC","November M&E: Kyrgyz Republic Ministry of Health affiliated EHealth Center, Educator for Health Information System, and Health Care Provider Meetings (FGI) at FMC 5 and 7","관리자","2023-11-23","187"
"en","social","social_en","75","67","LUPIC","Highlights from the October 2023 Faculty Development Workshop!","관리자","2023-10-11","170"
"en","social","social_en","74","66","LUPIC","The Kyrgyz Republic's very first Bachelor of Nursing degree program has been started!","관리자","2023-09-21","144"
"en","social","social_en","73","65","LUPIC","Meeting with the Headquarter of Sigma Theta Tau International","관리자","2023-08-22","188"
"en","social","social_en","72","64","LUPIC","July 2023 Faculty Development Workshop in Abu Dhabi: Building a Research Capacity!","관리자","2023-08-22","157"
"en","social","social_en","70","63","LUPIC","Meeting with the WHO Office in the Kyrgyz Republic","관리자","2023-08-02","156"
"en","social","social_en","69","62","LUPIC","Meeting with KSMA BK-LUPIC delegation","관리자","2023-08-02","310"
"en","social","social_en","68","61","LUPIC","Meeting with E-Health Center","관리자","2023-08-02","390"
"en","social","social_en","67","60","LUPIC","Meeting with the Ministry of Education of the Kyrgyz Republic","관리자","2023-08-02","272"
"en","social","social_en","66","59","LUPIC","Meeting with the Kyrgyz Nursing Association","관리자","2023-08-02","166"
"en","social","social_en","65","58","LUPIC","Faculty development workshop DAY 3","관리자","2023-07-28","196"
"en","social","social_en","64","57","LUPIC","Faculty development workshop DAY 2","관리자","2023-07-28","168"
"en","social","social_en","63","56","LUPIC","The 4th International Nursing Forum","관리자","2023-06-30","227"
"en","social","social_en","62","55","LUPIC","Meeting with the rector and chancellery of I. K. Akhunbaev KSMA","관리자","2023-06-27","140"
"en","social","social_en","61","54","LUPIC","The Summer intensive activities have begun with an exciting 'Faculty development workshop'!","관리자","2023-06-27","166"
"en","social","social_en","59","53","LUPIC","Successful completion of the Bright Kyrgyzstan - LUPIC Expert Workshop!","관리자","2023-06-07","211"
"en","social","social_en","58","52","LUPIC","Korea-Kyrgyz Expert Team Collaboration for developing course outline of new BSN program in Progress !","관리자","2023-06-07","170"
"en","social","social_en","57","51","LUPIC","Bachelor's and graduate degree programs in nursing and midwifery granted approval at the state cabinet!","관리자","2023-06-07","210"
"en","social","social_en","56","50","LUPIC","The 5th educational session: 'Bachelor's degree program in nursing and Professional Standard of RN'","관리자","2023-04-03","190"
"en","social","social_en","53","49","LUPIC","The 4th Educational session : Implementation and planning an effective strategy for the health information system in the Kyrgyz Republic","관리자","2023-03-28","6,880"
"en","social","social_en","51","48","Child Health","Bright Kyrgyzstan Exhibition","관리자","2023-02-10","269"
"en","social","social_en","50","47","GES","A strategic suggestion for improving nursing education policies in KR","관리자","2023-02-10","311"
"en","social","social_en","49","46","GES","A strategic suggestion for improving nursing education polices in KR","관리자","2023-02-10","295"
"en","social","social_en","47","45","GES","Meeting with the Ministry of Health","관리자","2023-02-10","294"
"en","social","social_en","46","44","GES","Congress of Nurses and Midwives","관리자","2023-02-10","301"
"en","social","social_en","45","43","Child Health","KSMA nursing, Clinical supervisor training","관리자","2023-02-10","278"
"en","social","social_en","44","42","Child Health","Online workshop “Improvement of nursing practicum education in KSMA'","관리자","2023-02-10","294"
"en","social","social_en","43","41","Child Health","Analysis of the practical course of nursing education in KSMA","관리자","2023-02-10","296"
"en","social","social_en","42","40","Child Health","'Chick Playschool '","관리자","2023-02-10","251"
"en","social","social_en","41","39","Child Health","'Play kits' Class","관리자","2023-02-10","269"
"en","social","social_en","40","38","Child Health","'Play kits' class in Ak-Orgo","관리자","2023-02-10","407"
"en","social","social_en","39","37","Child Health","Ak-Orgo and Ak-Ordo Health Promotion Center","관리자","2023-02-10","312"
"en","social","social_en","38","36","Child Health","Chick play school","관리자","2023-02-10","392"
"en","social","social_en","37","35","Child Health","CHW regular meeting","관리자","2023-02-10","244"
"en","social","social_en","36","34","Child Health","Ak-Orgo Child's Health Promotion Center","관리자","2023-02-10","147"
"en","social","social_en","35","33","Child Health","Health Week","관리자","2023-02-10","157"
"en","social","social_en","34","32","Child Health","Ak-Orgo Child Health Promotion Center","관리자","2023-02-10","179"
"en","social","social_en","33","31","Child Health","Bright Kyrgyzstan - UNICEF MoU","관리자","2023-02-10","246"
"en","social","social_en","32","30","Child Health","Chick playschool, Ak-ordo","관리자","2023-02-10","180"
"en","social","social_en","31","29","Child Health","Chick playschool, Ak-orgo","관리자","2023-02-10","133"
"en","social","social_en","30","28","Child Health","Children’s day","관리자","2023-02-10","187"
"en","social","social_en","29","27","Child Health","Encountering #1 hospital, Lenin district","관리자","2023-02-10","176"
"en","social","social_en","28","26","Child Health","Meeting with Swiss cooperation","관리자","2023-02-10","147"
"en","social","social_en","27","25","Child Health","Steering committee monthly meeting","관리자","2023-02-10","185"
"en","social","social_en","26","24","Child Health","Chick play school","관리자","2023-02-10","117"
"en","social","social_en","25","23","Child Health","Faculty workshop for nursing education reform","관리자","2023-02-10","126"
"en","social","social_en","24","22","Child Health","UNICEF-Civil Society Partnership","관리자","2023-02-10","152"
"en","social","social_en","23","21","Child Health","Health promotion center, Kyrgyz State Medical Academy, #96 primary school, and Ak Orgo polyclinic","관리자","2023-02-10","143"
"en","social","social_en","22","20","Child Health","'Chick' playschool training session","관리자","2023-02-10","115"
"en","social","social_en","20","19","Child Health","'Chick' playschool","관리자","2023-02-10","146"
"en","social","social_en","19","18","Child Health","“The Book is the Source of Knowledge”","관리자","2023-02-10","153"
"en","social","social_en","18","17","Child Health","Collaboration with UNICEF","관리자","2023-02-10","110"
"en","social","social_en","17","16","Child Health","Nursing Now","관리자","2023-02-10","117"
"en","social","social_en","16","15","Child Health","Nursing students’ practicum experience","관리자","2023-02-10","162"
"en","social","social_en","15","14","Child Health","Engaging the university for community development","관리자","2023-02-10","144"
"en","social","social_en","14","13","Child Health","Community Health Nursing Practicum","관리자","2023-02-10","135"
"en","social","social_en","13","12","Child Health","Play Kits for Sale","관리자","2023-02-10","217"
"en","social","social_en","12","11","Child Health","'2018 Health Contest with Bright Kyrgyzstan '","관리자","2023-02-10","110"
"en","social","social_en","11","10","Child Health","Family walking day with Bright Kyrgyzstan","관리자","2023-02-10","134"
"en","social","social_en","10","9","Child Health","Students from School #77","관리자","2023-02-10","193"
"en","social","social_en","9","8","Child Health","Health week with Bright Kyrgyzstan","관리자","2023-02-10","166"
"en","social","social_en","8","7","Child Health","Happy Independence Day!","관리자","2023-02-10","152"
"en","social","social_en","7","6","Child Health","2018 Summer program","관리자","2023-02-10","350"
"en","social","social_en","6","5","LUPIC","2018 Bright Kyr. Expert workshop","관리자","2023-02-10","201"
"en","social","social_en","5","4","Child Health","Children’s day in Kyrgyzstan","관리자","2023-02-10","128"
"en","social","social_en","4","3","Child Health","Collaborative research seminar: KHU-KSMA","관리자","2023-02-10","201"
"en","social","social_en","3","2","Child Health","Advisory committee","관리자","2023-02-10","162"
"en","social","social_en","2","1","Child Health","CHW(Parents Leader) Training day","관리자","2023-02-10","207"
"ky","social","social_kg","151","141","LUPIC","BK-LUPIC июльский отчет","관리자","2024-07-25","145"
"ky","social","social_kg","150","140","LUPIC","ИЮЛЬ 2024 Семинар “Жаркын Кыргызстан”-LUPIC РЕФОРМЫ В СЕСТРИНСКОМ ОБРАЗОВАНИИ: многоуровневая система подготовки медсестер","관리자","2024-07-17","150"
"ky","social","social_kg","149","139","LUPIC","Стремление к высотам! : Наращивание потенциала в области лидерства, научных исследований и практического преподавания","관리자","2024-07-17","195"
"ky","social","social_kg","148","138","LUPIC","профессор Хенсук Шин (Жаркын Кыргызстан - LUPIC долбоорунун башкы изилдөөчүсү) И.К. Ахунбаев атындагы Кыргыз мамлекеттик медициналык академиясынын Ардак медалы менен сыйланды.","관리자","2024-03-28","318"
"ky","social","social_kg","147","137","LUPIC","(January 25th, 2024) Faculty Development Workshop #2 with Faculty members: Nursing Teaching and Learning Methods and Enhancement of Research Skills","관리자","2024-01-26","831"
"ky","social","social_kg","146","136","LUPIC","(January 24th, 2024) Faculty Development Workshop #1 with Faculty members for Nursing Bachelor's Program: 1) Development of Curriculum (Textbooks) 2) Establishment of Evaluation Criteria for Clinical Nursing Skills and Development of Training Videos","관리자","2024-01-25","553"
"ky","social","social_kg","144","135","LUPIC","(November 24, 2023) Meeting with the President of Nurse Association of the Kyrgyz Republic","관리자","2023-11-30","486"
"ky","social","social_kg","143","134","LUPIC","(November 24, 2023) Workshop and Working Group Meeting: Healthcare National/Sectoral Qualification fr amework Development","관리자","2023-11-30","314"
"ky","social","social_kg","142","133","LUPIC","(November 23, 2023) Faculty Development Workshop #2 with Faculty members Responsible for Nursing Education - Presenting the Plan of Modules and Courses for the BSN Program and Developing Strategies for Improved Nursing Education","관리자","2023-11-30","308"
"ky","social","social_kg","141","132","LUPIC","(November 23, 2023) Meeting with the Head of Department of Healthcare Education and Science, Ministry of Health.","관리자","2023-11-30","284"
"ky","social","social_kg","140","131","LUPIC","(November 22, 2023) Faculty Development Workshop #1 with Faculty members Responsible for Nursing Education - Presenting the Plan of Modules and Courses for the BSN Program and Developing Strategies for Improved Nursing Education","관리자","2023-11-30","247"
"ky","social","social_kg","139","130","LUPIC","(November 22, 2023) Meeting with Dean (Faculty of Bioengineering and Nursing) for discussing strategies for student supports","관리자","2023-11-30","314"
"ky","social","social_kg","138","129","LUPIC","(November 21, 2023) Team working #4 of Faculty Development Workshop - Planning Modules and Courses for the BSN program","관리자","2023-11-30","228"
"ky","social","social_kg","137","128","LUPIC","(November 21, 2023) Team working #3 of Faculty Development Workshop - Planning Modules and Courses for the BSN program","관리자","2023-11-23","214"
"ky","social","social_kg","136","127","LUPIC","(November 21, 2023) Faculty Development Workshop with Faculty members of Department of Nursing - Strategic Planning for Enhancing Infrastructure for Nursing Education and Healthcare Informatics Competencies.","관리자","2023-11-23","221"
"ky","social","social_kg","135","126","LUPIC","(November 21, 2023) Team working #2 of Faculty Development Workshop - Planning Modules and Courses for the BSN program","관리자","2023-11-23","130"
"ky","social","social_kg","134","125","LUPIC","(November 20, 2023) Meeting with the Vice rector and Working Group members of MSN Program (MSN: Master’s degree in Nursing)","관리자","2023-11-23","125"
"ky","social","social_kg","133","124","LUPIC","(November 20, 2023) The first day of team working of Faculty Development Workshop - Planning Modules and Courses for the BSN program","관리자","2023-11-23","105"
"ky","social","social_kg","132","123","LUPIC","(November 20, 2023) Welcoming Day of our future Nurses - Celebrating the opening of the first BSN program in the Kyrgyz Republic","관리자","2023-11-23","109"
"ky","social","social_kg","131","122","LUPIC","(November 20, 2023) Visiting the Construction Site of the New Building for the Department of Nursing of I. K. Akhunbaev KSMA.","관리자","2023-11-23","89"
"ky","social","social_kg","130","121","LUPIC","(November 19, 2023) Meeting with the Director and Business analysis of the eHealth Center under the Ministry of Health. - Collaboration for National Healthcare Information System","관리자","2023-11-23","88"
"ky","social","social_kg","129","120","LUPIC","(November 18, 2023) Visiting the 'Republican Hospital of Infectious Disease' and Meeting with the Head Physician and Deputy Chief of Nursing","관리자","2023-11-23","106"
"ky","social","social_kg","128","119","LUPIC","November M&E: Kyrgyz Republic Ministry of Health affiliated EHealth Center, Educator for Health Information System, and Health Care Provider Meetings (FGI) at FMC 5 and 7","관리자","2023-11-23","97"
"ky","social","social_kg","127","118","LUPIC","В октябре 2023 года состоялся Семинар по укреплению исследовательских навыков!","관리자","2023-10-13","99"
"ky","social","social_kg","126","117","LUPIC","2023-жылдын сентябрь айынан тарта Кыргыз Республикасында медайымдык билим берүүнүн тарыхында чоң жаңылык!!","관리자","2023-09-21","98"
"ky","social","social_kg","125","116","LUPIC","Встреча с головным офисом Sigma Theta Tau International","관리자","2023-08-22","99"
"ky","social","social_kg","124","115","LUPIC","Июль 2023 года. Семинар по повышению квалификации ППС в Абу-Даби: Развитие исследовательского потенциала!","관리자","2023-08-22","112"
"ky","social","social_kg","123","114","LUPIC","Встреча с представительством регионального офиса ВОЗ в Кыргызской Республике","관리자","2023-08-02","114"
"ky","social","social_kg","122","113","LUPIC","Встреча с членами проекта Жаркын Кыргызстан-LUPIC от КГМА им. И.К Ахунбаева","관리자","2023-08-02","116"
"ky","social","social_kg","121","112","LUPIC","Встреча с Центром Электронного Здравоохранения КР","관리자","2023-08-02","113"
"ky","social","social_kg","120","111","LUPIC","Встреча с Министерством Образования и науки Кыргызской Республики","관리자","2023-08-02","127"
"ky","social","social_kg","119","110","LUPIC","Встреча с Ассоциацией Специалистов Сестринского дела Кыргызской Республики","관리자","2023-08-02","110"
"ky","social","social_kg","118","109","LUPIC","Последний день семинара по повышению квалификации преподавателей","관리자","2023-07-28","114"
"ky","social","social_kg","117","108","LUPIC","Второй день семинара по повышению квалификации преподавателей","관리자","2023-07-28","95"
"ky","social","social_kg","116","107","LUPIC","4-й Международный Форум","관리자","2023-06-30","105"
"ky","social","social_kg","115","106","LUPIC","Встреча с ректоратом КГМА им. И.К Ахунбаева","관리자","2023-06-27","102"
"ky","social","social_kg","114","105","LUPIC","Летние интенсивные занятия начались с увлекательного 'Семинара по повышению потенциала преподавателей'!","관리자","2023-06-27","112"
"ky","social","social_kg","113","104","LUPIC","Успешное завершение воркшопа для экспертов Жаркын Кыргызстан-LUPIC!","관리자","2023-06-07","115"
"ky","social","social_kg","112","103","LUPIC","Продолжается сотрудничество корейско-кыргызской экспертной группы по разработке плана курса новой программы бакалавриата.","관리자","2023-06-07","104"
"ky","social","social_kg","111","102","LUPIC","Министрлер Кабинетинин чечими: «Медайымдар иши» багыты боюнча бакалавриат жана магистратура","관리자","2023-06-07","125"
"ky","social","social_kg","110","101","LUPIC","5-ая Образовательная сессия 'Образовательная программа подготовки бакалавров по направлению Сестринское дело' прошла 29 марта 2023 года","관리자","2023-04-03","108"
"ky","social","social_kg","108","100","LUPIC","Четвертая Образовательная сессия “Внедрение и планирование эффективной стратегии информационной системы здравоохранения в Кыргызской Республике”","관리자","2023-03-28","138"
"ky","social","social_kg","106","99","GES","Мы рады сообщить Вам о завершении проекта 2021г. «Совместное кыргызско-корейское исследование по разработке политики в области сестринского образования в Кыргызской Республике»","관리자","2023-02-14","195"
"ky","social","social_kg","105","98","GES","Вас вновь приветствует проект Жаркын Кыргызстан: Поддержка глобального образования (GES)","관리자","2023-02-14","219"
"ky","social","social_kg","103","97","GES","На прошлой неделе во вторник (7 декабря 2021 г.) мы провели круглый стол на тему «Улучшение политики сестринского образования в КР».","관리자","2023-02-14","218"
"ky","social","social_kg","102","96","GES","Вчера мы приняли участие в V съезде медицинских сестер и акушерок КР, который прошел в Иссык-куле.","관리자","2023-02-14","240"
"ky","social","social_kg","101","95","Коомдук таасир","Вчера, 11 ноября, 2020 состоялся семинар на тему 'Укрепление потенциала практического обучения кафедры сестринского дела КГМА: практическое обучение СД в Республике Корея'.","관리자","2023-02-14","228"
"ky","social","social_kg","100","94","Коомдук таасир","16 июля, 2020г. прошел онлайн семинар 'Анализ практического курса СД в КГМА' по проекту Улучшение практики сестринского образования в КГМА,","관리자","2023-02-14","235"
"ky","social","social_kg","99","93","Коомдук таасир","балапаноюнзоокмектеби","관리자","2023-02-14","237"
"ky","social","social_kg","98","92","Коомдук таасир","Былпылдак классы","관리자","2023-02-14","241"
"ky","social","social_kg","97","91","Коомдук таасир","Ак-Өргө жана Ак-Ордо жаңы конушунда балдардын ден соолугун чыңдоо борборунда быйылкы жыл жемиштүү башталды.","관리자","2023-02-14","231"
"ky","social","social_kg","96","90","Коомдук таасир","Ак-Ордонун кичинекей бөбөктөрү 'Балапан' оюн-зоок мектебине келишип өздөрүнүн кылдарын, тилектерин жазып кыял багына чаптапа кетишти.","관리자","2023-02-14","240"
"ky","social","social_kg","95","89","Коомдук таасир","Ак-Өргө балдардын ден соолугун коргоо борборунда жемиштүү дем алыш","관리자","2023-02-14","234"
"ky","social","social_kg","94","88","Коомдук таасир","Медициналык кароо, ата-энелерге туура тамактануу, тазалык, ден соолуктун маанилүүлүгү тууралуу түшүндүрүү иш-чараларынын адистери.","관리자","2023-02-14","224"
"ky","social","social_kg","93","87","Коомдук таасир","Ден соолук сынагынын алдында макала сынагын жарыялап бир ай ичинде бир нече кызыктуу дил баяндарды ала алдык.","관리자","2023-02-14","250"
"ky","social","social_kg","92","86","Коомдук таасир","Ак-Өргө кино күнү","관리자","2023-02-14","234"
"ky","social","social_kg","91","85","Коомдук таасир","Обучение по укреплению компетентности в сфере здравоохранения","관리자","2023-02-14","125"
"ky","social","social_kg","90","84","Коомдук таасир","Ак-Өргө, 30.08.2019","관리자","2023-02-14","125"
"ky","social","social_kg","89","83","Коомдук таасир","'Балапан' мектеби, Ак-Ордо","관리자","2023-02-14","104"
"ky","social","social_kg","88","82","Коомдук таасир","Ден соолук жарманкеси","관리자","2023-02-14","114"
"ky","social","social_kg","87","81","Коомдук таасир","Маданият алмашуу күнү","관리자","2023-02-14","120"
"ky","social","social_kg","86","80","Коомдук таасир","Бүгүн КММАда экинчи ирет семинар өткөрүлдү. Ошондой эле долбоордун жарым жылдык отчету жана консультативдик комитеттин жыйыны болуп өттү.","관리자","2023-02-13","122"
"ky","social","social_kg","85","79","Коомдук таасир","11-чи июль 2019-жыл Жаркын Кыргызстан жана мониторинг жүргүзүү командасы абдан жемиштүү күн өткөрүштү.","관리자","2023-02-13","120"
"ky","social","social_kg","84","78","Коомдук таасир","КГМАда Балдардын ден соолугу жана медайымдык иш окуусу","관리자","2023-02-13","109"
"ky","social","social_kg","83","77","Коомдук таасир","10-чу июль 2019-жыл РЦУЗда жыйын","관리자","2023-02-13","113"
"ky","social","social_kg","82","76","Коомдук таасир","7-чи июль 2019-жыл, КР Саламаттыкты сактоо министирлигинде жыйын","관리자","2023-02-13","113"
"ky","social","social_kg","81","75","Коомдук таасир","Жаркын Кыргызстан глобалдык билим берүү","관리자","2023-02-13","134"
"ky","social","social_kg","80","74","Коомдук таасир","Кыргызстанга келген Жаркын Кыргызстан проектисинин өкүлдөрү жана мониторинг командасы өз ишин жолугушуулардан баштады!","관리자","2023-02-13","124"
"ky","social","social_kg","79","73","Коомдук таасир","Бүгүн, 2019-07-07да Жаркын Кыргызстан долбоорунун специалисттер командасы жана 11-чи GLP (Глобалдык лидерлер программасы) командасы Инчон аэропорттон Кыргызстанга сапар алды.","관리자","2023-02-13","119"
"ky","social","social_kg","78","72","Коомдук таасир","2019жыл 1-июнь балдардын эл аралык кунун дуйно жузундо 1949 жылдан бери белгиленсе биздин 'Жаркын Кыргызстан'долбоору Акордо Акорго конуштарында 2017 жылдан бери белгилеп келет.","관리자","2023-02-13","120"
"ky","social","social_kg","73","71","Коомдук таасир","Ак-Ордо жаңы конушунун активдүү апалары “Китеп билим булагы” иш чарасын ийгиликтүү өткөрүп алышты","관리자","2023-02-13","135"
"ky","social","social_kg","72","70","Коомдук таасир","Ак Ордо жана Ак Оргоонун 5 жашка чейинки балдарын Уй булолук дарыгерлер тобунун короосундагы 'Эне жана бала комплексине' китеп окууга чакырабыз","관리자","2023-02-13","215"
"ky","social","social_kg","71","69","Коомдук таасир","Эл аралык айымдар күнүн утурлай Ак-Ордо жаңы конушундагы жаш балдардын ден соолугун коргоо борборунда активист-апалар, мед.","관리자","2023-02-13","130"
"ky","social","social_kg","70","68","Коомдук таасир","Эл аралык айымдар күнүн утурлай Ак-Өргө жаңы конушундагы жаш балдардын ден соолугун коргоо борборунда активист-апалар, мед.","관리자","2023-02-13","147"
"ky","social","social_kg","69","67","Коомдук таасир","Эл аралык айымдар күнүнө арналган иш чаранын аягында Ак-Өргө жаны конушунун активист апалары балдар менен бирге кызыктуу убакыт өткөрө алышты.","관리자","2023-02-13","144"
"ky","social","social_kg","68","66","Коомдук таасир","КГМА.20190129","관리자","2023-02-13","132"
"ky","social","social_kg","67","65","Коомдук таасир","ЦСМ12 менен чогулушка келдик","관리자","2023-02-13","121"
"ky","social","social_kg","66","64","Коомдук таасир","РЦУЗ менен отуп жаткан чогулушу","관리자","2023-02-13","138"
"ky","social","social_kg","65","63","Коомдук таасир","ЮНИСЕФ","관리자","2023-02-13","122"
"ky","social","social_kg","64","62","Коомдук таасир","ЮНИСЕФ менен чогулуш өткөрүп жатабыз...","관리자","2023-02-13","135"
"ky","social","social_kg","63","61","Коомдук таасир","Биздин команданын чогулушу болуп отту 20190127","관리자","2023-02-13","123"
"ky","social","social_kg","62","60","Коомдук таасир","Дени сак балдар, дени сак келечек","관리자","2023-02-13","140"
"ky","social","social_kg","61","59","Коомдук таасир","Акордо жана Акоргоо жаны конуштарындагы Жаркын Кыргызстан долбоорунун активист эжелери тигуучу машинга ээ болушту","관리자","2023-02-13","131"
"ky","social","social_kg","60","58","Коомдук таасир","жаңы конуштардагы жаш балдардын ден соолугун чыңдоо борборунда 'Биргеликте чоңойткон ден соолугу чын биздин жаш балдар' кыялыбыз оорундалат деген терең ишеничтебиз!","관리자","2023-02-13","110"
"ky","social","social_kg","59","57","Коомдук таасир","Жаркын Кыргызстан менен 2018-жылдын Ден соолук сынагы","관리자","2023-02-13","132"
"ky","social","social_kg","58","56","Коомдук таасир","Жаркын Кыргызстан менен үй-бүлө жөө жүрүш күнү. 20-октябрь 2018-жыл","관리자","2023-02-13","106"
"ky","social","social_kg","57","55","Коомдук таасир","Ден Соолук сынагына даярдык","관리자","2023-02-13","97"
"ky","social","social_kg","56","54","Коомдук таасир","Ден Соолук сынагына даярдык","관리자","2023-02-13","114"
"ky","social","social_kg","55","53","Коомдук таасир","77-орто мектептин","관리자","2023-02-13","126"
"ky","social","social_kg","54","52","Коомдук таасир","Бугун проектин негизинде #77, 84 жана 96- орто мектептерде ден соолук жумалыгы башталды.","관리자","2023-02-13","114"
"ky","social","social_kg","53","51","Коомдук таасир","Ак-Өргө жаңы конушундагы активист эжелер да кийиз китепчени жазап башташып, ар бир бөлүкчөлөрүн кылдаттык менен жазап жатышат","관리자","2023-02-13","127"
"ky","social","social_kg","52","50","Коомдук таасир","Ден соолук сынагы","관리자","2023-02-13","112"
"ky","social","social_kg","51","49","Коомдук таасир","'Жаркын Кыргызстан' долбоору тууралуу маалымдама","관리자","2023-02-13","122"
"ky","social","social_kg","50","48","Коомдук таасир","жөө жүрүш марафону","관리자","2023-02-13","112"
"ky","social","social_kg","49","47","Коомдук таасир","Ак Ордо активист эжелердин бугун кийизден колго жасап баштаган биринчи баракчасы...","관리자","2023-02-13","123"
"ky","social","social_kg","48","46","Коомдук таасир","~ Ак-Ордо жаңы конушунун активист айымдары кийиз китепчени жазап башташты","관리자","2023-02-13","110"
"ky","social","social_kg","47","45","Коомдук таасир","Ак-Өргө жаш балдардын ден соолугун коргоо борборунда апалар үчүн 'апалардын ден соолугу' классы ачылып 'Анемия жана тамак-аш' теманын алкагында лекция өткөрүлдү","관리자","2023-02-13","111"
"ky","social","social_kg","46","44","Коомдук таасир","Ден соолук жарманкеси","관리자","2023-02-13","111"
"ky","social","social_kg","45","43","Коомдук таасир","Ден соолук жарманкеси","관리자","2023-02-13","114"
"ky","social","social_kg","44","42","Коомдук таасир","Бүгүн эртеден баштап Ак-Ордо, Ак-Өргө активист апалар менен жоолугушу болуп өттү","관리자","2023-02-13","120"
"ky","social","social_kg","43","41","Коомдук таасир","2018 эл аралык конференция","관리자","2023-02-13","132"
"ky","social","social_kg","42","40","Коомдук таасир","№77 жана №84 орто мектебинде “Жайкы мектеп” башталган күн","관리자","2023-02-13","141"
"ky","social","social_kg","41","39","Коомдук таасир","2018-жылдын жайкы программасы башталды","관리자","2023-02-13","121"
"ky","social","social_kg","40","38","Коомдук таасир","Кечээ Акордо Акорго Уйбулолук дарыгерлер тобунун мед айым врачтарына 'Баланын физикалык осуусу' темасына лекция окулду","관리자","2023-02-13","126"
"ky","social","social_kg","39","37","Коомдук таасир","Ак Орго активисттери менен мед айымдар чогулушу болуп отту...","관리자","2023-02-13","125"
"ky","social","social_kg","38","36","Коомдук таасир","'Тишти туура тазалоо, туура кам коруу' боюнча тренинг 03-майда болуп отту...","관리자","2023-02-13","147"
"ky","social","social_kg","37","35","Коомдук таасир","Бугун 3-майда Ак Орго мектеп окуучулар учун, тренинг болду","관리자","2023-02-13","116"
"ky","social","social_kg","36","34","Коомдук таасир","Ар ай сайын Ак-Өрдө жана Ак-Өргө жаңы конуштарында маалымат топтоо жана талдоо жыйыны өткөрүлүп келет","관리자","2023-02-13","111"
"ky","social","social_kg","35","33","Коомдук таасир","Туура тамактануу жана Кан аздуулук","관리자","2023-02-13","108"
"ky","social","social_kg","34","32","Коомдук таасир","Кечээ Кыргызстанда 2018жыл 21- февральда 'Эне тил'куну белгиленди","관리자","2023-02-13","113"
"ky","social","social_kg","33","31","Коомдук таасир","2018 жыл 15-16 февральда Жаркын Кыргызстан долбоорунун негизинде жаны тургузулган балдардын ден соолугун чындоо борборунда 2 кун тренинг откозулду","관리자","2023-02-13","125"
"ky","social","social_kg","32","30","Коомдук таасир","Жаркын Кыргызстан долбоору 31 январьда байкоочу комитет, аткаруу комитет жана активисттер(лидер апалар) жана башка долбоордун негизки мучөлөру менен биргеликте долбоордун 2-чи жылынын ачылыш жыйналышын өткөрду","관리자","2023-02-13","124"
"ky","social","social_kg","31","29","Коомдук таасир","UNICEF менен жыйналыш","관리자","2023-02-13","111"
"ky","social","social_kg","29","28","Коомдук таасир","22 декабря состоялась последный день регулярной собрании общественных активистов здравоохранения","관리자","2023-02-10","90"
"ky","social","social_kg","28","27","Коомдук таасир","Жаркын Кыргызстан 19-декабрьда Кенг Хи Университетинин медициналык борборунда долбоордун бир жылдык жыйынтыгы тууралуу чогулуш өткөрдү","관리자","2023-02-10","79"
"ky","social","social_kg","27","26","Коомдук таасир","Ден соолук сынагы","관리자","2023-02-10","147"
"ky","social","social_kg","26","25","Коомдук таасир","3х дневный обучающий семинар","관리자","2023-02-10","107"
"ky","social","social_kg","25","24","Коомдук таасир","Конкурс здоровья","관리자","2023-02-10","97"
"ky","social","social_kg","24","23","Коомдук таасир","аткаруу комитети менен коомдук саламатыкты сактоо мүчөлөрүнүн кезектеги отуруму","관리자","2023-02-10","107"
"ky","social","social_kg","23","22","Коомдук таасир","Практика жүзүндө саламаттыкты сактоо окуу процесси","관리자","2023-02-10","116"
"ky","social","social_kg","22","21","Коомдук таасир","Мониторинг жолугушуу","관리자","2023-02-10","91"
"ky","social","social_kg","21","20","Коомдук таасир","аткаруу комитетинин кезектеги сессиясы","관리자","2023-02-10","90"
"ky","social","social_kg","20","19","Коомдук таасир","Коомдук саламаттыкты сактоо кызматкерлеринин кезектеги отуруму","관리자","2023-02-10","94"
"ky","social","social_kg","19","18","Коомдук таасир","Аткаруу комитетинин айлык жоолугушуусу","관리자","2023-02-10","104"
"ky","social","social_kg","18","17","Коомдук таасир","Мээрмандар жана саламаттыкты сактоо активистердин отчеттук жыйыны","관리자","2023-02-10","101"
"ky","social","social_kg","17","16","Коомдук таасир","Саламаттыкты сактоо активисттердин айлык жоолугушуусу","관리자","2023-02-10","102"
"ky","social","social_kg","16","15","Коомдук таасир","жылдын медициналык илимий семинары","관리자","2023-02-10","101"
"ky","social","social_kg","15","14","Коомдук таасир","Акыркы алты ай ичинде талыкпай эмгектенген Жаркын Кыргызстан командасынын мүчөлөрү жоолугуп алты ай аралыгынын иш жыйынтыгын өткөрүштү.","관리자","2023-02-10","116"
"ky","social","social_kg","14","13","Коомдук таасир","19.07.2017 Байкоочу мүчөлөрүнүн семинары","관리자","2023-02-10","98"
"ky","social","social_kg","13","12","Коомдук таасир","30.06.2017 Жаркын Кыргызстан командасы үчүн бүгүн жемиштүү күн болду","관리자","2023-02-10","116"
"ky","social","social_kg","12","11","Коомдук таасир","жыл, июнь. Кароонун экинчи күнү","관리자","2023-02-10","109"
"ky","social","social_kg","11","10","Коомдук таасир","жыл. Июнь. Кароонун биринчи күнү","관리자","2023-02-10","120"
"ky","social","social_kg","10","9","Коомдук таасир","Активисттердин тренинги","관리자","2023-02-10","97"
"ky","social","social_kg","9","8","Коомдук таасир","Медайымдардын тренинги","관리자","2023-02-10","111"
"ky","social","social_kg","8","7","Коомдук таасир","Ак-Ордонун Поликлиникасында (ГСВ) Ак-Өргө, Ак-Ордо конуштарынын активисттеринин (апалардын өкүлдөрү) жыйналышы өткөрүлдү","관리자","2023-02-10","133"
"ky","social","social_kg","7","6","Коомдук таасир","6-апрелде 12 - поликлиникада (Центр семейной медицины №12) Ак-Өргө, Ак-Ордо поликлиникасынан келген аткаруу комитетинин мүчөлөрүнүн жыйналышы өттү","관리자","2023-02-10","128"
"ky","social","social_kg","6","5","Коомдук таасир","14-апрелде Ак-Өргө конушунун поликлиникасынын жамаатына (өзгөчө медайымдар) балдарды кароо боюнча үйрөтүү өткөрүлдү","관리자","2023-02-10","124"
"ky","social","social_kg","5","4","Коомдук таасир","Аткаруу комитетине (врач, медайымдар жана активисттер)","관리자","2023-02-10","136"
"ky","social","social_kg","4","3","Коомдук таасир","Кенеш беруу комитетине арналган презентация жана семинар","관리자","2023-02-10","165"
"ky","social","social_kg","3","2","Коомдук таасир","'Жаркын Кыргызстан' долбооруна бирге катышчу медициналык колледжине бардык.","관리자","2023-02-10","145"
"ky","social","social_kg","2","1","Коомдук таасир","Бишкек шаардык саламаттыкты сактоо департаментинин башки адиси (медициналык жардамды уюштуруу болуму) Кочорбаева Гульназ Бопинаевна менен жолугуп проект тууралуу суйлошуу","관리자","2023-02-10","172"
"ru","social","social_ru","194","175","LUPIC","Кёнхидэский университет BK-LUPIC успешно провёл VI Международный форум сестринского дела в Кыргызской Республике","관리자","2025-05-26","268"
"ru","social","social_ru","193","174","LUPIC","BK-LUPIC июльский отчет","관리자","2024-07-25","192"
"ru","social","social_ru","192","173","LUPIC","ИЮЛЬ 2024 Семинар “Жаркын Кыргызстан”-LUPIC РЕФОРМЫ В СЕСТРИНСКОМ ОБРАЗОВАНИИ: многоуровневая система подготовки медсестер","관리자","2024-07-17","183"
"ru","social","social_ru","191","172","LUPIC","Стремление к высотам! : Наращивание потенциала в области лидерства, научных исследований и практического преподавания","관리자","2024-07-17","196"
"ru","social","social_ru","190","171","LUPIC","30. JAN 2024. Совещание по усовершенствованию учебной программы бакалавриата по сестринскому делу в Кыргызской Республике","관리자","2024-05-01","465"
"ru","social","social_ru","189","170","LUPIC","Профессор Хёнсук Шин (главный исследователь BK-LUPIC) награждена Почетной медалью КГМА имени И.К. Ахунбаева","관리자","2024-03-28","406"
"ru","social","social_ru","188","169","LUPIC","(January 25th, 2024) Faculty Development Workshop #2 with Faculty members: Nursing Teaching and Learning Methods and Enhancement of Research Skills","관리자","2024-01-26","900"
"ru","social","social_ru","187","168","LUPIC","(January 24th, 2024) Faculty Development Workshop #1 with Faculty members for Nursing Bachelor's Program: 1) Development of Curriculum (Textbooks) 2) Establishment of Evaluation Criteria for Clinical Nursing Skills and Development of Training Videos","관리자","2024-01-25","595"
"ru","social","social_ru","186","167","LUPIC","(November 24, 2023) Meeting with the President of Nurse Association of the Kyrgyz Republic","관리자","2023-11-30","558"
"ru","social","social_ru","185","166","LUPIC","(November 24, 2023) Workshop and Working Group Meeting: Healthcare National/Sectoral Qualification fr amework Development","관리자","2023-11-30","387"
"ru","social","social_ru","184","165","LUPIC","(November 23, 2023) Faculty Development Workshop #2 with Faculty members Responsible for Nursing Education - Presenting the Plan of Modules and Courses for the BSN Program and Developing Strategies for Improved Nursing Education","관리자","2023-11-30","512"
"ru","social","social_ru","183","164","LUPIC","(November 23, 2023) Meeting with the Head of Department of Healthcare Education and Science, Ministry of Health.","관리자","2023-11-30","470"
"ru","social","social_ru","182","163","LUPIC","(November 22, 2023) Faculty Development Workshop #1 with Faculty members Responsible for Nursing Education - Presenting the Plan of Modules and Courses for the BSN Program and Developing Strategies for Improved Nursing Education","관리자","2023-11-30","302"
"ru","social","social_ru","181","162","LUPIC","(November 22, 2023) Meeting with Dean (Faculty of Bioengineering and Nursing) for discussing strategies for student supports","관리자","2023-11-30","271"
"ru","social","social_ru","180","161","LUPIC","(November 21, 2023) Team working #4 of Faculty Development Workshop - Planning Modules and Courses for the BSN program","관리자","2023-11-30","267"
"ru","social","social_ru","179","160","LUPIC","(November 21, 2023) Team working #3 of Faculty Development Workshop - Planning Modules and Courses for the BSN program","관리자","2023-11-23","274"
"ru","social","social_ru","178","159","LUPIC","(November 21, 2023) Faculty Development Workshop with Faculty members of Department of Nursing - Strategic Planning for Enhancing Infrastructure for Nursing Education and Healthcare Informatics Competencies.","관리자","2023-11-23","183"
"ru","social","social_ru","177","158","LUPIC","(November 21, 2023) Team working #2 of Faculty Development Workshop - Planning Modules and Courses for the BSN program","관리자","2023-11-23","122"
"ru","social","social_ru","176","157","LUPIC","(November 20, 2023) Meeting with the Vice rector and Working Group members of MSN Program (MSN: Master’s degree in Nursing)","관리자","2023-11-23","97"
"ru","social","social_ru","175","156","LUPIC","(November 20, 2023) The first day of team working of Faculty Development Workshop - Planning Modules and Courses for the BSN program","관리자","2023-11-23","93"
"ru","social","social_ru","174","155","LUPIC","(November 20, 2023) Welcoming Day of our future Nurses - Celebrating the opening of the first BSN program in the Kyrgyz Republic","관리자","2023-11-23","98"
"ru","social","social_ru","173","154","LUPIC","(November 20, 2023) Visiting the Construction Site of the New Building for the Department of Nursing of I. K. Akhunbaev KSMA.","관리자","2023-11-23","106"
"ru","social","social_ru","172","153","LUPIC","(November 19, 2023) Meeting with the Director and Business analysis of the eHealth Center under the Ministry of Health. - Collaboration for National Healthcare Information System","관리자","2023-11-23","107"
"ru","social","social_ru","171","152","LUPIC","(November 18, 2023) Visiting the 'Republican Hospital of Infectious Disease' and Meeting with the Head Physician and Deputy Chief of Nursing","관리자","2023-11-23","153"
"ru","social","social_ru","170","151","LUPIC","November M&E: Kyrgyz Republic Ministry of Health affiliated EHealth Center, Educator for Health Information System, and Health Care Provider Meetings (FGI) at FMC 5 and 7-","관리자","2023-11-23","93"
"ru","social","social_ru","169","150","LUPIC","В октябре 2023 года состоялся Семинар по укреплению исследовательских навыков!","관리자","2023-10-12","131"
"ru","social","social_ru","168","149","LUPIC","Встреча с головным офисом Sigma Theta Tau International","관리자","2023-08-22","127"
"ru","social","social_ru","167","148","LUPIC","Июль 2023 года. Семинар по повышению квалификации ППС в Абу-Даби: Развитие исследовательского потенциала!","관리자","2023-08-22","132"
"ru","social","social_ru","165","147","LUPIC","Встреча с представительством регионального офиса ВОЗ в Кыргызской Республике","관리자","2023-08-02","118"
"ru","social","social_ru","164","146","LUPIC","Встреча с членами проекта Жаркын Кыргызстан-LUPIC от КГМА им. И.К Ахунбаева","관리자","2023-08-02","111"
"ru","social","social_ru","163","145","LUPIC","Встреча с Центром Электронного Здравоохранения КР","관리자","2023-08-02","119"
"ru","social","social_ru","162","144","LUPIC","Встреча с Министерством Образования и науки Кыргызской Республики","관리자","2023-08-02","115"
"ru","social","social_ru","161","143","LUPIC","Встреча с Ассоциацией Специалистов Сестринского дела Кыргызской Республики","관리자","2023-08-02","147"
"ru","social","social_ru","160","142","LUPIC","Последний день семинара по повышению квалификации преподавателей","관리자","2023-07-28","136"
"ru","social","social_ru","159","141","LUPIC","Второй день семинара по повышению квалификации преподавателей","관리자","2023-07-28","151"
"ru","social","social_ru","158","140","LUPIC","4-й Международный Форум Сестринского Дела","관리자","2023-06-30","189"
"ru","social","social_ru","157","139","LUPIC","Встреча с ректоратом КГМА им. И.К Ахунбаева","관리자","2023-06-27","156"
"ru","social","social_ru","156","138","LUPIC","Летние интенсивные занятия начались с увлекательного 'Семинара по повышению потенциала преподавателей'!","관리자","2023-06-27","132"
"ru","social","social_ru","154","137","LUPIC","Успешное завершение воркшопа для экспертов Жаркын Кыргызстан-LUPIC!","관리자","2023-06-07","177"
"ru","social","social_ru","153","136","LUPIC","Продолжается сотрудничество корейско-кыргызской экспертной группы по разработке плана курса новой программы бакалавриата.","관리자","2023-06-07","319"
"ru","social","social_ru","152","135","LUPIC","Решение Кабинета министров: Программа бакалавриата и магистратуры по направлению 'Сестринское дело'","관리자","2023-06-07","122"
"ru","social","social_ru","151","134","LUPIC","5-ая Образовательная сессия 'Образовательная программа подготовки бакалавров по направлению Сестринское дело' прошла 29 марта 2023 года","관리자","2023-04-03","176"
"ru","social","social_ru","149","133","LUPIC","Четвертая Образовательная сессия “Внедрение и планирование эффективной стратегии информационной системы здравоохранения в Кыргызской Республике”","관리자","2023-03-28","211"
"ru","social","social_ru","146","132","GES","Мы рады сообщить Вам о завершении проекта 2021г. «Совместное кыргызско-корейское исследование по разработке политики в области сестринского образования в Кыргызской Республике»","관리자","2023-02-16","262"
"ru","social","social_ru","145","131","GES","Вас вновь приветствует проект Жаркын Кыргызстан: Поддержка глобального образования (GES)","관리자","2023-02-16","287"
"ru","social","social_ru","144","130","GES","Мы рады поделится с Вами новостями Жаркын Кыргызстан GES!","관리자","2023-02-16","265"
"ru","social","social_ru","143","129","GES","Вчера мы приняли участие в V съезде медицинских сестер и акушерок КР, который прошел в Иссык-куле","관리자","2023-02-16","258"
"ru","social","social_ru","141","128","Child Health","Укрепление потенциала практического обучения кафедры сестринского дела КГМА: практическое обучение СД в Республике Корея","관리자","2023-02-14","264"
"ru","social","social_ru","140","127","Child Health","Анализ практического курса СД в КГМА","관리자","2023-02-14","298"
"ru","social","social_ru","139","126","Child Health","Ак-Ордо балдардын ден соолугун чыңдоо борборундагы кыял багы күндөн күнгө өсүп, чоңоюп жатат","관리자","2023-02-14","273"
"ru","social","social_ru","138","125","Child Health","Былпылдак класс","관리자","2023-02-14","239"
"ru","social","social_ru","137","124","Child Health","Былпылдак классы","관리자","2023-02-14","300"
"ru","social","social_ru","136","123","Child Health","Ак-Өргө жана Ак-Ордо жаңы конушунда балдардын ден соолугун чыңдоо борборунда быйылкы жыл жемиштүү башталды","관리자","2023-02-14","272"
"ru","social","social_ru","135","122","Child Health","Ак-Ордонун кичинекей бөбөктөрү 'Балапан' оюн-зоок мектебине келишип өздөрүнүн кылдарын, тилектерин жазып кыял багына чаптапа кетишти","관리자","2023-02-14","297"
"ru","social","social_ru","134","121","Child Health","Очередное собрание наших активистов","관리자","2023-02-14","284"
"ru","social","social_ru","133","120","Child Health","Ак-Өргө балдардын ден соолугун коргоо борборунда жемиштүү дем алыш","관리자","2023-02-14","262"
"ru","social","social_ru","132","119","Child Health","Медициналык кароо, ата-энелерге туура тамактануу, тазалык, ден соолуктун маанилүүлүгү тууралуу түшүндүрүү иш-чараларынын адистери","관리자","2023-02-14","273"
"ru","social","social_ru","131","118","Child Health","Заключительная отчетная сессия","관리자","2023-02-14","144"
"ru","social","social_ru","130","117","Child Health","Заседание консультативного комитета","관리자","2023-02-14","144"
"ru","social","social_ru","129","116","Child Health","Ден соолук сынагынын алдында макала сынагын жарыялап бир ай ичинде бир нече кызыктуу дил баяндарды ала алдык.","관리자","2023-02-14","167"
"ru","social","social_ru","128","115","Child Health","В ходе 'Конкурса здоровья' было возможность показать свой талант","관리자","2023-02-14","138"
"ru","social","social_ru","127","114","Child Health","Одним из кульминационных моментов 'Конкурса здоровья' был сессия викторины","관리자","2023-02-14","130"
"ru","social","social_ru","126","113","Child Health","Прошлая неделя в Центр укрепления здоровья детей Ак-Ордо и Ак-Орго завершился в плодотворной ноте","관리자","2023-02-14","129"
"ru","social","social_ru","125","112","Child Health","Тем временем студенты КГМА кафедры ВСО усердно проходят практику элективного курса “Организация работы патронажной медицинской сестры в новостройках”","관리자","2023-02-14","139"
"ru","social","social_ru","124","111","Child Health","Professor O Ka Shil shared her experience with the students of the KSMU Faculty of VSO","관리자","2023-02-14","170"
"ru","social","social_ru","123","110","Child Health","Конкурс здоровья","관리자","2023-02-14","122"
"ru","social","social_ru","122","109","Child Health","Ак-Өргө кино күнү","관리자","2023-02-14","129"
"ru","social","social_ru","121","108","Child Health","Ак-Өргө жаңы конушунда кино кечеси","관리자","2023-02-14","148"
"ru","social","social_ru","120","107","Child Health","Обучение по укреплению компетентности в сфере здравоохранения","관리자","2023-02-14","117"
"ru","social","social_ru","119","106","Child Health","Жайдын акыркы күндөрү Ак-Өргө жаңы конушундагы балдардын ден соолугун чыңдоо борборунда ийгиликтүү өткөрүлдү","관리자","2023-02-14","128"
"ru","social","social_ru","118","105","Child Health","'Балапан' мектеби, Ак-Ордо","관리자","2023-02-14","143"
"ru","social","social_ru","117","104","Child Health","15-чи июль Ак-Ордо, 16-июль Ак-Өргө жаңы конушунда 'Ден соолук жарманкеси' болуп өттү. Күндүн ысыгына карабай көптөгөн жергиликтүү калк келип катыша алышты","관리자","2023-02-14","151"
"ru","social","social_ru","116","103","Child Health","Жайкы мектептин эң маанилүү күнү 'Маданият алмашуу күнү' 2019-жылдын 13 июдунда болуп өттү.","관리자","2023-02-14","126"
"ru","social","social_ru","115","102","Child Health","Бүгүн КММАда экинчи ирет семинар өткөрүлдү","관리자","2023-02-14","115"
"ru","social","social_ru","114","101","Child Health","11-чи июль 2019-жыл Жаркын Кыргызстан жана мониторинг жүргүзүү командасы абдан жемиштүү күн өткөрүштү","관리자","2023-02-14","103"
"ru","social","social_ru","113","100","Child Health","КГМАда Балдардын ден соолугу жана медайымдык иш окуусу жөнүндө эл аралык конференция болуп өттү","관리자","2023-02-14","96"
"ru","social","social_ru","112","99","Child Health","10-чу июль 2019-жыл РЦУЗда жыйын","관리자","2023-02-14","97"
"ru","social","social_ru","111","98","Child Health","7-чи июль 2019-жыл, КР Саламаттыкты сактоо министирлигинде жыйын","관리자","2023-02-14","103"
"ru","social","social_ru","110","97","Child Health","Жаркын Кыргызстан глобалдык билим берүү Семинардын алкагында КГМА ВСО кафедрасынын потенциалын жогорулатуу боюнча стратегиялык план тууралуу сүйлөшүүлөр өттү","관리자","2023-02-14","115"
"ru","social","social_ru","109","96","Child Health","Кыргызстанга келген Жаркын Кыргызстан проектисинин өкүлдөрү жана мониторинг командасы өз ишин жолугушуулардан баштады!","관리자","2023-02-14","124"
"ru","social","social_ru","108","95","Child Health","Бүгүн, 2019-07-07да Жаркын Кыргызстан долбоорунун специалисттер командасы жана 11-чи GLP командасы Инчон аэропорттон Кыргызстанга сапар алды","관리자","2023-02-14","119"
"ru","social","social_ru","107","94","Child Health","2019жыл 1-июнь балдардын эл аралык кунун дуйно жузундо 1949 жылдан бери белгиленсе биздин 'Жаркын Кыргызстан'долбоору Акордо Акорго конуштарында 2017 жылдан бери белгилеп келет","관리자","2023-02-14","96"
"ru","social","social_ru","106","93","Child Health","Балапан","관리자","2023-02-14","85"
"ru","social","social_ru","105","92","Child Health","Встреча по методологии исследования с исследователями КГМА","관리자","2023-02-14","83"
"ru","social","social_ru","104","91","Child Health","Встреча для партнерства с ЮНИСЕФ","관리자","2023-02-14","96"
"ru","social","social_ru","100","90","Child Health","Наши друзья, лучшее и более инклюзивное партнерство","관리자","2023-02-14","129"
"ru","social","social_ru","99","89","Child Health","Тренинг в детском игровом школе 'Балапан' для волонтеров (CHW Ак-Ордо и Ак-Өргө)","관리자","2023-02-14","110"
"ru","social","social_ru","98","88","Child Health","2019.04.22_ Детская игровая школа 'Балапан'","관리자","2023-02-14","115"
"ru","social","social_ru","97","87","Child Health","Детская игровая школа «Балапан»","관리자","2023-02-14","113"
"ru","social","social_ru","96","86","Child Health","Китеп билим булагы","관리자","2023-02-14","104"
"ru","social","social_ru","95","85","Child Health","Ак Ордо жана Ак Оргоонун 5 жашка чейинки балдарын Уй булолук дарыгерлер тобунун короосундагы 'Эне жана бала комплексине' китеп окууга чакырабыз","관리자","2023-02-14","111"
"ru","social","social_ru","94","84","Child Health","В честь международного женского дня мамы-активисты, мед. работники поликлиники и мамы жилмассива Ак-Ордо провели мероприятие в центре здравоохранения детей Ак-Ордо","관리자","2023-02-14","136"
"ru","social","social_ru","93","83","Child Health","В честь международного женского дня мамы-активисты, мед. работники поликлиники и мамы жилмассива Ак- Орго провели мероприятие в центре здравоохранения детей Ак-Орго","관리자","2023-02-14","114"
"ru","social","social_ru","92","82","Child Health","Балдар менен биргеликте өткөргөн убакыт эң маанилүү жана пайдалуу","관리자","2023-02-14","123"
"ru","social","social_ru","90","81","Child Health","KHU-KSMA collaborative seminar","관리자","2023-02-14","117"
"ru","social","social_ru","89","80","Child Health","КГМА.20190129","관리자","2023-02-14","120"
"ru","social","social_ru","88","79","Child Health","ЦСМ12 менен чогулушка келдик.","관리자","2023-02-14","113"
"ru","social","social_ru","87","78","Child Health","РЦУЗ менен отуп жаткан чогулушу","관리자","2023-02-14","125"
"ru","social","social_ru","86","77","Child Health","ЮНИСЕФ","관리자","2023-02-14","109"
"ru","social","social_ru","85","76","Child Health","ЮНИСЕФ менен чогулуш өткөрүп жатабыз...","관리자","2023-02-14","127"
"ru","social","social_ru","84","75","Child Health","Биздин команданын чогулушу болуп отту 20190127","관리자","2023-02-14","113"
"ru","social","social_ru","83","74","Child Health","Дени сак балдар, дени сак келечек!","관리자","2023-02-13","121"
"ru","social","social_ru","82","73","Child Health","Акордо жана Акоргоо жаны конуштарындагы Жаркын Кыргызстан долбоорунун активист эжелери тигуучу машинга ээ болушту","관리자","2023-02-13","119"
"ru","social","social_ru","81","72","Child Health","Класс здоровья: Здоровые родители и хорошее родительство","관리자","2023-02-13","104"
"ru","social","social_ru","80","71","Child Health","Привлечение университета к развитию регионального общества.","관리자","2023-02-13","95"
"ru","social","social_ru","79","70","Child Health","В КГМА начался практический курс по 'Сестринскому делу в региональном обществе'","관리자","2023-02-13","112"
"ru","social","social_ru","78","69","Child Health","жаңы конуштардагы жаш балдардын ден соолугун чыңдоо борборунда 'Биргеликте чоңойткон ден соолугу чын биздин жаш балдар' кыялыбыз оорундалат деген терең ишеничтебиз!","관리자","2023-02-13","124"
"ru","social","social_ru","77","68","Child Health","Жаркын Кыргызстан менен 2018-жылдын Ден соолук сынагы, 20-октябрь, 2018-жыл","관리자","2023-02-13","136"
"ru","social","social_ru","76","67","Child Health","Жаркын Кыргызстан менен үй-бүлө жөө жүрүш күнү","관리자","2023-02-13","108"
"ru","social","social_ru","75","66","Child Health","Ден Соолук сынагына даярдык","관리자","2023-02-13","107"
"ru","social","social_ru","74","65","Child Health","Ден Соолук сынагына даярдык","관리자","2023-02-13","128"
"ru","social","social_ru","73","64","Child Health","#77-орто мектептин 'ден соолук кызматчылары'нын ден соолук жумалыгындагы иш чараларына кубо болунуздар","관리자","2023-02-13","117"
"ru","social","social_ru","72","63","Child Health","Ак-Өргө жаңы конушундагы активист эжелер да кийиз китепчени жазап башташып, ар бир бөлүкчөлөрүн кылдаттык менен жазап жатышат.","관리자","2023-02-13","141"
"ru","social","social_ru","71","62","Child Health","2018-жылдын 20-чы октябрь күнү өтө турчу 'Ден соолук сынагы' үй-бүлө менен чогу жөө жүрүш менен башталат.","관리자","2023-02-13","120"
"ru","social","social_ru","70","61","Child Health","Брошюры проекта 'Жарык Кыргызстан' уже готовы, можете получить их в день 'Конкурса здоровья'","관리자","2023-02-13","114"
"ru","social","social_ru","69","60","Child Health","20 октября 2018 года в жилмассивах Ак-Ордо и Ак-Өргө будет проходить 'Конкурс здоровья'.","관리자","2023-02-13","86"
"ru","social","social_ru","68","59","Child Health","18-сентября 2018года в рамках проекта' Жаркын Кыргызстан' в КГМА имени И.Ахунбаева согласно графику проведения занятий состоялась лекция профессора из Кореи Лим Синг Джу на тему 'Коммуникация и сотрудничество'","관리자","2023-02-13","83"
"ru","social","social_ru","67","58","Child Health","Ак Ордо активист эжелердин бугун кийизден колго жасап баштаган биринчи баракчасы...","관리자","2023-02-13","96"
"ru","social","social_ru","66","57","Child Health","~ Активисты жил. массива Ак-Ордо начали изготовление войлочной книжки.","관리자","2023-02-13","103"
"ru","social","social_ru","65","56","Child Health","Ак-Өргө жаш балдардын ден соолугун коргоо борборунда апалар үчүн 'апалардын ден соолугу' классы ачылып 'Анемия жана тамак-аш' теманын алкагында лекция өткөрүлдү","관리자","2023-02-13","87"
"ru","social","social_ru","64","55","Child Health","8 августа с сроком на 4 месяца профессор Лим отправилась в Кыргызстан с целью поддержки проекту 'Жаркын Кыргызстан'.","관리자","2023-02-13","98"
"ru","social","social_ru","63","54","Child Health","№4 Ак-Ордо поликлиникасында жаш балдардын ден соолугун чыңдоо максатында “Ден соолук жарманкеси” болуп өттү","관리자","2023-02-13","115"
"ru","social","social_ru","62","53","Child Health","№2 Ак-Өргө поликлиникасында жаш балдардын ден соолугун чыңдоо максатында “Ден соолук жарманкеси” болуп өттү","관리자","2023-02-13","98"
"ru","social","social_ru","61","52","Child Health","Бүгүн эртеден баштап Ак-Ордо, Ак-Өргө активист апалар менен жоолугушу болуп өттү.","관리자","2023-02-13","96"
"ru","social","social_ru","60","51","Child Health","Бүгүнкү күн ЮНИСЕФтин кеңсесине баш багып Иманалиева Ч. айым менен жоолугушуу өткөрдүк.","관리자","2023-02-13","96"
"ru","social","social_ru","59","50","Child Health","Жаркын Кыргызстандын кадамдары.","관리자","2023-02-13","96"
"ru","social","social_ru","51","49","Child Health","2018-жылдын жайкы программасы башталды!","관리자","2023-02-13","78"
"ru","social","social_ru","50","48","Child Health","AK ORDO","관리자","2023-02-13","70"
"ru","social","social_ru","49","47","Child Health","Международная конференция 2018г. ‘Здоровье детей и сестринское образование’","관리자","2023-02-13","82"
"ru","social","social_ru","48","46","Child Health","Кечээ Акордо Акорго Уйбулолук дарыгерлер тобунун мед айым врачтарына 'Баланын физикалык осуусу' темасына лекция окулду.","관리자","2023-02-13","88"
"ru","social","social_ru","47","45","Child Health","22-мая в офисе Global Friend состоялась встреча, в которой приняли участие сотрудники Кыргызской Государственной Медицинской академии (КГМА) имени Ахунбаева и Центра Семейной Медицины #12.","관리자","2023-02-13","86"
"ru","social","social_ru","46","44","Child Health","Сегодня 2018г.17 мая в ЦСМ #12 в рамках проекта Жаркын Кыргызстан состоялась встреча исполнительного комитета.","관리자","2023-02-13","111"
"ru","social","social_ru","45","43","Child Health","Ак Орго активисттери менен мед айымдар чогулушу болуп отту...","관리자","2023-02-13","93"
"ru","social","social_ru","44","42","Child Health","К ОРГО 77-84-мектеп окуучулары, 'Тишти туура тазалоо, туура кам коруу' боюнча тренинг 03-майда болуп отту...","관리자","2023-02-13","89"
"ru","social","social_ru","43","41","Child Health","Бугун 3-майда Ак Орго мектеп окуучулар учун, тренинг болду.","관리자","2023-02-13","96"
"ru","social","social_ru","42","40","Child Health","Ар ай сайын Ак-Өрдө жана Ак-Өргө жаңы конуштарында маалымат топтоо жана талдоо жыйыны өткөрүлүп келет.","관리자","2023-02-13","95"
"ru","social","social_ru","41","39","Child Health","'Туура тамактануу жана Кан аздуулук' боюнча 2 кундук семинар 3-4-апрель айында болуп отту. Активист эжелер учун.","관리자","2023-02-13","96"
"ru","social","social_ru","40","38","Child Health","Кечээ Кыргызстанда 2018жыл 21- февральда 'Эне тил'куну белгиленди.","관리자","2023-02-13","87"
"ru","social","social_ru","39","37","Child Health","2018 жыл 15-16 февральда Жаркын Кыргызстан долбоорунун негизинде жаны тургузулган балдардын ден соолугун чындоо борборунда 2 кун тренинг откозулду.","관리자","2023-02-13","97"
"ru","social","social_ru","38","36","Child Health","Жаркын Кыргызстан долбоору 31 январьда байкоочу комитет, аткаруу комитет жана активисттер(лидер апалар) жана башка долбоордун негизки мучөлөру менен биргеликте долбоордун 2-чи жылынын ачылыш жыйналышын өткөрду.","관리자","2023-02-13","98"
"ru","social","social_ru","37","35","Child Health","[Child Health] 31 января 2018 в среду успешно завершили открытие Центра по укреплению здоровья детей в рамках проекта Жаркын Кыргызстан.","관리자","2023-02-13","86"
"ru","social","social_ru","36","34","Child Health","[Child Health] Второй год проекта Жаркын Кыргызстан начался в полном масшабе.","관리자","2023-02-13","98"
"ru","social","social_ru","35","33","Child Health","Местный офис Жаркын Кыргызстан к новому году переехал в новый уютный офис, который находится в бульваре Молодая Гвардия.","관리자","2023-02-13","88"
"ru","social","social_ru","34","32","Child Health","UNICEF менен жыйналыш","관리자","2023-02-13","81"
"ru","social","social_ru","33","31","Child Health","Регулярное собрание исполнительного комитета и общественных активистов здравоохранения.","관리자","2023-02-13","88"
"ru","social","social_ru","32","30","Child Health","ГСВ#4 Ак-Ордо","관리자","2023-02-13","87"
"ru","social","social_ru","31","29","Child Health","Встреча со средней школой #77 и осмотр состояния ремонтирования уборной","관리자","2023-02-13","88"
"ru","social","social_ru","30","28","Child Health","22 декабря состоялась последный день регулярной собрании общественных активистов здравоохранения.","관리자","2023-02-13","88"
"ru","social","social_ru","29","27","Child Health","Жаркын Кыргызстан 19-декабрьда Кенг Хи Университетинин медициналык борборунда долбоордун бир жылдык жыйынтыгы тууралуу чогулуш өткөрдү.","관리자","2023-02-13","85"
"ru","social","social_ru","28","26","Child Health","Ден соолук сынагы","관리자","2023-02-13","96"
"ru","social","social_ru","27","25","Child Health","3х дневный обучающий семинар","관리자","2023-02-13","86"
"ru","social","social_ru","26","24","Child Health","2017.11.04, на конкурсе здоровья.","관리자","2023-02-13","98"
"ru","social","social_ru","25","23","Child Health","2017.10.19 аткаруу комитети менен коомдук саламатыкты сактоо мүчөлөрүнүн кезектеги отуруму","관리자","2023-02-13","80"
"ru","social","social_ru","24","22","Child Health","2017. 10. 5 Практика жүзүндө саламаттыкты сактоо окуу процесси","관리자","2023-02-13","94"
"ru","social","social_ru","23","21","Child Health","Ак -Ордою Аяк оона. Мониторинг жолугушуу","관리자","2023-02-13","97"
"ru","social","social_ru","22","20","Child Health","29 - аяк оона айы, аткаруу комитетинин кезектеги сессиясы","관리자","2023-02-10","108"
"ru","social","social_ru","21","19","Child Health","27 - аяк оона айы. Коомдук саламаттыкты сактоо кызматкерлеринин кезектеги отуруму","관리자","2023-02-10","99"
"ru","social","social_ru","20","18","Child Health","21.07.2017 Аткаруу комитетинин айлык жоолугушуусу","관리자","2023-02-10","106"
"ru","social","social_ru","19","17","Child Health","21/07/2017 Мээрмандар жана саламаттыкты сактоо активистердин отчеттук жыйыны","관리자","2023-02-10","94"
"ru","social","social_ru","18","16","Child Health","21.07.2017 Саламаттыкты сактоо активисттердин айлык жоолугушуусу","관리자","2023-02-10","97"
"ru","social","social_ru","17","15","Child Health","20.07.2017 2017-жылдын медициналык илимий семинары","관리자","2023-02-10","102"
"ru","social","social_ru","16","14","Child Health","19.07.2017 Жаркын Кыргызстандын жайы","관리자","2023-02-10","102"
"ru","social","social_ru","15","13","Child Health","19.07.2017 Байкоочу мүчөлөрүнүн семинары","관리자","2023-02-10","93"
"ru","social","social_ru","14","12","Child Health","Жаркын Кыргызстан командасы үчүн бүгүн жемиштүү күн болду.","관리자","2023-02-10","132"
"ru","social","social_ru","13","11","Child Health","Балдардын ден соолугун кароо башталды!!!","관리자","2023-02-10","116"
"ru","social","social_ru","12","10","Child Health","Медициналык кароо башталды.","관리자","2023-02-10","92"
"ru","social","social_ru","11","9","Child Health","Активисттердин тренинги","관리자","2023-02-10","96"
"ru","social","social_ru","10","8","Child Health","Медайымдардын тренинги","관리자","2023-02-10","100"
"ru","social","social_ru","9","7","Child Health","Ак-Ордонун Поликлиникасында (ГСВ) Ак-Өргө, Ак-Ордо конуштарынын активисттеринин (апалардын өкүлдөрү) жыйналышы өткөрүлдү.","관리자","2023-02-10","106"
"ru","social","social_ru","8","6","Child Health","6-апрелде 12 - поликлиникада (Центр семейной медицины №12) Ак-Өргө, Ак-Ордо поликлиникасынан келген аткаруу комитетинин мүчөлөрүнүн жыйналышы өттү.","관리자","2023-02-10","105"
"ru","social","social_ru","7","5","Child Health","14-апрелде Ак-Өргө конушунун поликлиникасынын жамаатына (өзгөчө медайымдар) балдарды кароо боюнча үйрөтүү өткөрүлдү.","관리자","2023-02-10","116"
"ru","social","social_ru","6","4","Child Health","Презентация проекта для исполнительного комитета","관리자","2023-02-10","138"
"ru","social","social_ru","5","3","Child Health","В Ак-орго была проведена презентация проекта по укреплению здоровья детей в новостройках 'Жаркын Кыргызстан' и семинар","관리자","2023-02-10","104"
"ru","social","social_ru","4","2","Child Health","Посещение Бишкекского государственного медицинского колледжа. Посетили медицинский колледж","관리자","2023-02-10","95"
"ru","social","social_ru","3","1","Child Health","Департамент здравоохранения г. Бишкек. Встреча с главным специалистом департамента Гульназ Бопинаевной. Обсуждение проекта","관리자","2023-02-10","118"
