"원본경로","새경로","처리","EXIF","원본","결과","원본KB","결과KB"
"/uploaded/banner/1ce6c7f18a1d3f7d6499c847eaabd2e1.jpg","/images/uploaded/banner/1ce6c7f18a1d3f7d6499c847eaabd2e1.jpg","JPG 재압축","1","1920x700","1400x510","614","163"
"/uploaded/banner/a7b56e04c147b7f2d93f69f4248f05b1.jpg","/images/uploaded/banner/a7b56e04c147b7f2d93f69f4248f05b1.jpg","JPG 재압축","1","1920x700","1400x510","319","85"
"/uploaded/board/news/e4ee752830cd4f4f5b10fafaff60ab320.jpg","/images/uploaded/board/news/e4ee752830cd4f4f5b10fafaff60ab320.jpg","JPG 재압축","1","2304x3456","933x1400","1089","233"
"/uploaded/board/news_en/27031a441251852162b289cd0f3f01280.jpg","/images/uploaded/board/news_en/27031a441251852162b289cd0f3f01280.jpg","JPG 재압축","1","2304x3456","933x1400","1089","233"
"/uploaded/board/news_kg/a40a635b6461fb48f36f376b9e9076750.jpg","/images/uploaded/board/news_kg/a40a635b6461fb48f36f376b9e9076750.jpg","JPG 재압축","1","2304x3456","933x1400","1090","230"
"/uploaded/board/news_ru/9005c72236c3e03770ac5d3396ecc18d0.jpg","/images/uploaded/board/news_ru/9005c72236c3e03770ac5d3396ecc18d0.jpg","JPG 재압축","1","2304x3456","933x1400","1090","230"
"/uploaded/board/news_ru/b083f81c91ecc3c4d94daec4a9c496820.png","/images/uploaded/board/news_ru/b083f81c91ecc3c4d94daec4a9c496820.jpg","PNG→JPG","1","2160x2700","1120x1400","2400","275"
"/uploaded/board/social/4796a8b36f5c6e4ba7c9d749ef6e31e70.jpeg","/images/uploaded/board/social/4796a8b36f5c6e4ba7c9d749ef6e31e70.jpeg","JPG 재압축","1","2048x1536","1400x1050","1298","347"
"/uploaded/board/social/6af9751e4256a7caea34933d194e08770.jpg","/images/uploaded/board/social/6af9751e4256a7caea34933d194e08770.jpg","JPG 재압축","1","607x395","607x395","29","29"
"/uploaded/board/social/c14cabdfb6e08db046e424aa1004c16b0.jpg","/images/uploaded/board/social/c14cabdfb6e08db046e424aa1004c16b0.jpg","JPG 재압축","1","1280x827","1280x827","179","150"
"/uploaded/board/social/c14cabdfb6e08db046e424aa1004c16b1.jpg","/images/uploaded/board/social/c14cabdfb6e08db046e424aa1004c16b1.jpg","JPG 재압축","1","1280x828","1280x828","173","148"
"/uploaded/board/social/t_6af9751e4256a7caea34933d194e08770.jpg","/images/uploaded/board/social/t_6af9751e4256a7caea34933d194e08770.jpg","JPG 재압축","1","607x395","607x395","83","29"
"/uploaded/popup/67190243139d3b1fa75412f96a7089bc.png","/images/uploaded/popup/67190243139d3b1fa75412f96a7089bc.jpg","PNG→JPG","1","1040x1358","1040x1358","630","112"
"/uploaded/summernote/202302/002d9682eb6bf0f281555f6da3535418.jpg","/images/uploaded/summernote/202302/002d9682eb6bf0f281555f6da3535418.jpg","JPG 재압축","1","960x720","960x720","73","96"
"/uploaded/summernote/202302/00520795fdf99c112bee79ad32bd16b3.jpg","/images/uploaded/summernote/202302/00520795fdf99c112bee79ad32bd16b3.jpg","JPG 재압축","1","1024x683","1024x683","50","53"
"/uploaded/summernote/202302/0057862d222ebf14e1f3ba452f249b27.jpg","/images/uploaded/summernote/202302/0057862d222ebf14e1f3ba452f249b27.jpg","JPG 재압축","1","600x255","600x255","27","28"
"/uploaded/summernote/202302/017928f23de0ccd71e63a48917f96827.jpg","/images/uploaded/summernote/202302/017928f23de0ccd71e63a48917f96827.jpg","JPG 재압축","1","1080x1080","1080x1080","128","128"
"/uploaded/summernote/202302/01a8b96b00a2c30c58c3cd9745efda12.jpg","/images/uploaded/summernote/202302/01a8b96b00a2c30c58c3cd9745efda12.jpg","JPG 재압축","1","600x450","600x450","42","43"
"/uploaded/summernote/202302/021e785fb91069499eb3ebee6ad4b29f.jpg","/images/uploaded/summernote/202302/021e785fb91069499eb3ebee6ad4b29f.jpg","JPG 재압축","1","2048x1365","1400x933","234","173"
"/uploaded/summernote/202302/02446d3adfc0058d8626903457470bc4.jpg","/images/uploaded/summernote/202302/02446d3adfc0058d8626903457470bc4.jpg","JPG 재압축","1","600x338","600x338","38","40"
"/uploaded/summernote/202302/027c173094e42acc8f8447d7fce6d291.png","/images/uploaded/summernote/202302/027c173094e42acc8f8447d7fce6d291.jpg","PNG→JPG","1","1280x720","1280x720","1104","176"
"/uploaded/summernote/202302/02c77849f5f2f8746bc07f86da150dc5.jpg","/images/uploaded/summernote/202302/02c77849f5f2f8746bc07f86da150dc5.jpg","JPG 재압축","1","1316x640","1316x640","76","93"
"/uploaded/summernote/202302/02c93af5e12558764ecaa0c74f46ae1c.png","/images/uploaded/summernote/202302/02c93af5e12558764ecaa0c74f46ae1c.jpg","PNG→JPG","1","1496x951","1400x890","1608","116"
"/uploaded/summernote/202302/02ce7dd4adbdbada7550d9e5c7eaeefa.png","/images/uploaded/summernote/202302/02ce7dd4adbdbada7550d9e5c7eaeefa.jpg","PNG→JPG","1","1280x720","1280x720","1380","184"
"/uploaded/summernote/202302/02fb2b49061071da57bfc946fb32e315.jpg","/images/uploaded/summernote/202302/02fb2b49061071da57bfc946fb32e315.jpg","JPG 재압축","1","600x450","600x450","53","56"
"/uploaded/summernote/202302/02fee161280addeb2bc1e33b8544b6d5.jpg","/images/uploaded/summernote/202302/02fee161280addeb2bc1e33b8544b6d5.jpg","JPG 재압축","1","2040x1148","1400x788","574","263"
"/uploaded/summernote/202302/03305c324b18a4bb7989e97330ae7d6e.jpg","/images/uploaded/summernote/202302/03305c324b18a4bb7989e97330ae7d6e.jpg","JPG 재압축","1","540x960","540x960","49","57"
"/uploaded/summernote/202302/0369a10724b6bc4783fe407f2c5b43e2.jpg","/images/uploaded/summernote/202302/0369a10724b6bc4783fe407f2c5b43e2.jpg","JPG 재압축","1","960x720","960x720","71","93"
"/uploaded/summernote/202302/038588e80c7cf008c80f7f801ba255b8.jpg","/images/uploaded/summernote/202302/038588e80c7cf008c80f7f801ba255b8.jpg","JPG 재압축","1","1080x757","1080x757","87","105"
"/uploaded/summernote/202302/03bc92c9aefae2ee6dbb58500ff3f30c.jpg","/images/uploaded/summernote/202302/03bc92c9aefae2ee6dbb58500ff3f30c.jpg","JPG 재압축","1","1440x1080","1400x1050","365","209"
"/uploaded/summernote/202302/03c10583098debe8028ccb2d8115fc59.png","/images/uploaded/summernote/202302/03c10583098debe8028ccb2d8115fc59.jpg","PNG→JPG","1","1280x720","1280x720","642","132"
"/uploaded/summernote/202302/03cd78ca931c9bf21436ac92ea7fa166.jpg","/images/uploaded/summernote/202302/03cd78ca931c9bf21436ac92ea7fa166.jpg","JPG 재압축","1","960x960","960x960","78","94"
"/uploaded/summernote/202302/03ef926261aeb300ace936332a7ae5d1.jpg","/images/uploaded/summernote/202302/03ef926261aeb300ace936332a7ae5d1.jpg","JPG 재압축","1","600x338","600x338","33","34"
"/uploaded/summernote/202302/050916db2eea8d381e34423953d4b13f.jpg","/images/uploaded/summernote/202302/050916db2eea8d381e34423953d4b13f.jpg","JPG 재압축","1","720x540","720x540","56","58"
"/uploaded/summernote/202302/0512933735080a7f347f54d619919bb7.jpg","/images/uploaded/summernote/202302/0512933735080a7f347f54d619919bb7.jpg","JPG 재압축","1","1440x1080","1400x1050","365","209"
"/uploaded/summernote/202302/05463822b7d26609ed654ae1ae41f15e.jpg","/images/uploaded/summernote/202302/05463822b7d26609ed654ae1ae41f15e.jpg","JPG 재압축","1","960x720","960x720","61","78"
"/uploaded/summernote/202302/05d49c8a69ebe582e16e6ef80ec5c990.jpg","/images/uploaded/summernote/202302/05d49c8a69ebe582e16e6ef80ec5c990.jpg","JPG 재압축","1","338x600","338x600","30","31"
"/uploaded/summernote/202302/05def6d0cd751dd026e4e0213cf99f11.jpg","/images/uploaded/summernote/202302/05def6d0cd751dd026e4e0213cf99f11.jpg","JPG 재압축","1","600x450","600x450","40","41"
"/uploaded/summernote/202302/06302854c80167a64b0d88b1b28c7c11.jpg","/images/uploaded/summernote/202302/06302854c80167a64b0d88b1b28c7c11.jpg","JPG 재압축","1","750x562","750x562","45","52"
"/uploaded/summernote/202302/064320ea4046ce22c04a0b8d2aa9137e.jpg","/images/uploaded/summernote/202302/064320ea4046ce22c04a0b8d2aa9137e.jpg","JPG 재압축","1","592x296","592x296","29","30"
"/uploaded/summernote/202302/06563f0e324cf3d2b852eaddc1927d03.jpg","/images/uploaded/summernote/202302/06563f0e324cf3d2b852eaddc1927d03.jpg","JPG 재압축","1","960x720","960x720","60","72"
"/uploaded/summernote/202302/069745901e611bec633c3d14f576162b.jpg","/images/uploaded/summernote/202302/069745901e611bec633c3d14f576162b.jpg","JPG 재압축","1","665x960","665x960","94","123"
"/uploaded/summernote/202302/06be98da9483b2ddedb89ebbcf997199.jpg","/images/uploaded/summernote/202302/06be98da9483b2ddedb89ebbcf997199.jpg","JPG 재압축","1","540x960","540x960","56","66"
"/uploaded/summernote/202302/078ab6dd87443c90654c74daa4cea312.png","/images/uploaded/summernote/202302/078ab6dd87443c90654c74daa4cea312.jpg","PNG→JPG","1","1280x720","1280x720","623","131"
"/uploaded/summernote/202302/07a30b64deb5e617899cceaba9064074.jpg","/images/uploaded/summernote/202302/07a30b64deb5e617899cceaba9064074.jpg","JPG 재압축","1","720x960","720x960","33","44"
"/uploaded/summernote/202302/07b3b271e3c46b8c8167bbc7bab4e17a.jpg","/images/uploaded/summernote/202302/07b3b271e3c46b8c8167bbc7bab4e17a.jpg","JPG 재압축","1","960x720","960x720","59","73"
"/uploaded/summernote/202302/07b6b8cf1906a2232f323f1f91af4185.jpg","/images/uploaded/summernote/202302/07b6b8cf1906a2232f323f1f91af4185.jpg","JPG 재압축","1","449x600","449x600","43","45"
"/uploaded/summernote/202302/0852977942ec89f59a1b73693730f1cc.png","/images/uploaded/summernote/202302/0852977942ec89f59a1b73693730f1cc.jpg","PNG→JPG","1","780x295","780x295","177","42"
"/uploaded/summernote/202302/088ac4fdc6a0bc1e2652cbc97dfcde91.jpg","/images/uploaded/summernote/202302/088ac4fdc6a0bc1e2652cbc97dfcde91.jpg","JPG 재압축","1","720x540","720x540","65","67"
"/uploaded/summernote/202302/0960823ab62601263934b6df9e8790f1.jpg","/images/uploaded/summernote/202302/0960823ab62601263934b6df9e8790f1.jpg","JPG 재압축","1","960x550","960x550","48","61"
"/uploaded/summernote/202302/0962342cfaeb1cac3b9d664f99e6d768.jpg","/images/uploaded/summernote/202302/0962342cfaeb1cac3b9d664f99e6d768.jpg","JPG 재압축","1","1280x720","1280x720","62","74"
"/uploaded/summernote/202302/09c196b2f64f63b9ae5f957be0d7b3b4.jpg","/images/uploaded/summernote/202302/09c196b2f64f63b9ae5f957be0d7b3b4.jpg","JPG 재압축","1","600x600","600x600","68","71"
"/uploaded/summernote/202302/0a00d8bdc9a7737d40c29b1fc2c736c4.jpg","/images/uploaded/summernote/202302/0a00d8bdc9a7737d40c29b1fc2c736c4.jpg","JPG 재압축","1","2048x1365","1400x933","255","186"
"/uploaded/summernote/202302/0a142a5789ec4ef9c3d4f1c288b47710.jpg","/images/uploaded/summernote/202302/0a142a5789ec4ef9c3d4f1c288b47710.jpg","JPG 재압축","1","2048x1536","1400x1050","315","224"
"/uploaded/summernote/202302/0a186d3ae915141d6787f004207c3344.jpg","/images/uploaded/summernote/202302/0a186d3ae915141d6787f004207c3344.jpg","JPG 재압축","1","2048x1536","1400x1050","332","219"
"/uploaded/summernote/202302/0a452fae2301c81e2ffc85caa4893b52.jpg","/images/uploaded/summernote/202302/0a452fae2301c81e2ffc85caa4893b52.jpg","JPG 재압축","1","960x540","960x540","43","55"
"/uploaded/summernote/202302/0a571d2ebb729f68c1c9e725ddc6e9bb.jpg","/images/uploaded/summernote/202302/0a571d2ebb729f68c1c9e725ddc6e9bb.jpg","JPG 재압축","1","960x720","960x720","72","94"
"/uploaded/summernote/202302/0a96762a1edbc2bcf27d5bac12a14b01.jpg","/images/uploaded/summernote/202302/0a96762a1edbc2bcf27d5bac12a14b01.jpg","JPG 재압축","1","719x960","719x960","50","61"
"/uploaded/summernote/202302/0ac79033e36e55c33d43965aa7467920.jpg","/images/uploaded/summernote/202302/0ac79033e36e55c33d43965aa7467920.jpg","JPG 재압축","1","540x960","540x960","49","57"
"/uploaded/summernote/202302/0aea34ccb033a47ae5c9eb99f413b561.jpg","/images/uploaded/summernote/202302/0aea34ccb033a47ae5c9eb99f413b561.jpg","JPG 재압축","1","450x600","450x600","54","56"
"/uploaded/summernote/202302/0b46732e9c7969722bd0ab466dfbb576.png","/images/uploaded/summernote/202302/0b46732e9c7969722bd0ab466dfbb576.jpg","PNG→JPG","1","598x414","598x414","212","61"
"/uploaded/summernote/202302/0bd3d604deceadd4178bfe5162c69b63.jpg","/images/uploaded/summernote/202302/0bd3d604deceadd4178bfe5162c69b63.jpg","JPG 재압축","1","960x540","960x540","39","50"
"/uploaded/summernote/202302/0c069a6071031af72ffe0db04ed82028.jpg","/images/uploaded/summernote/202302/0c069a6071031af72ffe0db04ed82028.jpg","JPG 재압축","1","592x296","592x296","29","30"
"/uploaded/summernote/202302/0c10b13af0a2b1476b3b4163a4646170.jpg","/images/uploaded/summernote/202302/0c10b13af0a2b1476b3b4163a4646170.jpg","JPG 재압축","1","1536x2048","1050x1400","326","239"
"/uploaded/summernote/202302/0c1a6fdbeda0f6017f2e57f8971f56b6.jpg","/images/uploaded/summernote/202302/0c1a6fdbeda0f6017f2e57f8971f56b6.jpg","JPG 재압축","1","960x720","960x720","67","78"
"/uploaded/summernote/202302/0c1c9c70495e58eb8d530e65facc37b8.jpg","/images/uploaded/summernote/202302/0c1c9c70495e58eb8d530e65facc37b8.jpg","JPG 재압축","1","2048x1536","1400x1050","397","282"
"/uploaded/summernote/202302/0c33560a7bf915b3e40aa7d0a5e91bab.jpg","/images/uploaded/summernote/202302/0c33560a7bf915b3e40aa7d0a5e91bab.jpg","JPG 재압축","1","2048x1536","1400x1050","452","308"
"/uploaded/summernote/202302/0c5ceaae5eda6d4a4307fbcd5a4e59e2.jpg","/images/uploaded/summernote/202302/0c5ceaae5eda6d4a4307fbcd5a4e59e2.jpg","JPG 재압축","1","526x526","526x526","56","59"
"/uploaded/summernote/202302/0d5d83191ce62fdc6f94041e0f33bc80.png","/images/uploaded/summernote/202302/0d5d83191ce62fdc6f94041e0f33bc80.jpg","PNG→JPG","1","1360x636","1360x636","1176","168"
"/uploaded/summernote/202302/0d80522075201834ec4857ca05a9e087.jpg","/images/uploaded/summernote/202302/0d80522075201834ec4857ca05a9e087.jpg","JPG 재압축","1","960x540","960x540","61","76"
"/uploaded/summernote/202302/0df440f7d40bc4ac06b5404cfa8c80c5.jpg","/images/uploaded/summernote/202302/0df440f7d40bc4ac06b5404cfa8c80c5.jpg","JPG 재압축","1","2048x1365","1400x933","205","150"
"/uploaded/summernote/202302/0e24980fb00894df28d61fd33ad595d4.jpg","/images/uploaded/summernote/202302/0e24980fb00894df28d61fd33ad595d4.jpg","JPG 재압축","1","593x395","593x395","37","38"
"/uploaded/summernote/202302/0e75af7943c006d4c89ada5c05eff66a.jpg","/images/uploaded/summernote/202302/0e75af7943c006d4c89ada5c05eff66a.jpg","JPG 재압축","1","2048x1365","1400x933","273","195"
"/uploaded/summernote/202302/0e7b33b5344df18333fff76fe983e2b0.jpg","/images/uploaded/summernote/202302/0e7b33b5344df18333fff76fe983e2b0.jpg","JPG 재압축","1","600x600","600x600","52","53"
"/uploaded/summernote/202302/0eac81bca08cb4aacdae88ccc9647f78.jpg","/images/uploaded/summernote/202302/0eac81bca08cb4aacdae88ccc9647f78.jpg","JPG 재압축","1","2048x2048","1400x1400","500","226"
"/uploaded/summernote/202302/0eb1d71b5e54301609a221c36f164cd4.jpg","/images/uploaded/summernote/202302/0eb1d71b5e54301609a221c36f164cd4.jpg","JPG 재압축","1","960x480","960x480","37","45"
"/uploaded/summernote/202302/0eff3d968ac33dee64ba7b0cedef33d9.jpg","/images/uploaded/summernote/202302/0eff3d968ac33dee64ba7b0cedef33d9.jpg","JPG 재압축","1","960x528","960x528","41","50"
"/uploaded/summernote/202302/0f1566a72ea040a20826b9987592e81f.jpg","/images/uploaded/summernote/202302/0f1566a72ea040a20826b9987592e81f.jpg","JPG 재압축","1","720x960","720x960","59","76"
"/uploaded/summernote/202302/0f332ba20e584a99e3990c3ab4e2e5b6.jpg","/images/uploaded/summernote/202302/0f332ba20e584a99e3990c3ab4e2e5b6.jpg","JPG 재압축","1","2048x1365","1400x933","171","117"
"/uploaded/summernote/202302/0f486662f9735217cfed968b6692dd45.jpg","/images/uploaded/summernote/202302/0f486662f9735217cfed968b6692dd45.jpg","JPG 재압축","1","952x540","952x540","74","79"
"/uploaded/summernote/202302/0f49424aef2553ebe8147c7b1706a9b3.jpg","/images/uploaded/summernote/202302/0f49424aef2553ebe8147c7b1706a9b3.jpg","JPG 재압축","1","720x961","720x961","63","70"
"/uploaded/summernote/202302/0f6ad93c8d537c21f5c258b1812c8da0.jpg","/images/uploaded/summernote/202302/0f6ad93c8d537c21f5c258b1812c8da0.jpg","JPG 재압축","1","528x960","528x960","51","60"
"/uploaded/summernote/202302/0f794c03ac96784fa41343c18fa48ec9.png","/images/uploaded/summernote/202302/0f794c03ac96784fa41343c18fa48ec9.jpg","PNG→JPG","1","1040x720","1040x720","378","204"
"/uploaded/summernote/202302/0fa91991cb1290fe44a9a572cfa0145f.jpg","/images/uploaded/summernote/202302/0fa91991cb1290fe44a9a572cfa0145f.jpg","JPG 재압축","1","960x720","960x720","70","90"
"/uploaded/summernote/202302/0faa30b382e85955cdfad74b1bdc48ae.png","/images/uploaded/summernote/202302/0faa30b382e85955cdfad74b1bdc48ae.jpg","PNG→JPG","1","940x627","940x627","1162","79"
"/uploaded/summernote/202302/0fe19791dedb90d17ee475df4a0ea110.jpg","/images/uploaded/summernote/202302/0fe19791dedb90d17ee475df4a0ea110.jpg","JPG 재압축","1","600x450","600x450","38","39"
"/uploaded/summernote/202302/104acb3e1d962509c7c615a9465b8a1b.jpg","/images/uploaded/summernote/202302/104acb3e1d962509c7c615a9465b8a1b.jpg","JPG 재압축","1","2048x1536","1400x1050","533","353"
"/uploaded/summernote/202302/108b747c9bd90358a1d18384e542b7b0.jpg","/images/uploaded/summernote/202302/108b747c9bd90358a1d18384e542b7b0.jpg","JPG 재압축","1","592x296","592x296","48","51"
"/uploaded/summernote/202302/10b526ce08ffc60a3ad3e74b29e44191.jpg","/images/uploaded/summernote/202302/10b526ce08ffc60a3ad3e74b29e44191.jpg","JPG 재압축","1","600x338","600x338","29","30"
"/uploaded/summernote/202302/10f45d458a6b885623e5b2a7be506b34.jpg","/images/uploaded/summernote/202302/10f45d458a6b885623e5b2a7be506b34.jpg","JPG 재압축","1","960x721","960x721","89","117"
"/uploaded/summernote/202302/118c03aa18095a566f1739cfa9862823.jpg","/images/uploaded/summernote/202302/118c03aa18095a566f1739cfa9862823.jpg","JPG 재압축","1","292x600","292x600","22","23"
"/uploaded/summernote/202302/12caff258f5d9b2cbec54d06441b79ab.jpg","/images/uploaded/summernote/202302/12caff258f5d9b2cbec54d06441b79ab.jpg","JPG 재압축","1","2048x1365","1400x933","189","140"
"/uploaded/summernote/202302/12fb95dad498263d0999c15a0a5c83a6.jpg","/images/uploaded/summernote/202302/12fb95dad498263d0999c15a0a5c83a6.jpg","JPG 재압축","1","960x480","960x480","51","63"
"/uploaded/summernote/202302/132afc3d031b3355a12aaa11d7ec6ad0.png","/images/uploaded/summernote/202302/132afc3d031b3355a12aaa11d7ec6ad0.jpg","PNG→JPG","1","1280x720","1280x720","492","138"
"/uploaded/summernote/202302/138d1d2fdee88cb3890e5204d16e8749.jpg","/images/uploaded/summernote/202302/138d1d2fdee88cb3890e5204d16e8749.jpg","JPG 재압축","1","600x450","600x450","72","77"
"/uploaded/summernote/202302/13ba1dfaa74426449db0a22911678863.jpg","/images/uploaded/summernote/202302/13ba1dfaa74426449db0a22911678863.jpg","JPG 재압축","1","960x576","960x576","54","67"
"/uploaded/summernote/202302/13c35ecf949d2cc7c21e81acbf9c3d9a.jpg","/images/uploaded/summernote/202302/13c35ecf949d2cc7c21e81acbf9c3d9a.jpg","JPG 재압축","1","600x368","600x368","37","39"
"/uploaded/summernote/202302/13cf9774271f87e7563dfff1b25ba94a.jpg","/images/uploaded/summernote/202302/13cf9774271f87e7563dfff1b25ba94a.jpg","JPG 재압축","1","600x600","600x600","74","77"
"/uploaded/summernote/202302/140ae787349ff989318efe8ee94f6298.jpg","/images/uploaded/summernote/202302/140ae787349ff989318efe8ee94f6298.jpg","JPG 재압축","1","600x450","600x450","41","43"
"/uploaded/summernote/202302/14aeeafbf9bc4cbd202058acfac5586a.jpg","/images/uploaded/summernote/202302/14aeeafbf9bc4cbd202058acfac5586a.jpg","JPG 재압축","1","581x1032","581x1032","53","72"
"/uploaded/summernote/202302/14b58f1e60fcc677da7d2019e7bc7172.jpg","/images/uploaded/summernote/202302/14b58f1e60fcc677da7d2019e7bc7172.jpg","JPG 재압축","1","960x540","960x540","56","69"
"/uploaded/summernote/202302/156639622c78ba9019ea1d4e6eeb72ad.jpg","/images/uploaded/summernote/202302/156639622c78ba9019ea1d4e6eeb72ad.jpg","JPG 재압축","1","2016x1134","1400x788","363","173"
"/uploaded/summernote/202302/15fa04a667ebffe18761dd0298bcc18f.jpg","/images/uploaded/summernote/202302/15fa04a667ebffe18761dd0298bcc18f.jpg","JPG 재압축","1","2016x1134","1400x788","474","230"
"/uploaded/summernote/202302/163509566fbe064ca4941acc3f677ebf.jpg","/images/uploaded/summernote/202302/163509566fbe064ca4941acc3f677ebf.jpg","JPG 재압축","1","960x720","960x720","51","64"
"/uploaded/summernote/202302/165da18770d0616088a20e927f8298a0.jpg","/images/uploaded/summernote/202302/165da18770d0616088a20e927f8298a0.jpg","JPG 재압축","1","719x960","719x960","46","58"
"/uploaded/summernote/202302/1664a101b3ed54631d7ac0c58ba8a21d.jpg","/images/uploaded/summernote/202302/1664a101b3ed54631d7ac0c58ba8a21d.jpg","JPG 재압축","1","1102x866","1102x866","151","119"
"/uploaded/summernote/202302/166e0f6111675d9c29cfd825e97e78de.jpg","/images/uploaded/summernote/202302/166e0f6111675d9c29cfd825e97e78de.jpg","JPG 재압축","1","960x717","960x717","48","60"
"/uploaded/summernote/202302/1676d4d61a82462e766fdb4f461f79d7.png","/images/uploaded/summernote/202302/1676d4d61a82462e766fdb4f461f79d7.jpg","PNG→JPG","1","1280x720","1280x720","1436","145"
"/uploaded/summernote/202302/17624b9b48137936661a8a22a94cafeb.jpg","/images/uploaded/summernote/202302/17624b9b48137936661a8a22a94cafeb.jpg","JPG 재압축","1","2048x1365","1400x933","245","176"
"/uploaded/summernote/202302/180c83c34c615f85a8d78924c5ce468a.jpg","/images/uploaded/summernote/202302/180c83c34c615f85a8d78924c5ce468a.jpg","JPG 재압축","1","1334x1334","1334x1334","136","186"
"/uploaded/summernote/202302/181d123928012dc90c5a2371e83b7370.jpg","/images/uploaded/summernote/202302/181d123928012dc90c5a2371e83b7370.jpg","JPG 재압축","1","960x720","960x720","70","88"
"/uploaded/summernote/202302/184553c67cd75130eaabea3f382b906a.png","/images/uploaded/summernote/202302/184553c67cd75130eaabea3f382b906a.jpg","PNG→JPG","1","1414x2000","990x1400","406","170"
"/uploaded/summernote/202302/18494fe78657d6312f4cbf78504107c3.jpg","/images/uploaded/summernote/202302/18494fe78657d6312f4cbf78504107c3.jpg","JPG 재압축","1","960x717","960x717","65","82"
"/uploaded/summernote/202302/187206e792959c283c649c7548278c5f.png","/images/uploaded/summernote/202302/187206e792959c283c649c7548278c5f.jpg","PNG→JPG","1","1080x1080","1080x1080","151","115"
"/uploaded/summernote/202302/188abecb7cd99582f4e07328f2e5f626.jpg","/images/uploaded/summernote/202302/188abecb7cd99582f4e07328f2e5f626.jpg","JPG 재압축","1","720x540","720x540","66","69"
"/uploaded/summernote/202302/189d7a7735f038e3235ccf0f7578b202.jpg","/images/uploaded/summernote/202302/189d7a7735f038e3235ccf0f7578b202.jpg","JPG 재압축","1","1334x1334","1334x1334","91","128"
"/uploaded/summernote/202302/18a35735187e3b0e36a8f0bde568d1df.jpg","/images/uploaded/summernote/202302/18a35735187e3b0e36a8f0bde568d1df.jpg","JPG 재압축","1","945x945","945x945","133","143"
"/uploaded/summernote/202302/18f58a8d886be23599d1db31fcdce26b.jpg","/images/uploaded/summernote/202302/18f58a8d886be23599d1db31fcdce26b.jpg","JPG 재압축","1","1094x759","1094x759","164","156"
"/uploaded/summernote/202302/1936eaae8059f67a6d992ed52ee63551.jpg","/images/uploaded/summernote/202302/1936eaae8059f67a6d992ed52ee63551.jpg","JPG 재압축","1","960x720","960x720","79","102"
"/uploaded/summernote/202302/1951383acd87ba2b4c8690c693a18720.jpg","/images/uploaded/summernote/202302/1951383acd87ba2b4c8690c693a18720.jpg","JPG 재압축","1","450x600","450x600","32","33"
"/uploaded/summernote/202302/19e5ae55bc888838cfef0a1cb9ad5faa.png","/images/uploaded/summernote/202302/19e5ae55bc888838cfef0a1cb9ad5faa.jpg","PNG→JPG","1","1280x720","1280x720","438","144"
"/uploaded/summernote/202302/1a03b9de9107f90976ce73c067013c76.jpg","/images/uploaded/summernote/202302/1a03b9de9107f90976ce73c067013c76.jpg","JPG 재압축","1","350x583","350x583","29","30"
"/uploaded/summernote/202302/1a6e7682e6f203827dae85355d02a6c0.jpg","/images/uploaded/summernote/202302/1a6e7682e6f203827dae85355d02a6c0.jpg","JPG 재압축","1","960x720","960x720","72","87"
"/uploaded/summernote/202302/1b2882ba4b39dddc810408dbf942781c.jpg","/images/uploaded/summernote/202302/1b2882ba4b39dddc810408dbf942781c.jpg","JPG 재압축","1","2048x2048","1400x1400","382","276"
"/uploaded/summernote/202302/1b37ebe607cc78d83bd66c166a93afbe.jpg","/images/uploaded/summernote/202302/1b37ebe607cc78d83bd66c166a93afbe.jpg","JPG 재압축","1","2048x1365","1400x933","229","173"
"/uploaded/summernote/202302/1b3ad7750752eaa89e5804b706030692.jpg","/images/uploaded/summernote/202302/1b3ad7750752eaa89e5804b706030692.jpg","JPG 재압축","1","1536x2048","1050x1400","250","171"
"/uploaded/summernote/202302/1ba59ac595b22ec93769a6ab6e8c9478.jpg","/images/uploaded/summernote/202302/1ba59ac595b22ec93769a6ab6e8c9478.jpg","JPG 재압축","1","1334x1334","1334x1334","146","199"
"/uploaded/summernote/202302/1bfe3a141d97f15b5811c924201fbfbe.jpg","/images/uploaded/summernote/202302/1bfe3a141d97f15b5811c924201fbfbe.jpg","JPG 재압축","1","1536x2048","1050x1400","296","184"
"/uploaded/summernote/202302/1c09c0f9512ef8e8d6e347f7a9929a15.jpg","/images/uploaded/summernote/202302/1c09c0f9512ef8e8d6e347f7a9929a15.jpg","JPG 재압축","1","944x944","944x944","173","138"
"/uploaded/summernote/202302/1c294023114ca65cf8300160875ff9e4.jpg","/images/uploaded/summernote/202302/1c294023114ca65cf8300160875ff9e4.jpg","JPG 재압축","1","581x1032","581x1032","43","53"
"/uploaded/summernote/202302/1c54093630eef71c68ff952b35a0cd62.jpg","/images/uploaded/summernote/202302/1c54093630eef71c68ff952b35a0cd62.jpg","JPG 재압축","1","960x720","960x720","66","87"
"/uploaded/summernote/202302/1cf4b66b55ea88922c4cb89ce6b8d55f.jpg","/images/uploaded/summernote/202302/1cf4b66b55ea88922c4cb89ce6b8d55f.jpg","JPG 재압축","1","558x799","558x799","56","74"
"/uploaded/summernote/202302/1d79cfe184bf7f2b941e9a058964e678.jpg","/images/uploaded/summernote/202302/1d79cfe184bf7f2b941e9a058964e678.jpg","JPG 재압축","1","960x960","960x960","66","79"
"/uploaded/summernote/202302/1e3a8c0d56e9d7ea8597a931d0ef6d7c.jpg","/images/uploaded/summernote/202302/1e3a8c0d56e9d7ea8597a931d0ef6d7c.jpg","JPG 재압축","1","1066x373","1066x373","56","49"
"/uploaded/summernote/202302/1f20633a0ed8aae96319edf3924462ca.jpg","/images/uploaded/summernote/202302/1f20633a0ed8aae96319edf3924462ca.jpg","JPG 재압축","1","960x540","960x540","56","69"
"/uploaded/summernote/202302/1f30c201226c0e6b80302412fb852a89.jpg","/images/uploaded/summernote/202302/1f30c201226c0e6b80302412fb852a89.jpg","JPG 재압축","1","960x720","960x720","67","85"
"/uploaded/summernote/202302/1f58fd1760a80f160b9ba7e35b5304c3.jpg","/images/uploaded/summernote/202302/1f58fd1760a80f160b9ba7e35b5304c3.jpg","JPG 재압축","1","600x450","600x450","40","41"
"/uploaded/summernote/202302/1fdeb7335c66eb0497cd9af4768f9d40.png","/images/uploaded/summernote/202302/1fdeb7335c66eb0497cd9af4768f9d40.jpg","PNG→JPG","1","1280x720","1280x720","1587","150"
"/uploaded/summernote/202302/1fe176353de7564be32a0fc511d7e6a7.jpg","/images/uploaded/summernote/202302/1fe176353de7564be32a0fc511d7e6a7.jpg","JPG 재압축","1","720x540","720x540","58","60"
"/uploaded/summernote/202302/21208698a91985461f5b0e73529e1bb1.jpg","/images/uploaded/summernote/202302/21208698a91985461f5b0e73529e1bb1.jpg","JPG 재압축","1","2048x1365","1400x933","229","173"
"/uploaded/summernote/202302/215392f559d08f8bd76097f281ca7bb3.jpg","/images/uploaded/summernote/202302/215392f559d08f8bd76097f281ca7bb3.jpg","JPG 재압축","1","960x720","960x720","67","84"
"/uploaded/summernote/202302/21ae5c740eeb38c56210f655dbb3b896.jpg","/images/uploaded/summernote/202302/21ae5c740eeb38c56210f655dbb3b896.jpg","JPG 재압축","1","526x707","526x707","57","59"
"/uploaded/summernote/202302/21bf7abc08653158005893c7bf2a84b8.jpg","/images/uploaded/summernote/202302/21bf7abc08653158005893c7bf2a84b8.jpg","JPG 재압축","1","1536x2048","1050x1400","411","293"
"/uploaded/summernote/202302/21c09ae7996e26bf652e05120a6b9b70.jpg","/images/uploaded/summernote/202302/21c09ae7996e26bf652e05120a6b9b70.jpg","JPG 재압축","1","1074x1559","964x1400","115","113"
"/uploaded/summernote/202302/21cbe56574ef7e5f098c1ecd185ba9ae.jpg","/images/uploaded/summernote/202302/21cbe56574ef7e5f098c1ecd185ba9ae.jpg","JPG 재압축","1","600x600","600x600","63","66"
"/uploaded/summernote/202302/232754a78132530d73d1dfe4f1d89d99.jpg","/images/uploaded/summernote/202302/232754a78132530d73d1dfe4f1d89d99.jpg","JPG 재압축","1","1334x1334","1334x1334","173","237"
"/uploaded/summernote/202302/2327b7553fd0c18b5f800dcdc24cde80.jpg","/images/uploaded/summernote/202302/2327b7553fd0c18b5f800dcdc24cde80.jpg","JPG 재압축","1","2048x1365","1400x933","159","120"
"/uploaded/summernote/202302/232de9aa80443b200dbe1ced165585a9.png","/images/uploaded/summernote/202302/232de9aa80443b200dbe1ced165585a9.jpg","PNG→JPG","1","1080x1080","1080x1080","142","97"
"/uploaded/summernote/202302/2397650b7dfb3f603e34d8274726ee7f.jpg","/images/uploaded/summernote/202302/2397650b7dfb3f603e34d8274726ee7f.jpg","JPG 재압축","1","960x720","960x720","102","126"
"/uploaded/summernote/202302/23a8093e34732d5d01db714cae5ca10b.png","/images/uploaded/summernote/202302/23a8093e34732d5d01db714cae5ca10b.jpg","PNG→JPG","1","1280x720","1280x720","1380","184"
"/uploaded/summernote/202302/23e4d9a278b213c5ef5a0c2c8e610cc6.jpg","/images/uploaded/summernote/202302/23e4d9a278b213c5ef5a0c2c8e610cc6.jpg","JPG 재압축","1","2048x1536","1400x1050","247","183"
"/uploaded/summernote/202302/2413cb9273dcb4613f51a2ed104c7b82.jpg","/images/uploaded/summernote/202302/2413cb9273dcb4613f51a2ed104c7b82.jpg","JPG 재압축","1","2048x1536","1400x1050","272","199"
"/uploaded/summernote/202302/242f40146a064af5e24641411fac8bb8.jpg","/images/uploaded/summernote/202302/242f40146a064af5e24641411fac8bb8.jpg","JPG 재압축","1","945x945","945x945","75","86"
"/uploaded/summernote/202302/249a0a69f18686c0d45c926d07bb5dbc.jpg","/images/uploaded/summernote/202302/249a0a69f18686c0d45c926d07bb5dbc.jpg","JPG 재압축","1","960x720","960x720","73","86"
"/uploaded/summernote/202302/24a7b7c09ecb1b37b76c04b55c1f9207.jpg","/images/uploaded/summernote/202302/24a7b7c09ecb1b37b76c04b55c1f9207.jpg","JPG 재압축","1","1440x1080","1400x1050","142","167"
"/uploaded/summernote/202302/24beaaf0e40d1d1cf777aaafe6f0f6f6.jpg","/images/uploaded/summernote/202302/24beaaf0e40d1d1cf777aaafe6f0f6f6.jpg","JPG 재압축","1","450x600","450x600","52","53"
"/uploaded/summernote/202302/256247270e534f3af194f644fd09de4a.jpg","/images/uploaded/summernote/202302/256247270e534f3af194f644fd09de4a.jpg","JPG 재압축","1","583x350","583x350","36","37"
"/uploaded/summernote/202302/25ee01768948e10a81896d2a0a89d458.jpg","/images/uploaded/summernote/202302/25ee01768948e10a81896d2a0a89d458.jpg","JPG 재압축","1","593x395","593x395","39","41"
"/uploaded/summernote/202302/2626cd1a0eb71830a68a695ab7e382cb.jpg","/images/uploaded/summernote/202302/2626cd1a0eb71830a68a695ab7e382cb.jpg","JPG 재압축","1","960x717","960x717","48","60"
"/uploaded/summernote/202302/267160e95cd8c03b76be2e4e50f6db99.jpg","/images/uploaded/summernote/202302/267160e95cd8c03b76be2e4e50f6db99.jpg","JPG 재압축","1","479x478","479x478","33","41"
"/uploaded/summernote/202302/26c5ccd1bdd6fa6d8c55e67c800a37cb.png","/images/uploaded/summernote/202302/26c5ccd1bdd6fa6d8c55e67c800a37cb.jpg","PNG→JPG","1","1280x720","1280x720","1529","150"
"/uploaded/summernote/202302/26ef8bf636b0c532911f63b2783f49b3.jpg","/images/uploaded/summernote/202302/26ef8bf636b0c532911f63b2783f49b3.jpg","JPG 재압축","1","600x450","600x450","40","42"
"/uploaded/summernote/202302/28528a59654bae61f6d89fa13da2f778.jpg","/images/uploaded/summernote/202302/28528a59654bae61f6d89fa13da2f778.jpg","JPG 재압축","1","600x600","600x600","51","57"
"/uploaded/summernote/202302/287dfe2e4de987302d995851b5a833ab.jpg","/images/uploaded/summernote/202302/287dfe2e4de987302d995851b5a833ab.jpg","JPG 재압축","1","960x720","960x720","70","86"
"/uploaded/summernote/202302/2883eb0b0c8caea65814cc17a28ba4f8.jpg","/images/uploaded/summernote/202302/2883eb0b0c8caea65814cc17a28ba4f8.jpg","JPG 재압축","1","960x960","960x960","91","115"
"/uploaded/summernote/202302/28fa8e24485fbf4076643200c6b43356.jpg","/images/uploaded/summernote/202302/28fa8e24485fbf4076643200c6b43356.jpg","JPG 재압축","1","1316x640","1316x640","83","102"
"/uploaded/summernote/202302/2922e0a161f896fc10ef78be26514f76.jpg","/images/uploaded/summernote/202302/2922e0a161f896fc10ef78be26514f76.jpg","JPG 재압축","1","2048x1536","1400x1050","332","219"
"/uploaded/summernote/202302/2966e0f033950dd07f08701850bd3f22.jpg","/images/uploaded/summernote/202302/2966e0f033950dd07f08701850bd3f22.jpg","JPG 재압축","1","600x338","600x338","43","45"
"/uploaded/summernote/202302/2997856223a71812556222e06eab7993.jpg","/images/uploaded/summernote/202302/2997856223a71812556222e06eab7993.jpg","JPG 재압축","1","600x338","600x338","41","43"
"/uploaded/summernote/202302/29a9a53885730be3485fa45c76d5b657.jpg","/images/uploaded/summernote/202302/29a9a53885730be3485fa45c76d5b657.jpg","JPG 재압축","1","600x450","600x450","30","32"
"/uploaded/summernote/202302/2a4701596dcaacd7d9f6f7e3fcf76a99.png","/images/uploaded/summernote/202302/2a4701596dcaacd7d9f6f7e3fcf76a99.jpg","PNG→JPG","1","1280x720","1280x720","512","144"
"/uploaded/summernote/202302/2b2560d4867301b83251dc3bf995885d.jpg","/images/uploaded/summernote/202302/2b2560d4867301b83251dc3bf995885d.jpg","JPG 재압축","1","2048x1536","1400x1050","290","214"
"/uploaded/summernote/202302/2b6aecd03cd73c753d8476b6b576a8eb.jpg","/images/uploaded/summernote/202302/2b6aecd03cd73c753d8476b6b576a8eb.jpg","JPG 재압축","1","960x540","960x540","107","137"
"/uploaded/summernote/202302/2bd08a9d14e241818e95d42a0b9250d1.jpg","/images/uploaded/summernote/202302/2bd08a9d14e241818e95d42a0b9250d1.jpg","JPG 재압축","1","600x450","600x450","46","47"
"/uploaded/summernote/202302/2be21c87f35a1be578c375e2fd145d4d.jpg","/images/uploaded/summernote/202302/2be21c87f35a1be578c375e2fd145d4d.jpg","JPG 재압축","1","780x295","780x295","59","42"
"/uploaded/summernote/202302/2c157d38f86b3ede5259ce7d9edd3637.jpg","/images/uploaded/summernote/202302/2c157d38f86b3ede5259ce7d9edd3637.jpg","JPG 재압축","1","600x330","600x330","25","26"
"/uploaded/summernote/202302/2c72fc02a8cf0af7baf2355b319bd9f0.jpg","/images/uploaded/summernote/202302/2c72fc02a8cf0af7baf2355b319bd9f0.jpg","JPG 재압축","1","324x813","324x813","27","34"
"/uploaded/summernote/202302/2c9a8d738acf72432ae43c5cd8f399c6.jpg","/images/uploaded/summernote/202302/2c9a8d738acf72432ae43c5cd8f399c6.jpg","JPG 재압축","1","2048x1536","1400x1050","239","189"
"/uploaded/summernote/202302/2d28fd5601c67dd5810cb8cf26fc5b1f.jpg","/images/uploaded/summernote/202302/2d28fd5601c67dd5810cb8cf26fc5b1f.jpg","JPG 재압축","1","591x350","591x350","36","38"
"/uploaded/summernote/202302/2d729d399810e1a3a80aca81c1e7ff8b.jpg","/images/uploaded/summernote/202302/2d729d399810e1a3a80aca81c1e7ff8b.jpg","JPG 재압축","1","2048x1365","1400x933","160","123"
"/uploaded/summernote/202302/2db08e9af8bac4704b5e91ce4e9d5d02.jpg","/images/uploaded/summernote/202302/2db08e9af8bac4704b5e91ce4e9d5d02.jpg","JPG 재압축","1","600x600","600x600","50","54"
"/uploaded/summernote/202302/2e72984c445a5a8bcb7555df55745b79.jpg","/images/uploaded/summernote/202302/2e72984c445a5a8bcb7555df55745b79.jpg","JPG 재압축","1","960x720","960x720","74","95"
"/uploaded/summernote/202302/2e7808c38676166c91b79449e03c7a6c.jpg","/images/uploaded/summernote/202302/2e7808c38676166c91b79449e03c7a6c.jpg","JPG 재압축","1","2048x1536","1400x1050","297","209"
"/uploaded/summernote/202302/2e8c96d301493c884d7757bd7af4669c.jpg","/images/uploaded/summernote/202302/2e8c96d301493c884d7757bd7af4669c.jpg","JPG 재압축","1","600x338","600x338","33","38"
"/uploaded/summernote/202302/2ed4a3d8c51012b30468f6b94cbb3080.jpg","/images/uploaded/summernote/202302/2ed4a3d8c51012b30468f6b94cbb3080.jpg","JPG 재압축","1","2048x1365","1400x933","188","106"
"/uploaded/summernote/202302/2ed561987be3ed926518d52825e7a8de.jpg","/images/uploaded/summernote/202302/2ed561987be3ed926518d52825e7a8de.jpg","JPG 재압축","1","600x344","600x344","34","35"
"/uploaded/summernote/202302/2ff8267247a6f8c4eff856931851b597.png","/images/uploaded/summernote/202302/2ff8267247a6f8c4eff856931851b597.jpg","PNG→JPG","1","940x627","940x627","1379","86"
"/uploaded/summernote/202302/303bb4c46c22db2f72012aa1887107ed.jpg","/images/uploaded/summernote/202302/303bb4c46c22db2f72012aa1887107ed.jpg","JPG 재압축","1","600x450","600x450","42","44"
"/uploaded/summernote/202302/304c3a50b4f6350f5f5b6db12db74ad1.jpg","/images/uploaded/summernote/202302/304c3a50b4f6350f5f5b6db12db74ad1.jpg","JPG 재압축","1","450x600","450x600","47","49"
"/uploaded/summernote/202302/306061a593f7b88f072c59a2b507722e.jpg","/images/uploaded/summernote/202302/306061a593f7b88f072c59a2b507722e.jpg","JPG 재압축","1","720x961","720x961","63","70"
"/uploaded/summernote/202302/3080c74d9b99336127cdd665eb1306ec.jpg","/images/uploaded/summernote/202302/3080c74d9b99336127cdd665eb1306ec.jpg","JPG 재압축","1","2016x1134","1400x788","363","171"
"/uploaded/summernote/202302/315350ea73d7480e91fc534bd083ab72.jpg","/images/uploaded/summernote/202302/315350ea73d7480e91fc534bd083ab72.jpg","JPG 재압축","1","960x540","960x540","60","76"
"/uploaded/summernote/202302/317b336fc1671e78063fc97bef77336e.jpg","/images/uploaded/summernote/202302/317b336fc1671e78063fc97bef77336e.jpg","JPG 재압축","1","960x540","960x540","45","57"
"/uploaded/summernote/202302/31ae9375bb11665a25f6462cb0e49434.jpg","/images/uploaded/summernote/202302/31ae9375bb11665a25f6462cb0e49434.jpg","JPG 재압축","1","2048x1536","1400x1050","374","267"
"/uploaded/summernote/202302/322d2481a0ba8a6a33b4c3f45d77f7e4.jpg","/images/uploaded/summernote/202302/322d2481a0ba8a6a33b4c3f45d77f7e4.jpg","JPG 재압축","1","960x720","960x720","64","78"
"/uploaded/summernote/202302/323126eae07a31872c7c3e760bc7c94d.png","/images/uploaded/summernote/202302/323126eae07a31872c7c3e760bc7c94d.jpg","PNG→JPG","1","1280x720","1280x720","1587","150"
"/uploaded/summernote/202302/32a44d8af02681c24ea866e5d3387c2e.jpg","/images/uploaded/summernote/202302/32a44d8af02681c24ea866e5d3387c2e.jpg","JPG 재압축","1","338x600","338x600","36","37"
"/uploaded/summernote/202302/32b8ad89dfff838c2754593d0241ad80.jpg","/images/uploaded/summernote/202302/32b8ad89dfff838c2754593d0241ad80.jpg","JPG 재압축","1","960x720","960x720","58","71"
"/uploaded/summernote/202302/32ed8d41b17ec9d69e0ec438334279bf.jpg","/images/uploaded/summernote/202302/32ed8d41b17ec9d69e0ec438334279bf.jpg","JPG 재압축","1","2048x1536","1400x1050","242","175"
"/uploaded/summernote/202302/3309d91754d6e695e92d1849eb2baf39.png","/images/uploaded/summernote/202302/3309d91754d6e695e92d1849eb2baf39.jpg","PNG→JPG","1","1280x720","1280x720","610","149"
"/uploaded/summernote/202302/330f2fcaaf2a1bfcaae64f20cae2c109.jpg","/images/uploaded/summernote/202302/330f2fcaaf2a1bfcaae64f20cae2c109.jpg","JPG 재압축","1","2048x1536","1400x1050","252","186"
"/uploaded/summernote/202302/3313ac213bd6c947492bb2da4400a735.png","/images/uploaded/summernote/202302/3313ac213bd6c947492bb2da4400a735.jpg","PNG→JPG","1","940x627","940x627","1268","87"
"/uploaded/summernote/202302/33778f8ae98e9c1a802c4d87d6ae197e.jpg","/images/uploaded/summernote/202302/33778f8ae98e9c1a802c4d87d6ae197e.jpg","JPG 재압축","1","960x480","960x480","45","55"
"/uploaded/summernote/202302/3383f6e5b98cba84a46bdde00e00e232.jpg","/images/uploaded/summernote/202302/3383f6e5b98cba84a46bdde00e00e232.jpg","JPG 재압축","1","600x347","600x347","34","35"
"/uploaded/summernote/202302/33870a030a6f5f57760e79514559c2f8.jpg","/images/uploaded/summernote/202302/33870a030a6f5f57760e79514559c2f8.jpg","JPG 재압축","1","960x720","960x720","41","53"
"/uploaded/summernote/202302/33de892725bebb6f7165b7454c51bdb4.jpg","/images/uploaded/summernote/202302/33de892725bebb6f7165b7454c51bdb4.jpg","JPG 재압축","1","2048x1536","1400x1050","247","178"
"/uploaded/summernote/202302/33f863204d4038fffcdf16d2691d1fc3.jpg","/images/uploaded/summernote/202302/33f863204d4038fffcdf16d2691d1fc3.jpg","JPG 재압축","1","960x960","960x960","69","82"
"/uploaded/summernote/202302/346b52c88ae15cb9da65eca59a7632ec.jpg","/images/uploaded/summernote/202302/346b52c88ae15cb9da65eca59a7632ec.jpg","JPG 재압축","1","720x540","720x540","56","58"
"/uploaded/summernote/202302/34748c718cfc05718aca64e672fb5386.jpg","/images/uploaded/summernote/202302/34748c718cfc05718aca64e672fb5386.jpg","JPG 재압축","1","1440x1080","1400x1050","196","219"
"/uploaded/summernote/202302/34c27c22c4801325cfbc4db460492b94.jpg","/images/uploaded/summernote/202302/34c27c22c4801325cfbc4db460492b94.jpg","JPG 재압축","1","960x720","960x720","70","93"
"/uploaded/summernote/202302/356ee23c45b53f2fe919b421c8efd269.jpg","/images/uploaded/summernote/202302/356ee23c45b53f2fe919b421c8efd269.jpg","JPG 재압축","1","1078x1079","1078x1079","123","116"
"/uploaded/summernote/202302/35a30d2e55e0e8541ecebe28f64a2bd6.jpg","/images/uploaded/summernote/202302/35a30d2e55e0e8541ecebe28f64a2bd6.jpg","JPG 재압축","1","449x600","449x600","43","45"
"/uploaded/summernote/202302/362160c0ee0b1108ad1250061be224a3.jpg","/images/uploaded/summernote/202302/362160c0ee0b1108ad1250061be224a3.jpg","JPG 재압축","1","1042x585","1042x585","79","82"
"/uploaded/summernote/202302/36daee708e0a64f8b78d1a4041b0b02e.jpg","/images/uploaded/summernote/202302/36daee708e0a64f8b78d1a4041b0b02e.jpg","JPG 재압축","1","960x960","960x960","137","142"
"/uploaded/summernote/202302/36f05df6b402ad9815c60ab9a9faaeb2.png","/images/uploaded/summernote/202302/36f05df6b402ad9815c60ab9a9faaeb2.jpg","PNG→JPG","1","1496x951","1400x890","1608","116"
"/uploaded/summernote/202302/373aa6cf355204e3eae8bc39fd18c797.jpg","/images/uploaded/summernote/202302/373aa6cf355204e3eae8bc39fd18c797.jpg","JPG 재압축","1","600x292","600x292","33","35"
"/uploaded/summernote/202302/37a63653eed79364c1df00cd6185aebf.jpg","/images/uploaded/summernote/202302/37a63653eed79364c1df00cd6185aebf.jpg","JPG 재압축","1","905x331","905x331","87","81"
"/uploaded/summernote/202302/37f724449057ab0d272f66a22320484d.png","/images/uploaded/summernote/202302/37f724449057ab0d272f66a22320484d.jpg","PNG→JPG","1","1280x720","1280x720","706","122"
"/uploaded/summernote/202302/3861f04a60ea4da7d2afb8f88811e260.png","/images/uploaded/summernote/202302/3861f04a60ea4da7d2afb8f88811e260.jpg","PNG→JPG","1","1280x720","1280x720","650","114"
"/uploaded/summernote/202302/387ff9c9167a5a93da61cbd035938d37.jpg","/images/uploaded/summernote/202302/387ff9c9167a5a93da61cbd035938d37.jpg","JPG 재압축","1","960x720","960x720","90","113"
"/uploaded/summernote/202302/38b82bf8f4e7a670696d07fc7aaa48f5.jpg","/images/uploaded/summernote/202302/38b82bf8f4e7a670696d07fc7aaa48f5.jpg","JPG 재압축","1","338x600","338x600","59","63"
"/uploaded/summernote/202302/38dd376f8a327c77e6925922be7f5e8b.jpg","/images/uploaded/summernote/202302/38dd376f8a327c77e6925922be7f5e8b.jpg","JPG 재압축","1","600x338","600x338","40","42"
"/uploaded/summernote/202302/38ff1fde8606b7a42dddc7bff722c6f5.jpg","/images/uploaded/summernote/202302/38ff1fde8606b7a42dddc7bff722c6f5.jpg","JPG 재압축","1","600x600","600x600","60","63"
"/uploaded/summernote/202302/39161e4ee6bdfc07e7aadc46a11b9048.jpg","/images/uploaded/summernote/202302/39161e4ee6bdfc07e7aadc46a11b9048.jpg","JPG 재압축","1","2016x1134","1400x788","514","255"
"/uploaded/summernote/202302/3953be9c2c6a21f1d6504f5e7a6d7364.jpg","/images/uploaded/summernote/202302/3953be9c2c6a21f1d6504f5e7a6d7364.jpg","JPG 재압축","1","600x330","600x330","35","36"
"/uploaded/summernote/202302/39a987a809896b1f2f78244a81ee648d.jpg","/images/uploaded/summernote/202302/39a987a809896b1f2f78244a81ee648d.jpg","JPG 재압축","1","540x960","540x960","49","57"
"/uploaded/summernote/202302/39b05551a77d2e3aabca704f5f2c7db8.jpg","/images/uploaded/summernote/202302/39b05551a77d2e3aabca704f5f2c7db8.jpg","JPG 재압축","1","960x540","960x540","38","47"
"/uploaded/summernote/202302/39bbb7c296f65e798be9acd969130c81.jpg","/images/uploaded/summernote/202302/39bbb7c296f65e798be9acd969130c81.jpg","JPG 재압축","1","449x600","449x600","43","45"
"/uploaded/summernote/202302/3acec46d375fa61cf3113a9f66e58b70.jpg","/images/uploaded/summernote/202302/3acec46d375fa61cf3113a9f66e58b70.jpg","JPG 재압축","1","2048x2048","1400x1400","387","259"
"/uploaded/summernote/202302/3ae5c7a17de99cc36864e520f0e853a2.jpg","/images/uploaded/summernote/202302/3ae5c7a17de99cc36864e520f0e853a2.jpg","JPG 재압축","1","960x871","960x871","45","60"
"/uploaded/summernote/202302/3af8eddcfa912c95052d96785c8b58e3.jpg","/images/uploaded/summernote/202302/3af8eddcfa912c95052d96785c8b58e3.jpg","JPG 재압축","1","600x600","600x600","74","77"
"/uploaded/summernote/202302/3b0404d9af252549bcba2ce5d0dfee17.jpg","/images/uploaded/summernote/202302/3b0404d9af252549bcba2ce5d0dfee17.jpg","JPG 재압축","1","960x960","960x960","84","104"
"/uploaded/summernote/202302/3b063e4b3593f34ddc4c9220ccdaa356.png","/images/uploaded/summernote/202302/3b063e4b3593f34ddc4c9220ccdaa356.jpg","PNG→JPG","1","1280x720","1280x720","650","114"
"/uploaded/summernote/202302/3b50b2f5724c11070a3ff2ac234d4b3f.jpg","/images/uploaded/summernote/202302/3b50b2f5724c11070a3ff2ac234d4b3f.jpg","JPG 재압축","1","600x338","600x338","39","41"
"/uploaded/summernote/202302/3bb445ffd8c00855bd9afc2331d87e4f.jpg","/images/uploaded/summernote/202302/3bb445ffd8c00855bd9afc2331d87e4f.jpg","JPG 재압축","1","945x945","945x945","90","93"
"/uploaded/summernote/202302/3bd2a00e48f0e2c71471608826b637e3.png","/images/uploaded/summernote/202302/3bd2a00e48f0e2c71471608826b637e3.jpg","PNG→JPG","1","1280x720","1280x720","623","131"
"/uploaded/summernote/202302/3c175da36be7cac6bda0923ac6808172.jpg","/images/uploaded/summernote/202302/3c175da36be7cac6bda0923ac6808172.jpg","JPG 재압축","1","2016x1134","1400x788","478","234"
"/uploaded/summernote/202302/3cac9d1ee9532a8a3bf2dd6d91d92f02.png","/images/uploaded/summernote/202302/3cac9d1ee9532a8a3bf2dd6d91d92f02.jpg","PNG→JPG","1","1340x858","1340x858","710","173"
"/uploaded/summernote/202302/3cd3eb7a9ca1094e87a120abedffe362.jpg","/images/uploaded/summernote/202302/3cd3eb7a9ca1094e87a120abedffe362.jpg","JPG 재압축","1","960x720","960x720","66","83"
"/uploaded/summernote/202302/3d5a055496706878320f96e785ee8ef0.jpg","/images/uploaded/summernote/202302/3d5a055496706878320f96e785ee8ef0.jpg","JPG 재압축","1","960x720","960x720","89","116"
"/uploaded/summernote/202302/3e02e1a041027471c8f582710adcc0b6.jpg","/images/uploaded/summernote/202302/3e02e1a041027471c8f582710adcc0b6.jpg","JPG 재압축","1","2016x1134","1400x788","347","168"
"/uploaded/summernote/202302/3e09ae58585720579924020586090a1e.jpg","/images/uploaded/summernote/202302/3e09ae58585720579924020586090a1e.jpg","JPG 재압축","1","2048x1536","1400x1050","369","255"
"/uploaded/summernote/202302/3e5df2004c1399d2fc7eccda4dd0bc4a.jpg","/images/uploaded/summernote/202302/3e5df2004c1399d2fc7eccda4dd0bc4a.jpg","JPG 재압축","1","1120x2016","778x1400","264","127"
"/uploaded/summernote/202302/3e83a3f6756b698d3d8a37894ef31a7e.jpg","/images/uploaded/summernote/202302/3e83a3f6756b698d3d8a37894ef31a7e.jpg","JPG 재압축","1","960x720","960x720","73","91"
"/uploaded/summernote/202302/3e900293c5342fb7c10f3e7ad95a274e.jpg","/images/uploaded/summernote/202302/3e900293c5342fb7c10f3e7ad95a274e.jpg","JPG 재압축","1","2048x1536","1400x1050","242","175"
"/uploaded/summernote/202302/3ee44cc6b73ef74af92433ee999c70e9.jpg","/images/uploaded/summernote/202302/3ee44cc6b73ef74af92433ee999c70e9.jpg","JPG 재압축","1","600x338","600x338","34","35"
"/uploaded/summernote/202302/3eeef43bf116cd8c0787b73cc5deb970.jpg","/images/uploaded/summernote/202302/3eeef43bf116cd8c0787b73cc5deb970.jpg","JPG 재압축","1","945x945","945x945","136","149"
"/uploaded/summernote/202302/3f2ad3b78ee076018b8429114369e918.jpg","/images/uploaded/summernote/202302/3f2ad3b78ee076018b8429114369e918.jpg","JPG 재압축","1","960x720","960x720","65","85"
"/uploaded/summernote/202302/3fc0b9b9879f8576ee73f202d78cf327.png","/images/uploaded/summernote/202302/3fc0b9b9879f8576ee73f202d78cf327.jpg","PNG→JPG","1","1414x2000","990x1400","406","170"
"/uploaded/summernote/202302/3fe97c65c1179f9d1eeb13f262c8e823.jpg","/images/uploaded/summernote/202302/3fe97c65c1179f9d1eeb13f262c8e823.jpg","JPG 재압축","1","593x395","593x395","49","51"
"/uploaded/summernote/202302/3fff05e0e526f56e95bcc09d0042b072.jpg","/images/uploaded/summernote/202302/3fff05e0e526f56e95bcc09d0042b072.jpg","JPG 재압축","1","600x338","600x338","43","45"
"/uploaded/summernote/202302/404ca6555a1b2a70da4eb133da28030e.png","/images/uploaded/summernote/202302/404ca6555a1b2a70da4eb133da28030e.jpg","PNG→JPG","1","1280x720","1280x720","623","131"
"/uploaded/summernote/202302/40aa31a811a7eb2f80b9c243985216e7.jpg","/images/uploaded/summernote/202302/40aa31a811a7eb2f80b9c243985216e7.jpg","JPG 재압축","1","2048x1365","1400x933","235","160"
"/uploaded/summernote/202302/415cfe408a3e1b701f9a1c73d6287b0b.jpg","/images/uploaded/summernote/202302/415cfe408a3e1b701f9a1c73d6287b0b.jpg","JPG 재압축","1","1080x809","1080x809","32","39"
"/uploaded/summernote/202302/41669ef2065f9d7e97aed03e6f5a970d.jpg","/images/uploaded/summernote/202302/41669ef2065f9d7e97aed03e6f5a970d.jpg","JPG 재압축","1","719x960","719x960","53","68"
"/uploaded/summernote/202302/422b253fd25b740682e300dd431b1215.jpg","/images/uploaded/summernote/202302/422b253fd25b740682e300dd431b1215.jpg","JPG 재압축","1","600x450","600x450","45","47"
"/uploaded/summernote/202302/42c487bb32001afe8b8983b678c24f83.jpg","/images/uploaded/summernote/202302/42c487bb32001afe8b8983b678c24f83.jpg","JPG 재압축","1","1536x2048","1050x1400","411","293"
"/uploaded/summernote/202302/42ed75331905f8043980a282d84a3634.jpg","/images/uploaded/summernote/202302/42ed75331905f8043980a282d84a3634.jpg","JPG 재압축","1","2016x1512","1400x1050","406","202"
"/uploaded/summernote/202302/4343e4da8268ad5a8ecfbe303f674073.png","/images/uploaded/summernote/202302/4343e4da8268ad5a8ecfbe303f674073.jpg","PNG→JPG","1","1280x720","1280x720","1469","147"
"/uploaded/summernote/202302/44318b1e2635e4c4db330fd8f380addf.png","/images/uploaded/summernote/202302/44318b1e2635e4c4db330fd8f380addf.jpg","PNG→JPG","1","720x951","720x951","385","144"
"/uploaded/summernote/202302/447fa7cbecce4fa4f72131f74846adc6.jpg","/images/uploaded/summernote/202302/447fa7cbecce4fa4f72131f74846adc6.jpg","JPG 재압축","1","2048x1536","1400x1050","242","175"
"/uploaded/summernote/202302/448f157955b9005ee13f0873b7a991b7.png","/images/uploaded/summernote/202302/448f157955b9005ee13f0873b7a991b7.jpg","PNG→JPG","1","1280x720","1280x720","478","180"
"/uploaded/summernote/202302/44d85cd66ae167bf7c6a9bbe7a4e3959.jpg","/images/uploaded/summernote/202302/44d85cd66ae167bf7c6a9bbe7a4e3959.jpg","JPG 재압축","1","2048x1365","1400x933","207","151"
"/uploaded/summernote/202302/4529e429d826498ca36730840a5a6a18.jpg","/images/uploaded/summernote/202302/4529e429d826498ca36730840a5a6a18.jpg","JPG 재압축","1","960x720","960x720","74","95"
"/uploaded/summernote/202302/458f3fcf1d10cd2a0ebd60987217680a.jpg","/images/uploaded/summernote/202302/458f3fcf1d10cd2a0ebd60987217680a.jpg","JPG 재압축","1","960x960","960x960","129","125"
"/uploaded/summernote/202302/45c55296f6c805822c53efe5988dba85.jpg","/images/uploaded/summernote/202302/45c55296f6c805822c53efe5988dba85.jpg","JPG 재압축","1","600x450","600x450","74","79"
"/uploaded/summernote/202302/462395c4994f5c9733828baeb0efabd5.jpg","/images/uploaded/summernote/202302/462395c4994f5c9733828baeb0efabd5.jpg","JPG 재압축","1","526x526","526x526","59","62"
"/uploaded/summernote/202302/46308bc60da363962bf61df767f4cfc4.png","/images/uploaded/summernote/202302/46308bc60da363962bf61df767f4cfc4.jpg","PNG→JPG","1","1280x720","1280x720","394","167"
"/uploaded/summernote/202302/46398c9b17cb524519ed3118292a9ab3.jpg","/images/uploaded/summernote/202302/46398c9b17cb524519ed3118292a9ab3.jpg","JPG 재압축","1","960x720","960x720","74","94"
"/uploaded/summernote/202302/4666cbe88f220787a7f20ff5e9822b8a.jpg","/images/uploaded/summernote/202302/4666cbe88f220787a7f20ff5e9822b8a.jpg","JPG 재압축","1","2048x1365","1400x933","321","185"
"/uploaded/summernote/202302/4680f59eda178d3665ab0b46964f392c.jpg","/images/uploaded/summernote/202302/4680f59eda178d3665ab0b46964f392c.jpg","JPG 재압축","1","600x600","600x600","63","66"
"/uploaded/summernote/202302/468fd4c100dcdd356b824b07334c590a.png","/images/uploaded/summernote/202302/468fd4c100dcdd356b824b07334c590a.jpg","PNG→JPG","1","1080x1080","1080x1080","532","181"
"/uploaded/summernote/202302/469477461d830960eedbe9a69549ce1d.png","/images/uploaded/summernote/202302/469477461d830960eedbe9a69549ce1d.jpg","PNG→JPG","1","1280x720","1280x720","1529","150"
"/uploaded/summernote/202302/46a3a02bb7def2cfeddeb6d994aa1a73.jpg","/images/uploaded/summernote/202302/46a3a02bb7def2cfeddeb6d994aa1a73.jpg","JPG 재압축","1","960x720","960x720","102","126"
"/uploaded/summernote/202302/46e039c22a98d59df95388cedac31db3.jpg","/images/uploaded/summernote/202302/46e039c22a98d59df95388cedac31db3.jpg","JPG 재압축","1","600x338","600x338","30","31"
"/uploaded/summernote/202302/47b36c45059917c10c88e4364547cab6.jpg","/images/uploaded/summernote/202302/47b36c45059917c10c88e4364547cab6.jpg","JPG 재압축","1","600x450","600x450","39","40"
"/uploaded/summernote/202302/47f5d22d2b5b507de31a6704c00cb4a2.jpg","/images/uploaded/summernote/202302/47f5d22d2b5b507de31a6704c00cb4a2.jpg","JPG 재압축","1","944x944","944x944","124","99"
"/uploaded/summernote/202302/47fda58ebf100df54899163b4ebdae78.jpg","/images/uploaded/summernote/202302/47fda58ebf100df54899163b4ebdae78.jpg","JPG 재압축","1","720x540","720x540","61","63"
"/uploaded/summernote/202302/487ecbababfdff4fff18e731caf57b85.jpg","/images/uploaded/summernote/202302/487ecbababfdff4fff18e731caf57b85.jpg","JPG 재압축","1","600x600","600x600","73","77"
"/uploaded/summernote/202302/48c1405e5f0b56ed73ebc7adad22492d.png","/images/uploaded/summernote/202302/48c1405e5f0b56ed73ebc7adad22492d.jpg","PNG→JPG","1","2048x2048","1400x1400","4429","300"
"/uploaded/summernote/202302/48fc5b76dea8674256ab7a40e8f4c4f4.png","/images/uploaded/summernote/202302/48fc5b76dea8674256ab7a40e8f4c4f4.jpg","PNG→JPG","1","1280x720","1280x720","1436","145"
"/uploaded/summernote/202302/4912ff4eb81345eef44bc273d19a16e2.jpg","/images/uploaded/summernote/202302/4912ff4eb81345eef44bc273d19a16e2.jpg","JPG 재압축","1","960x720","960x720","79","104"
"/uploaded/summernote/202302/49320711c9727262a3e1cc991f1d9a26.jpg","/images/uploaded/summernote/202302/49320711c9727262a3e1cc991f1d9a26.jpg","JPG 재압축","1","2016x1134","1400x788","351","166"
"/uploaded/summernote/202302/496322a81bc9519363fe3e7e6b0769a8.jpg","/images/uploaded/summernote/202302/496322a81bc9519363fe3e7e6b0769a8.jpg","JPG 재압축","1","2048x1536","1400x1050","382","270"
"/uploaded/summernote/202302/49b6b0b00f835f68118d2b1537e98bc1.png","/images/uploaded/summernote/202302/49b6b0b00f835f68118d2b1537e98bc1.jpg","PNG→JPG","1","1080x1080","1080x1080","521","168"
"/uploaded/summernote/202302/49c95b83f19458121428652ff5e9ba00.png","/images/uploaded/summernote/202302/49c95b83f19458121428652ff5e9ba00.jpg","PNG→JPG","1","1189x913","1189x913","860","171"
"/uploaded/summernote/202302/4b5e97b55018df86118d0d34246b41d7.png","/images/uploaded/summernote/202302/4b5e97b55018df86118d0d34246b41d7.jpg","PNG→JPG","1","1080x1080","1080x1080","484","175"
"/uploaded/summernote/202302/4b64155823967439b0e1b62b07a2ba24.jpg","/images/uploaded/summernote/202302/4b64155823967439b0e1b62b07a2ba24.jpg","JPG 재압축","1","960x720","960x720","76","97"
"/uploaded/summernote/202302/4b72e07cae43e09fd659a656cbe06b0b.jpg","/images/uploaded/summernote/202302/4b72e07cae43e09fd659a656cbe06b0b.jpg","JPG 재압축","1","600x338","600x338","41","43"
"/uploaded/summernote/202302/4b850f2c8d04673711e297af84798fbe.jpg","/images/uploaded/summernote/202302/4b850f2c8d04673711e297af84798fbe.jpg","JPG 재압축","1","2016x1134","1400x788","327","153"
"/uploaded/summernote/202302/4bad67ed249ce910966920f9eacd6f5d.jpg","/images/uploaded/summernote/202302/4bad67ed249ce910966920f9eacd6f5d.jpg","JPG 재압축","1","665x960","665x960","104","135"
"/uploaded/summernote/202302/4bccb57f10bc50d644852ebf98b539f5.jpg","/images/uploaded/summernote/202302/4bccb57f10bc50d644852ebf98b539f5.jpg","JPG 재압축","1","960x720","960x720","37","48"
"/uploaded/summernote/202302/4bd05096fb159a59bc398ece4de5a89d.jpg","/images/uploaded/summernote/202302/4bd05096fb159a59bc398ece4de5a89d.jpg","JPG 재압축","1","600x450","600x450","49","51"
"/uploaded/summernote/202302/4bf127542330378de465ad2799accdaa.jpg","/images/uploaded/summernote/202302/4bf127542330378de465ad2799accdaa.jpg","JPG 재압축","1","450x600","450x600","53","56"
"/uploaded/summernote/202302/4bf8b914e88dbc918be36ca7a61cfe94.jpg","/images/uploaded/summernote/202302/4bf8b914e88dbc918be36ca7a61cfe94.jpg","JPG 재압축","1","720x960","720x960","85","109"
"/uploaded/summernote/202302/4c335bebd12c7ec7ed96196aa596e302.png","/images/uploaded/summernote/202302/4c335bebd12c7ec7ed96196aa596e302.jpg","PNG→JPG","1","1080x1080","1080x1080","126","88"
"/uploaded/summernote/202302/4c35ddc37bac575885d2514837370135.jpg","/images/uploaded/summernote/202302/4c35ddc37bac575885d2514837370135.jpg","JPG 재압축","1","2048x2048","1400x1400","382","276"
"/uploaded/summernote/202302/4cc5d3859f6bc986ae845c9738259fcf.jpg","/images/uploaded/summernote/202302/4cc5d3859f6bc986ae845c9738259fcf.jpg","JPG 재압축","1","960x720","960x720","62","80"
"/uploaded/summernote/202302/4cf0f29ecf64d9cde267fe37db048922.jpg","/images/uploaded/summernote/202302/4cf0f29ecf64d9cde267fe37db048922.jpg","JPG 재압축","1","600x600","600x600","73","77"
"/uploaded/summernote/202302/4d21e86099637659d255051bb2450e7b.png","/images/uploaded/summernote/202302/4d21e86099637659d255051bb2450e7b.jpg","PNG→JPG","1","600x258","600x258","70","21"
"/uploaded/summernote/202302/4d648c38e0fcccd175fd7f59f9671fe1.png","/images/uploaded/summernote/202302/4d648c38e0fcccd175fd7f59f9671fe1.jpg","PNG→JPG","1","1280x720","1280x720","502","132"
"/uploaded/summernote/202302/4d6b6e61351d88d55b70ca544451d3c7.png","/images/uploaded/summernote/202302/4d6b6e61351d88d55b70ca544451d3c7.jpg","PNG→JPG","1","1280x720","1280x720","610","149"
"/uploaded/summernote/202302/4dc7e0d0166857f3804465117713d75d.jpg","/images/uploaded/summernote/202302/4dc7e0d0166857f3804465117713d75d.jpg","JPG 재압축","1","526x526","526x526","53","56"
"/uploaded/summernote/202302/4e347ae864c49e43d8ee24a2ceb7070c.jpg","/images/uploaded/summernote/202302/4e347ae864c49e43d8ee24a2ceb7070c.jpg","JPG 재압축","1","600x600","600x600","46","47"
"/uploaded/summernote/202302/4e5350d713f06e23a8f38aae1c632df4.jpg","/images/uploaded/summernote/202302/4e5350d713f06e23a8f38aae1c632df4.jpg","JPG 재압축","1","2048x1536","1400x1050","445","306"
"/uploaded/summernote/202302/4e7f9dbf6be50e7c1d4d1e7b9cbcd938.jpg","/images/uploaded/summernote/202302/4e7f9dbf6be50e7c1d4d1e7b9cbcd938.jpg","JPG 재압축","1","960x720","960x720","60","72"
"/uploaded/summernote/202302/4e9ab4f1a2ccbcd72b6a28724335e416.png","/images/uploaded/summernote/202302/4e9ab4f1a2ccbcd72b6a28724335e416.jpg","PNG→JPG","1","702x717","702x717","172","117"
"/uploaded/summernote/202302/4eaa096561191bbbaa9c851798763942.jpg","/images/uploaded/summernote/202302/4eaa096561191bbbaa9c851798763942.jpg","JPG 재압축","1","600x600","600x600","60","62"
"/uploaded/summernote/202302/4ec0242cbf9c1ae234081d345f6bc07a.png","/images/uploaded/summernote/202302/4ec0242cbf9c1ae234081d345f6bc07a.jpg","PNG→JPG","1","1280x720","1280x720","512","144"
"/uploaded/summernote/202302/4ed07fd72c8de0e1fd58c0c7c604fefc.jpg","/images/uploaded/summernote/202302/4ed07fd72c8de0e1fd58c0c7c604fefc.jpg","JPG 재압축","1","592x296","592x296","30","31"
"/uploaded/summernote/202302/4f2cb64489f150130019fd21c0448afd.jpg","/images/uploaded/summernote/202302/4f2cb64489f150130019fd21c0448afd.jpg","JPG 재압축","1","720x540","720x540","72","75"
"/uploaded/summernote/202302/4f2e9ff4eba013f7e7a94251c4836dfd.jpg","/images/uploaded/summernote/202302/4f2e9ff4eba013f7e7a94251c4836dfd.jpg","JPG 재압축","1","1340x858","1340x858","235","173"
"/uploaded/summernote/202302/4f2f23d82a4f5ced7cbc1615e9f48c83.jpg","/images/uploaded/summernote/202302/4f2f23d82a4f5ced7cbc1615e9f48c83.jpg","JPG 재압축","1","1334x1334","1334x1334","146","200"
"/uploaded/summernote/202302/4fbf54881a94fec34c58369e78d9d969.jpg","/images/uploaded/summernote/202302/4fbf54881a94fec34c58369e78d9d969.jpg","JPG 재압축","1","944x944","944x944","136","108"
"/uploaded/summernote/202302/504bcd40571ef1a2fbc4fc6c2560faf9.jpg","/images/uploaded/summernote/202302/504bcd40571ef1a2fbc4fc6c2560faf9.jpg","JPG 재압축","1","960x480","960x480","88","110"
"/uploaded/summernote/202302/5088b1a5981c8cd5740042ffb700a9f6.png","/images/uploaded/summernote/202302/5088b1a5981c8cd5740042ffb700a9f6.jpg","PNG→JPG","1","1080x1080","1080x1080","596","131"
"/uploaded/summernote/202302/50b3cc1c5554cfa890a24b137b3f584a.jpg","/images/uploaded/summernote/202302/50b3cc1c5554cfa890a24b137b3f584a.jpg","JPG 재압축","1","2016x1134","1400x788","371","176"
"/uploaded/summernote/202302/50c762bb7e0c17f8209426439ce1aeb4.png","/images/uploaded/summernote/202302/50c762bb7e0c17f8209426439ce1aeb4.jpg","PNG→JPG","1","1280x720","1280x720","773","125"
"/uploaded/summernote/202302/511ae5265634eec4b489fecce4ee9e54.jpg","/images/uploaded/summernote/202302/511ae5265634eec4b489fecce4ee9e54.jpg","JPG 재압축","1","1440x1080","1400x1050","161","179"
"/uploaded/summernote/202302/51468097960268dea6aa0e20b7f7af04.png","/images/uploaded/summernote/202302/51468097960268dea6aa0e20b7f7af04.jpg","PNG→JPG","1","1080x1080","1080x1080","186","134"
"/uploaded/summernote/202302/5151b841b6f508b49b7d0cacd2a563f7.jpg","/images/uploaded/summernote/202302/5151b841b6f508b49b7d0cacd2a563f7.jpg","JPG 재압축","1","960x540","960x540","75","86"
"/uploaded/summernote/202302/51b6b527beb0f7d0c76e0c7ebddfba8d.png","/images/uploaded/summernote/202302/51b6b527beb0f7d0c76e0c7ebddfba8d.jpg","PNG→JPG","1","1280x720","1280x720","706","122"
"/uploaded/summernote/202302/51decd52e8f900ece1131393c70cc7a2.jpg","/images/uploaded/summernote/202302/51decd52e8f900ece1131393c70cc7a2.jpg","JPG 재압축","1","1080x648","1080x648","49","59"
"/uploaded/summernote/202302/51e2772b5a176f315a9cf9abb773694d.jpg","/images/uploaded/summernote/202302/51e2772b5a176f315a9cf9abb773694d.jpg","JPG 재압축","1","591x350","591x350","36","38"
"/uploaded/summernote/202302/5201f8e5bb94ccacbae46d0c743101cd.jpg","/images/uploaded/summernote/202302/5201f8e5bb94ccacbae46d0c743101cd.jpg","JPG 재압축","1","2048x1536","1400x1050","557","366"
"/uploaded/summernote/202302/52036c355085f77778b595edc8222ee5.jpg","/images/uploaded/summernote/202302/52036c355085f77778b595edc8222ee5.jpg","JPG 재압축","1","944x944","944x944","132","105"
"/uploaded/summernote/202302/521ad403b7091ce65c110c251ab7071b.jpg","/images/uploaded/summernote/202302/521ad403b7091ce65c110c251ab7071b.jpg","JPG 재압축","1","2048x1365","1400x933","274","183"
"/uploaded/summernote/202302/522b28b1c1fa30f11ba4ae4b42301630.png","/images/uploaded/summernote/202302/522b28b1c1fa30f11ba4ae4b42301630.jpg","PNG→JPG","1","720x947","720x947","327","138"
"/uploaded/summernote/202302/526ac96d9d1d493255159cf0b354f1b1.jpg","/images/uploaded/summernote/202302/526ac96d9d1d493255159cf0b354f1b1.jpg","JPG 재압축","1","448x600","448x600","39","42"
"/uploaded/summernote/202302/527a940219a8fe5a7c4f6b2ec42ec022.png","/images/uploaded/summernote/202302/527a940219a8fe5a7c4f6b2ec42ec022.jpg","PNG→JPG","1","1414x2000","990x1400","435","180"
"/uploaded/summernote/202302/52a398fae0b476bb66c4c42f65e02bc4.jpg","/images/uploaded/summernote/202302/52a398fae0b476bb66c4c42f65e02bc4.jpg","JPG 재압축","1","1365x2048","933x1400","262","189"
"/uploaded/summernote/202302/52b3129abe018ebea9e7faf7465e77de.jpg","/images/uploaded/summernote/202302/52b3129abe018ebea9e7faf7465e77de.jpg","JPG 재압축","1","960x720","960x720","83","103"
"/uploaded/summernote/202302/5371910cb9352a03cb5723f2520f4e59.jpg","/images/uploaded/summernote/202302/5371910cb9352a03cb5723f2520f4e59.jpg","JPG 재압축","1","1520x2040","1043x1400","386","188"
"/uploaded/summernote/202302/543fa0ce11204be9d87cbd5e2dfa3d95.png","/images/uploaded/summernote/202302/543fa0ce11204be9d87cbd5e2dfa3d95.jpg","PNG→JPG","1","1280x720","1280x720","502","132"
"/uploaded/summernote/202302/549568e29f5583466457e481c4318ac6.jpg","/images/uploaded/summernote/202302/549568e29f5583466457e481c4318ac6.jpg","JPG 재압축","1","592x296","592x296","22","22"
"/uploaded/summernote/202302/54cdc421b6601e6ed0019c2a850ac3c0.jpg","/images/uploaded/summernote/202302/54cdc421b6601e6ed0019c2a850ac3c0.jpg","JPG 재압축","1","1316x640","1316x640","83","102"
"/uploaded/summernote/202302/54f92414d819b99c34d3edaadaed3606.jpg","/images/uploaded/summernote/202302/54f92414d819b99c34d3edaadaed3606.jpg","JPG 재압축","1","600x450","600x450","32","33"
"/uploaded/summernote/202302/554f17f822c15658eb6747a2b8e314bc.jpg","/images/uploaded/summernote/202302/554f17f822c15658eb6747a2b8e314bc.jpg","JPG 재압축","1","338x600","338x600","59","63"
"/uploaded/summernote/202302/55d1bdc76d0fd2861dcd98b10d274b18.jpg","/images/uploaded/summernote/202302/55d1bdc76d0fd2861dcd98b10d274b18.jpg","JPG 재압축","1","2048x1536","1400x1050","460","307"
"/uploaded/summernote/202302/55fd188bcad772ff28e9edcc004cf1ee.jpg","/images/uploaded/summernote/202302/55fd188bcad772ff28e9edcc004cf1ee.jpg","JPG 재압축","1","744x744","744x744","71","85"
"/uploaded/summernote/202302/563e0ddf3a028dbd49c59f967ac1dd23.jpg","/images/uploaded/summernote/202302/563e0ddf3a028dbd49c59f967ac1dd23.jpg","JPG 재압축","1","1086x379","1086x379","80","50"
"/uploaded/summernote/202302/564aaaaf9e31910176c93ed0cc15bb9c.jpg","/images/uploaded/summernote/202302/564aaaaf9e31910176c93ed0cc15bb9c.jpg","JPG 재압축","1","449x600","449x600","29","30"
"/uploaded/summernote/202302/567020fb46f29d8ebfa1fd865c5dbacd.jpg","/images/uploaded/summernote/202302/567020fb46f29d8ebfa1fd865c5dbacd.jpg","JPG 재압축","1","960x528","960x528","60","72"
"/uploaded/summernote/202302/56d389456c12519c3e83c31d8780446f.jpg","/images/uploaded/summernote/202302/56d389456c12519c3e83c31d8780446f.jpg","JPG 재압축","1","600x450","600x450","37","39"
"/uploaded/summernote/202302/575b7cd846b887198760037146e594d3.jpg","/images/uploaded/summernote/202302/575b7cd846b887198760037146e594d3.jpg","JPG 재압축","1","960x720","960x720","60","77"
"/uploaded/summernote/202302/57d97bcb9bf5025242ae005d118ccba7.jpg","/images/uploaded/summernote/202302/57d97bcb9bf5025242ae005d118ccba7.jpg","JPG 재압축","1","2016x1134","1400x788","379","180"
"/uploaded/summernote/202302/57e36633dfd6535e1459e3279fe7f5f8.jpg","/images/uploaded/summernote/202302/57e36633dfd6535e1459e3279fe7f5f8.jpg","JPG 재압축","1","960x720","960x720","83","100"
"/uploaded/summernote/202302/57f74ab2bb5b8211cbf34cb4b8b777f1.jpg","/images/uploaded/summernote/202302/57f74ab2bb5b8211cbf34cb4b8b777f1.jpg","JPG 재압축","1","581x1032","581x1032","58","74"
"/uploaded/summernote/202302/581d217851fadc449840d780d7b9b1da.jpg","/images/uploaded/summernote/202302/581d217851fadc449840d780d7b9b1da.jpg","JPG 재압축","1","960x721","960x721","64","83"
"/uploaded/summernote/202302/58a258f0a84aa426c84ad72c99486bcf.jpg","/images/uploaded/summernote/202302/58a258f0a84aa426c84ad72c99486bcf.jpg","JPG 재압축","1","960x960","960x960","129","125"
"/uploaded/summernote/202302/58cea7cf8ac8621f8a2a35d067aa14d8.png","/images/uploaded/summernote/202302/58cea7cf8ac8621f8a2a35d067aa14d8.jpg","PNG→JPG","1","1080x1080","1080x1080","126","88"
"/uploaded/summernote/202302/58d6189912596a5380ebb9ed8e997eb9.jpg","/images/uploaded/summernote/202302/58d6189912596a5380ebb9ed8e997eb9.jpg","JPG 재압축","1","450x600","450x600","40","41"
"/uploaded/summernote/202302/58ee9efcd2d0c137f1665ddfd8044d5c.jpg","/images/uploaded/summernote/202302/58ee9efcd2d0c137f1665ddfd8044d5c.jpg","JPG 재압축","1","960x528","960x528","60","72"
"/uploaded/summernote/202302/5916ab6f9db18e107949a78d36ce7183.png","/images/uploaded/summernote/202302/5916ab6f9db18e107949a78d36ce7183.jpg","PNG→JPG","1","1280x720","1280x720","478","180"
"/uploaded/summernote/202302/592c2221643f5684a2290b161e850c56.jpg","/images/uploaded/summernote/202302/592c2221643f5684a2290b161e850c56.jpg","JPG 재압축","1","2048x1536","1400x1050","315","224"
"/uploaded/summernote/202302/592db421c55b14f0cba6eb5a52183f0e.jpg","/images/uploaded/summernote/202302/592db421c55b14f0cba6eb5a52183f0e.jpg","JPG 재압축","1","720x960","720x960","157","204"
"/uploaded/summernote/202302/593b0794103999fac95e68b4c4178e62.jpg","/images/uploaded/summernote/202302/593b0794103999fac95e68b4c4178e62.jpg","JPG 재압축","1","1334x1334","1334x1334","211","289"
"/uploaded/summernote/202302/595b7d46f3a221d5b7c8de52248d7002.jpg","/images/uploaded/summernote/202302/595b7d46f3a221d5b7c8de52248d7002.jpg","JPG 재압축","1","960x720","960x720","89","107"
"/uploaded/summernote/202302/5979d5cd7cee1f9284c5d4f655640baf.jpg","/images/uploaded/summernote/202302/5979d5cd7cee1f9284c5d4f655640baf.jpg","JPG 재압축","1","1334x1334","1334x1334","129","179"
"/uploaded/summernote/202302/59bca2dd6b1c5c3cc9a58f4d5611b29c.jpg","/images/uploaded/summernote/202302/59bca2dd6b1c5c3cc9a58f4d5611b29c.jpg","JPG 재압축","1","2048x1365","1400x933","209","154"
"/uploaded/summernote/202302/5a16644ac4d1c82080be6981351c8fc1.jpg","/images/uploaded/summernote/202302/5a16644ac4d1c82080be6981351c8fc1.jpg","JPG 재압축","1","2016x1134","1400x788","448","219"
"/uploaded/summernote/202302/5a6f549cdc4fa0d3d9098eb91479cd16.jpg","/images/uploaded/summernote/202302/5a6f549cdc4fa0d3d9098eb91479cd16.jpg","JPG 재압축","1","960x960","960x960","87","106"
"/uploaded/summernote/202302/5ab0b22eba40c605f45c8e9d5e850e95.jpg","/images/uploaded/summernote/202302/5ab0b22eba40c605f45c8e9d5e850e95.jpg","JPG 재압축","1","960x720","960x720","86","104"
"/uploaded/summernote/202302/5ab1ce4fd976063e70cb5fbd4e4c96ce.png","/images/uploaded/summernote/202302/5ab1ce4fd976063e70cb5fbd4e4c96ce.jpg","PNG→JPG","1","1102x866","1102x866","465","119"
"/uploaded/summernote/202302/5ae08486f8f216c8afed7d79180211f1.jpg","/images/uploaded/summernote/202302/5ae08486f8f216c8afed7d79180211f1.jpg","JPG 재압축","1","960x540","960x540","60","76"
"/uploaded/summernote/202302/5afad2d4fe888418b10f935d2c383dac.jpg","/images/uploaded/summernote/202302/5afad2d4fe888418b10f935d2c383dac.jpg","JPG 재압축","1","600x338","600x338","40","41"
"/uploaded/summernote/202302/5b18a1ab8fd62e25f70e0116cff4421f.jpg","/images/uploaded/summernote/202302/5b18a1ab8fd62e25f70e0116cff4421f.jpg","JPG 재압축","1","1440x1080","1400x1050","326","188"
"/uploaded/summernote/202302/5b57b9e85caf67905bc83b75de7a2676.jpg","/images/uploaded/summernote/202302/5b57b9e85caf67905bc83b75de7a2676.jpg","JPG 재압축","1","2048x1536","1400x1050","206","154"
"/uploaded/summernote/202302/5b78010134417fa136c8f3b19ad2ab4b.jpg","/images/uploaded/summernote/202302/5b78010134417fa136c8f3b19ad2ab4b.jpg","JPG 재압축","1","600x338","600x338","37","39"
"/uploaded/summernote/202302/5b7a987b8546cfff6141dcb40492c4e4.jpg","/images/uploaded/summernote/202302/5b7a987b8546cfff6141dcb40492c4e4.jpg","JPG 재압축","1","2016x1512","1400x1050","396","198"
"/uploaded/summernote/202302/5c42b10be89e71feff8ccd53618faa2e.jpg","/images/uploaded/summernote/202302/5c42b10be89e71feff8ccd53618faa2e.jpg","JPG 재압축","1","720x540","720x540","73","76"
"/uploaded/summernote/202302/5c9b4135c3a876930fce1dd4a32672b9.jpg","/images/uploaded/summernote/202302/5c9b4135c3a876930fce1dd4a32672b9.jpg","JPG 재압축","1","960x480","960x480","51","63"
"/uploaded/summernote/202302/5d35750226311d8719fd0eeeb913e0b1.jpg","/images/uploaded/summernote/202302/5d35750226311d8719fd0eeeb913e0b1.jpg","JPG 재압축","1","960x960","960x960","50","61"
"/uploaded/summernote/202302/5d459c1201f2a1267fb32b35b7598342.png","/images/uploaded/summernote/202302/5d459c1201f2a1267fb32b35b7598342.jpg","PNG→JPG","1","940x627","940x627","1405","129"
"/uploaded/summernote/202302/5d6e9a1d80832169aa89ca8188ed377e.jpg","/images/uploaded/summernote/202302/5d6e9a1d80832169aa89ca8188ed377e.jpg","JPG 재압축","1","960x720","960x720","65","81"
"/uploaded/summernote/202302/5d6f7fc9226b80806ccef6eeab8a36fa.jpg","/images/uploaded/summernote/202302/5d6f7fc9226b80806ccef6eeab8a36fa.jpg","JPG 재압축","1","600x338","600x338","53","56"
"/uploaded/summernote/202302/5dc89a5e349d7d6e02489e3fedd93d26.jpg","/images/uploaded/summernote/202302/5dc89a5e349d7d6e02489e3fedd93d26.jpg","JPG 재압축","1","960x960","960x960","87","106"
"/uploaded/summernote/202302/5dfbb19f512a371219f6ce7c7a174e62.jpg","/images/uploaded/summernote/202302/5dfbb19f512a371219f6ce7c7a174e62.jpg","JPG 재압축","1","648x1080","648x1080","50","61"
"/uploaded/summernote/202302/5e5833a8c0f2e5fc9676e460df25ced1.png","/images/uploaded/summernote/202302/5e5833a8c0f2e5fc9676e460df25ced1.jpg","PNG→JPG","1","1080x1080","1080x1080","203","145"
"/uploaded/summernote/202302/5ea23b248bf4a57854d53fd122cd9a99.jpg","/images/uploaded/summernote/202302/5ea23b248bf4a57854d53fd122cd9a99.jpg","JPG 재압축","1","960x721","960x721","62","80"
"/uploaded/summernote/202302/5eece2f328061c0c023f1767fc311146.jpg","/images/uploaded/summernote/202302/5eece2f328061c0c023f1767fc311146.jpg","JPG 재압축","1","2048x1365","1400x933","138","105"
"/uploaded/summernote/202302/5ef2aec582cbe29d473b4c6ca662926c.jpg","/images/uploaded/summernote/202302/5ef2aec582cbe29d473b4c6ca662926c.jpg","JPG 재압축","1","2016x1134","1400x788","396","187"
"/uploaded/summernote/202302/5f3921895f1acfd92ce41c93308e6c42.jpg","/images/uploaded/summernote/202302/5f3921895f1acfd92ce41c93308e6c42.jpg","JPG 재압축","1","2048x1365","1400x933","273","167"
"/uploaded/summernote/202302/5f51bc6f58c42dc2684796311201b118.jpg","/images/uploaded/summernote/202302/5f51bc6f58c42dc2684796311201b118.jpg","JPG 재압축","1","945x945","945x945","108","118"
"/uploaded/summernote/202302/6032f62d7680ecda4787d50dab95333d.png","/images/uploaded/summernote/202302/6032f62d7680ecda4787d50dab95333d.jpg","PNG→JPG","1","1280x720","1280x720","1104","176"
"/uploaded/summernote/202302/609ba55988263efbc7b5f27deafc2f5a.jpg","/images/uploaded/summernote/202302/609ba55988263efbc7b5f27deafc2f5a.jpg","JPG 재압축","1","2016x1134","1400x788","535","251"
"/uploaded/summernote/202302/60c9c9b2e00602d5872f18dad079f297.jpg","/images/uploaded/summernote/202302/60c9c9b2e00602d5872f18dad079f297.jpg","JPG 재압축","1","960x480","960x480","34","40"
"/uploaded/summernote/202302/60d9979593ff4a203ef127ab218faa43.jpg","/images/uploaded/summernote/202302/60d9979593ff4a203ef127ab218faa43.jpg","JPG 재압축","1","960x480","960x480","46","56"
"/uploaded/summernote/202302/6118391bd6c8cbc3603ef9d7e81d2f4c.jpg","/images/uploaded/summernote/202302/6118391bd6c8cbc3603ef9d7e81d2f4c.jpg","JPG 재압축","1","2048x1536","1400x1050","252","185"
"/uploaded/summernote/202302/6191d863310ad6a57d55ea9bb26b22ac.jpg","/images/uploaded/summernote/202302/6191d863310ad6a57d55ea9bb26b22ac.jpg","JPG 재압축","1","2040x1530","1400x1050","361","171"
"/uploaded/summernote/202302/61fb6f3be7da9f50619fa0b89baaa709.jpg","/images/uploaded/summernote/202302/61fb6f3be7da9f50619fa0b89baaa709.jpg","JPG 재압축","1","960x960","960x960","115","142"
"/uploaded/summernote/202302/61fef7912e182305bbec40c2e916c2ee.jpg","/images/uploaded/summernote/202302/61fef7912e182305bbec40c2e916c2ee.jpg","JPG 재압축","1","600x450","600x450","52","54"
"/uploaded/summernote/202302/627c74fcd1b0516cb12cf9477f7c02f1.jpg","/images/uploaded/summernote/202302/627c74fcd1b0516cb12cf9477f7c02f1.jpg","JPG 재압축","1","1536x2048","1050x1400","199","153"
"/uploaded/summernote/202302/62cc9ea06f1fe638698956c91727a7d8.jpg","/images/uploaded/summernote/202302/62cc9ea06f1fe638698956c91727a7d8.jpg","JPG 재압축","1","2048x1365","1400x933","138","105"
"/uploaded/summernote/202302/633a107156a1214402155da78648b9af.jpg","/images/uploaded/summernote/202302/633a107156a1214402155da78648b9af.jpg","JPG 재압축","1","1440x817","1400x794","119","137"
"/uploaded/summernote/202302/636793a2ca727bc6c758dfa300891741.jpg","/images/uploaded/summernote/202302/636793a2ca727bc6c758dfa300891741.jpg","JPG 재압축","1","600x338","600x338","29","30"
"/uploaded/summernote/202302/638cd650cbac6dcf3c364ecea6f186e0.png","/images/uploaded/summernote/202302/638cd650cbac6dcf3c364ecea6f186e0.jpg","PNG→JPG","1","1280x720","1280x720","1469","147"
"/uploaded/summernote/202302/63ad549ef8607a66240882cc971f2644.jpg","/images/uploaded/summernote/202302/63ad549ef8607a66240882cc971f2644.jpg","JPG 재압축","1","960x960","960x960","91","115"
"/uploaded/summernote/202302/6417083946f3bb95dabd496b9a1ccaee.jpg","/images/uploaded/summernote/202302/6417083946f3bb95dabd496b9a1ccaee.jpg","JPG 재압축","1","2048x1365","1400x933","234","173"
"/uploaded/summernote/202302/6541a7c1c42c89bcac23a01015f92636.jpg","/images/uploaded/summernote/202302/6541a7c1c42c89bcac23a01015f92636.jpg","JPG 재압축","1","960x720","960x720","67","85"
"/uploaded/summernote/202302/66835ed8bde65dc7d80576148ecca106.jpg","/images/uploaded/summernote/202302/66835ed8bde65dc7d80576148ecca106.jpg","JPG 재압축","1","600x450","600x450","48","50"
"/uploaded/summernote/202302/6686cefaa78d59388074e6d402e6c939.jpg","/images/uploaded/summernote/202302/6686cefaa78d59388074e6d402e6c939.jpg","JPG 재압축","1","600x338","600x338","43","45"
"/uploaded/summernote/202302/6691ae5bf997c3dbab6f0111155e65dc.png","/images/uploaded/summernote/202302/6691ae5bf997c3dbab6f0111155e65dc.jpg","PNG→JPG","1","1280x720","1280x720","1469","147"
"/uploaded/summernote/202302/6747931aad9a03a15c85b3f88a03d8b5.jpg","/images/uploaded/summernote/202302/6747931aad9a03a15c85b3f88a03d8b5.jpg","JPG 재압축","1","600x338","600x338","34","35"
"/uploaded/summernote/202302/67c76a668a4a073de95092f5da1311d8.png","/images/uploaded/summernote/202302/67c76a668a4a073de95092f5da1311d8.jpg","PNG→JPG","1","512x720","512x720","182","61"
"/uploaded/summernote/202302/69ac668755058b17285a13f54a1f9d5b.jpg","/images/uploaded/summernote/202302/69ac668755058b17285a13f54a1f9d5b.jpg","JPG 재압축","1","960x480","960x480","50","61"
"/uploaded/summernote/202302/69c3848f568df954538bcc5f26f5be4b.jpg","/images/uploaded/summernote/202302/69c3848f568df954538bcc5f26f5be4b.jpg","JPG 재압축","1","2048x1536","1400x1050","279","204"
"/uploaded/summernote/202302/6a6651ff04f4b187b302b02dedf04e2e.jpg","/images/uploaded/summernote/202302/6a6651ff04f4b187b302b02dedf04e2e.jpg","JPG 재압축","1","600x338","600x338","32","33"
"/uploaded/summernote/202302/6a814261d988b52d9b3adc1240d68280.jpg","/images/uploaded/summernote/202302/6a814261d988b52d9b3adc1240d68280.jpg","JPG 재압축","1","599x337","599x337","167","39"
"/uploaded/summernote/202302/6a9541f4458c982677ca398c92c4e56e.jpg","/images/uploaded/summernote/202302/6a9541f4458c982677ca398c92c4e56e.jpg","JPG 재압축","1","960x720","960x720","74","100"
"/uploaded/summernote/202302/6ab466e3ecb63567d63c336c21914d1b.jpg","/images/uploaded/summernote/202302/6ab466e3ecb63567d63c336c21914d1b.jpg","JPG 재압축","1","960x960","960x960","115","142"
"/uploaded/summernote/202302/6ac644e8f51e7d04884fc8fad59edda2.jpg","/images/uploaded/summernote/202302/6ac644e8f51e7d04884fc8fad59edda2.jpg","JPG 재압축","1","600x450","600x450","33","35"
"/uploaded/summernote/202302/6b8ee11ef03065328b83691fbd32251d.jpg","/images/uploaded/summernote/202302/6b8ee11ef03065328b83691fbd32251d.jpg","JPG 재압축","1","2048x1365","1400x933","208","156"
"/uploaded/summernote/202302/6c49370e2a370116296f7e352c06ebed.png","/images/uploaded/summernote/202302/6c49370e2a370116296f7e352c06ebed.jpg","PNG→JPG","1","1280x720","1280x720","512","144"
"/uploaded/summernote/202302/6c8f8fa74fb7fbe1b65c32ecd17cd050.jpg","/images/uploaded/summernote/202302/6c8f8fa74fb7fbe1b65c32ecd17cd050.jpg","JPG 재압축","1","960x720","960x720","102","126"
"/uploaded/summernote/202302/6c9560c5a4decc7548e93ff39685945b.jpg","/images/uploaded/summernote/202302/6c9560c5a4decc7548e93ff39685945b.jpg","JPG 재압축","1","720x540","720x540","66","69"
"/uploaded/summernote/202302/6cd2c0ebafd1122ecf4ba90a5e0abda5.jpg","/images/uploaded/summernote/202302/6cd2c0ebafd1122ecf4ba90a5e0abda5.jpg","JPG 재압축","1","960x720","960x720","85","114"
"/uploaded/summernote/202302/6d1efd777732bc97762fcce4fe0876f1.jpg","/images/uploaded/summernote/202302/6d1efd777732bc97762fcce4fe0876f1.jpg","JPG 재압축","1","719x960","719x960","53","68"
"/uploaded/summernote/202302/6d29b6852facc1949a791d1c6345da06.jpg","/images/uploaded/summernote/202302/6d29b6852facc1949a791d1c6345da06.jpg","JPG 재압축","1","2048x1365","1400x933","231","168"
"/uploaded/summernote/202302/6d6fd0b73d82f5a72c0fa1eeb2b25dbb.jpg","/images/uploaded/summernote/202302/6d6fd0b73d82f5a72c0fa1eeb2b25dbb.jpg","JPG 재압축","1","960x960","960x960","87","109"
"/uploaded/summernote/202302/6d79e54ea54fe3b31c5055816fdef26d.jpg","/images/uploaded/summernote/202302/6d79e54ea54fe3b31c5055816fdef26d.jpg","JPG 재압축","1","960x720","960x720","73","86"
"/uploaded/summernote/202302/6e008e6705e9dfb0dabca4a141b49bb9.jpg","/images/uploaded/summernote/202302/6e008e6705e9dfb0dabca4a141b49bb9.jpg","JPG 재압축","1","720x540","720x540","82","86"
"/uploaded/summernote/202302/6e461dfa6ece9a5521c5921b424be629.jpg","/images/uploaded/summernote/202302/6e461dfa6ece9a5521c5921b424be629.jpg","JPG 재압축","1","467x960","467x960","47","63"
"/uploaded/summernote/202302/6e46b908104ff46ce2b42ab81b9f8504.jpg","/images/uploaded/summernote/202302/6e46b908104ff46ce2b42ab81b9f8504.jpg","JPG 재압축","1","960x540","960x540","44","54"
"/uploaded/summernote/202302/6e774eedd3344f007cf95a2d317c1983.png","/images/uploaded/summernote/202302/6e774eedd3344f007cf95a2d317c1983.jpg","PNG→JPG","1","1496x951","1400x890","1608","116"
"/uploaded/summernote/202302/6ed4583356d7ba2aff2d922badcaccdb.jpg","/images/uploaded/summernote/202302/6ed4583356d7ba2aff2d922badcaccdb.jpg","JPG 재압축","1","600x222","600x222","26","29"
"/uploaded/summernote/202302/6f0955f478600e10dcfb5c52f6a57ed4.png","/images/uploaded/summernote/202302/6f0955f478600e10dcfb5c52f6a57ed4.jpg","PNG→JPG","1","1280x720","1280x720","539","160"
"/uploaded/summernote/202302/6f106a8f16d40185c150c976f6dee765.jpg","/images/uploaded/summernote/202302/6f106a8f16d40185c150c976f6dee765.jpg","JPG 재압축","1","960x624","960x624","74","91"
"/uploaded/summernote/202302/6fb263551aca683b82cf89053a5f814d.jpg","/images/uploaded/summernote/202302/6fb263551aca683b82cf89053a5f814d.jpg","JPG 재압축","1","1260x945","1260x945","105","130"
"/uploaded/summernote/202302/7027353151e59ed037579ad35a150221.jpg","/images/uploaded/summernote/202302/7027353151e59ed037579ad35a150221.jpg","JPG 재압축","1","944x944","944x944","135","108"
"/uploaded/summernote/202302/70c38e7df38cd0d20e99b89349001870.jpg","/images/uploaded/summernote/202302/70c38e7df38cd0d20e99b89349001870.jpg","JPG 재압축","1","960x960","960x960","84","104"
"/uploaded/summernote/202302/71030984a121bd27e9ba45799387c404.jpg","/images/uploaded/summernote/202302/71030984a121bd27e9ba45799387c404.jpg","JPG 재압축","1","2016x1134","1400x788","376","179"
"/uploaded/summernote/202302/71988bd33bcacd4adc8aa6205e06c6e8.jpg","/images/uploaded/summernote/202302/71988bd33bcacd4adc8aa6205e06c6e8.jpg","JPG 재압축","1","600x450","600x450","40","42"
"/uploaded/summernote/202302/71a247be97472472e570ada5168edaf7.jpg","/images/uploaded/summernote/202302/71a247be97472472e570ada5168edaf7.jpg","JPG 재압축","1","2016x1512","1400x1050","406","202"
"/uploaded/summernote/202302/71b51404f15516be86582bf21dacd52e.jpg","/images/uploaded/summernote/202302/71b51404f15516be86582bf21dacd52e.jpg","JPG 재압축","1","960x540","960x540","60","75"
"/uploaded/summernote/202302/71e7315e3a09373bb070f58e588da827.png","/images/uploaded/summernote/202302/71e7315e3a09373bb070f58e588da827.jpg","PNG→JPG","1","600x258","600x258","70","21"
"/uploaded/summernote/202302/71ebb3d1b1481ecd54bb27fd6b65c4b0.jpg","/images/uploaded/summernote/202302/71ebb3d1b1481ecd54bb27fd6b65c4b0.jpg","JPG 재압축","1","960x720","960x720","77","102"
"/uploaded/summernote/202302/722f44bea77e34349865fc7647fa6207.jpg","/images/uploaded/summernote/202302/722f44bea77e34349865fc7647fa6207.jpg","JPG 재압축","1","330x600","330x600","34","35"
"/uploaded/summernote/202302/7282b0069e30f403c9162a3bf41da249.jpg","/images/uploaded/summernote/202302/7282b0069e30f403c9162a3bf41da249.jpg","JPG 재압축","1","592x296","592x296","31","33"
"/uploaded/summernote/202302/73063a4f92e0e5ca80da569b7d21e4cb.jpg","/images/uploaded/summernote/202302/73063a4f92e0e5ca80da569b7d21e4cb.jpg","JPG 재압축","1","2048x1365","1400x933","265","163"
"/uploaded/summernote/202302/7368bef3dcf87c62061bdd7217ab17bb.jpg","/images/uploaded/summernote/202302/7368bef3dcf87c62061bdd7217ab17bb.jpg","JPG 재압축","1","2048x2048","1400x1400","382","276"
"/uploaded/summernote/202302/741ca218c050263850ddaa3477641815.jpg","/images/uploaded/summernote/202302/741ca218c050263850ddaa3477641815.jpg","JPG 재압축","1","528x960","528x960","45","53"
"/uploaded/summernote/202302/742fcd5560f87f0c21c95741d0cdfba9.jpg","/images/uploaded/summernote/202302/742fcd5560f87f0c21c95741d0cdfba9.jpg","JPG 재압축","1","449x600","449x600","34","35"
"/uploaded/summernote/202302/748a68e4351fdd3cf670e72ce615b6c9.jpg","/images/uploaded/summernote/202302/748a68e4351fdd3cf670e72ce615b6c9.jpg","JPG 재압축","1","600x338","600x338","29","30"
"/uploaded/summernote/202302/74edaac9c5c3a69eac15cc946492a51e.jpg","/images/uploaded/summernote/202302/74edaac9c5c3a69eac15cc946492a51e.jpg","JPG 재압축","1","1074x1559","964x1400","115","113"
"/uploaded/summernote/202302/74f677bb5c8bde0b083d12c8a91c42be.jpg","/images/uploaded/summernote/202302/74f677bb5c8bde0b083d12c8a91c42be.jpg","JPG 재압축","1","2040x1530","1400x1050","377","177"
"/uploaded/summernote/202302/74ff62fc024e033a22284b9703d90398.jpg","/images/uploaded/summernote/202302/74ff62fc024e033a22284b9703d90398.jpg","JPG 재압축","1","793x1123","793x1123","70","81"
"/uploaded/summernote/202302/75cff110406cae90e380b65ffda746d9.jpg","/images/uploaded/summernote/202302/75cff110406cae90e380b65ffda746d9.jpg","JPG 재압축","1","960x467","960x467","151","130"
"/uploaded/summernote/202302/75dcbdc298015b370192d264f4bf03f3.jpg","/images/uploaded/summernote/202302/75dcbdc298015b370192d264f4bf03f3.jpg","JPG 재압축","1","528x960","528x960","51","60"
"/uploaded/summernote/202302/75f274f327db3a176cc2c8dea42fdace.jpg","/images/uploaded/summernote/202302/75f274f327db3a176cc2c8dea42fdace.jpg","JPG 재압축","1","480x960","480x960","39","48"
"/uploaded/summernote/202302/7601fc6ca97fe8c961570c1305cf4215.jpg","/images/uploaded/summernote/202302/7601fc6ca97fe8c961570c1305cf4215.jpg","JPG 재압축","1","960x720","960x720","89","107"
"/uploaded/summernote/202302/7628e0139621fd9c0b2e4c31fa773773.jpg","/images/uploaded/summernote/202302/7628e0139621fd9c0b2e4c31fa773773.jpg","JPG 재압축","1","2048x1536","1400x1050","290","214"
"/uploaded/summernote/202302/76341eb05c75e669032c4c2490e6ee06.jpg","/images/uploaded/summernote/202302/76341eb05c75e669032c4c2490e6ee06.jpg","JPG 재압축","1","480x960","480x960","38","47"
"/uploaded/summernote/202302/76747360bf5301f62626668ff9fee81c.png","/images/uploaded/summernote/202302/76747360bf5301f62626668ff9fee81c.jpg","PNG→JPG","1","1080x1080","1080x1080","618","124"
"/uploaded/summernote/202302/770c26f3a9b7cbf4d7cb8a678f4d3898.jpg","/images/uploaded/summernote/202302/770c26f3a9b7cbf4d7cb8a678f4d3898.jpg","JPG 재압축","1","600x450","600x450","62","65"
"/uploaded/summernote/202302/7745f69888df6da318395d0494e253d8.jpg","/images/uploaded/summernote/202302/7745f69888df6da318395d0494e253d8.jpg","JPG 재압축","1","960x960","960x960","122","122"
"/uploaded/summernote/202302/778f0f22dca9a6c383789615e234c251.jpg","/images/uploaded/summernote/202302/778f0f22dca9a6c383789615e234c251.jpg","JPG 재압축","1","960x720","960x720","84","102"
"/uploaded/summernote/202302/78c7cfc5d91d069150d210f62dd89c0d.jpg","/images/uploaded/summernote/202302/78c7cfc5d91d069150d210f62dd89c0d.jpg","JPG 재압축","1","960x719","960x719","52","62"
"/uploaded/summernote/202302/796820c1f6c80cae2e71cd576f616efa.jpg","/images/uploaded/summernote/202302/796820c1f6c80cae2e71cd576f616efa.jpg","JPG 재압축","1","960x720","960x720","102","127"
"/uploaded/summernote/202302/7988dee58d443486e016cf21e01d683e.jpg","/images/uploaded/summernote/202302/7988dee58d443486e016cf21e01d683e.jpg","JPG 재압축","1","793x1123","793x1123","70","81"
"/uploaded/summernote/202302/79cbc04693d9c3fc810d3e9fe4c4c7f6.jpg","/images/uploaded/summernote/202302/79cbc04693d9c3fc810d3e9fe4c4c7f6.jpg","JPG 재압축","1","960x720","960x720","67","81"
"/uploaded/summernote/202302/7a5b238e47fa530d737dfeb0f0b61724.jpg","/images/uploaded/summernote/202302/7a5b238e47fa530d737dfeb0f0b61724.jpg","JPG 재압축","1","1340x858","1340x858","235","173"
"/uploaded/summernote/202302/7a671956bc0a895ab057260f553ebfe4.png","/images/uploaded/summernote/202302/7a671956bc0a895ab057260f553ebfe4.jpg","PNG→JPG","1","1080x1080","1080x1080","787","179"
"/uploaded/summernote/202302/7ad8fb114babcde371675bd76ae6bfb4.jpg","/images/uploaded/summernote/202302/7ad8fb114babcde371675bd76ae6bfb4.jpg","JPG 재압축","1","720x540","720x540","61","63"
"/uploaded/summernote/202302/7aeb4683bce7fb7f5a29ddac73808484.jpg","/images/uploaded/summernote/202302/7aeb4683bce7fb7f5a29ddac73808484.jpg","JPG 재압축","1","944x944","944x944","135","108"
"/uploaded/summernote/202302/7b217ec041a5c0c80dfa24f7608d5653.jpg","/images/uploaded/summernote/202302/7b217ec041a5c0c80dfa24f7608d5653.jpg","JPG 재압축","1","780x295","780x295","59","42"
"/uploaded/summernote/202302/7b7821e69fef869950ec1b88deef9332.jpg","/images/uploaded/summernote/202302/7b7821e69fef869950ec1b88deef9332.jpg","JPG 재압축","1","960x721","960x721","68","86"
"/uploaded/summernote/202302/7b84a7e7ebb1281780b4808904783741.jpg","/images/uploaded/summernote/202302/7b84a7e7ebb1281780b4808904783741.jpg","JPG 재압축","1","2048x1536","1400x1050","239","189"
"/uploaded/summernote/202302/7b89dd64d87d836de68fab36f1fb9246.jpg","/images/uploaded/summernote/202302/7b89dd64d87d836de68fab36f1fb9246.jpg","JPG 재압축","1","330x600","330x600","26","28"
"/uploaded/summernote/202302/7c8bb554a374d4d2a6e6d205d9c8a6c0.jpg","/images/uploaded/summernote/202302/7c8bb554a374d4d2a6e6d205d9c8a6c0.jpg","JPG 재압축","1","600x449","600x449","39","41"
"/uploaded/summernote/202302/7d97836d9ee871bf71fdb7c4c61625b7.jpg","/images/uploaded/summernote/202302/7d97836d9ee871bf71fdb7c4c61625b7.jpg","JPG 재압축","1","600x338","600x338","35","37"
"/uploaded/summernote/202302/7de04e17f64434b35089d93fa8ff571c.jpg","/images/uploaded/summernote/202302/7de04e17f64434b35089d93fa8ff571c.jpg","JPG 재압축","1","600x600","600x600","70","73"
"/uploaded/summernote/202302/7e013196d3dd378dcea33785273f1173.jpg","/images/uploaded/summernote/202302/7e013196d3dd378dcea33785273f1173.jpg","JPG 재압축","1","2048x1536","1400x1050","428","300"
"/uploaded/summernote/202302/7e213a46f4221271f3e28bb991fc5987.jpg","/images/uploaded/summernote/202302/7e213a46f4221271f3e28bb991fc5987.jpg","JPG 재압축","1","1120x2016","778x1400","249","120"
"/uploaded/summernote/202302/7e6523578bb5d4b3b87c1caeca30c1b2.jpg","/images/uploaded/summernote/202302/7e6523578bb5d4b3b87c1caeca30c1b2.jpg","JPG 재압축","1","335x914","335x914","38","44"
"/uploaded/summernote/202302/7e8cd1aea0d56e9d2cbaa9f5fac947f8.jpg","/images/uploaded/summernote/202302/7e8cd1aea0d56e9d2cbaa9f5fac947f8.jpg","JPG 재압축","1","716x960","716x960","82","89"
"/uploaded/summernote/202302/7f7fb91a8c8528e778b85773d3e2e6b4.jpg","/images/uploaded/summernote/202302/7f7fb91a8c8528e778b85773d3e2e6b4.jpg","JPG 재압축","1","1102x866","1102x866","151","119"
"/uploaded/summernote/202302/7fc46435ee30999454935f840ddba780.jpg","/images/uploaded/summernote/202302/7fc46435ee30999454935f840ddba780.jpg","JPG 재압축","1","960x720","960x720","56","68"
"/uploaded/summernote/202302/801720ff5431c02d3416a7a39304b5a5.jpg","/images/uploaded/summernote/202302/801720ff5431c02d3416a7a39304b5a5.jpg","JPG 재압축","1","526x526","526x526","50","53"
"/uploaded/summernote/202302/804dd2c7d6aad6ec6b7748e7cdf84b18.png","/images/uploaded/summernote/202302/804dd2c7d6aad6ec6b7748e7cdf84b18.jpg","PNG→JPG","1","1280x720","1280x720","1839","165"
"/uploaded/summernote/202302/8201d643375eaa07a47a4a4a23d19935.jpg","/images/uploaded/summernote/202302/8201d643375eaa07a47a4a4a23d19935.jpg","JPG 재압축","1","602x522","602x522","95","89"
"/uploaded/summernote/202302/8252e3c8b1080158f766527eba0f6005.jpg","/images/uploaded/summernote/202302/8252e3c8b1080158f766527eba0f6005.jpg","JPG 재압축","1","720x960","720x960","48","62"
"/uploaded/summernote/202302/833ba0756c8cb5a586ab4c48b95007d9.jpg","/images/uploaded/summernote/202302/833ba0756c8cb5a586ab4c48b95007d9.jpg","JPG 재압축","1","2048x1536","1400x1050","303","224"
"/uploaded/summernote/202302/83836052db274dd7983c7190f5efc404.jpg","/images/uploaded/summernote/202302/83836052db274dd7983c7190f5efc404.jpg","JPG 재압축","1","2048x1365","1400x933","327","236"
"/uploaded/summernote/202302/83f2e9d7f9589e0a067d4b3fb33c5cc9.jpg","/images/uploaded/summernote/202302/83f2e9d7f9589e0a067d4b3fb33c5cc9.jpg","JPG 재압축","1","1049x344","1049x344","54","48"
"/uploaded/summernote/202302/84c9e3a18e3f5851410a52cf3377abc9.jpg","/images/uploaded/summernote/202302/84c9e3a18e3f5851410a52cf3377abc9.jpg","JPG 재압축","1","600x450","600x450","33","35"
"/uploaded/summernote/202302/84e34ca6c27458040a4725cbab04bbeb.jpg","/images/uploaded/summernote/202302/84e34ca6c27458040a4725cbab04bbeb.jpg","JPG 재압축","1","960x720","960x720","63","80"
"/uploaded/summernote/202302/84fb2f0b91fae352d849eb1741192060.jpg","/images/uploaded/summernote/202302/84fb2f0b91fae352d849eb1741192060.jpg","JPG 재압축","1","2016x1134","1400x788","316","156"
"/uploaded/summernote/202302/85083565289a25857da249fa54c9868a.jpg","/images/uploaded/summernote/202302/85083565289a25857da249fa54c9868a.jpg","JPG 재압축","1","600x450","600x450","38","40"
"/uploaded/summernote/202302/8545801540562ae43e4fe956c12e7272.jpg","/images/uploaded/summernote/202302/8545801540562ae43e4fe956c12e7272.jpg","JPG 재압축","1","1536x2048","1050x1400","330","221"
"/uploaded/summernote/202302/8556d7b23335f015eeb8891ee17d8bbc.jpg","/images/uploaded/summernote/202302/8556d7b23335f015eeb8891ee17d8bbc.jpg","JPG 재압축","1","526x526","526x526","59","62"
"/uploaded/summernote/202302/85b3b8eef4100c2becc371a1a4d8018d.jpg","/images/uploaded/summernote/202302/85b3b8eef4100c2becc371a1a4d8018d.jpg","JPG 재압축","1","960x720","960x720","77","102"
"/uploaded/summernote/202302/86212665ec420560522f47616041fab0.png","/images/uploaded/summernote/202302/86212665ec420560522f47616041fab0.jpg","PNG→JPG","1","940x627","940x627","1181","85"
"/uploaded/summernote/202302/8621853da0f9ea40ea215584af6a1463.jpg","/images/uploaded/summernote/202302/8621853da0f9ea40ea215584af6a1463.jpg","JPG 재압축","1","960x720","960x720","65","83"
"/uploaded/summernote/202302/865290776e4c3c8c683d1efdf6877748.jpg","/images/uploaded/summernote/202302/865290776e4c3c8c683d1efdf6877748.jpg","JPG 재압축","1","960x960","960x960","64","76"
"/uploaded/summernote/202302/865a5dc3c75bbbf4aa3924b545a4f660.jpg","/images/uploaded/summernote/202302/865a5dc3c75bbbf4aa3924b545a4f660.jpg","JPG 재압축","1","600x450","600x450","20","21"
"/uploaded/summernote/202302/865dbf3582daecd62972a057ea12a15d.jpg","/images/uploaded/summernote/202302/865dbf3582daecd62972a057ea12a15d.jpg","JPG 재압축","1","960x719","960x719","52","62"
"/uploaded/summernote/202302/8666725a2360a0dc776d6e9c1a22bf71.jpg","/images/uploaded/summernote/202302/8666725a2360a0dc776d6e9c1a22bf71.jpg","JPG 재압축","1","600x450","600x450","35","36"
"/uploaded/summernote/202302/86f9061683a5489f9bf7f7dcc137e738.jpg","/images/uploaded/summernote/202302/86f9061683a5489f9bf7f7dcc137e738.jpg","JPG 재압축","1","450x600","450x600","38","40"
"/uploaded/summernote/202302/87020020f3fcf3397e9e1e645a31e906.jpg","/images/uploaded/summernote/202302/87020020f3fcf3397e9e1e645a31e906.jpg","JPG 재압축","1","960x720","960x720","89","107"
"/uploaded/summernote/202302/87407c4e4c7a2fc2f161c802bc4d4066.jpg","/images/uploaded/summernote/202302/87407c4e4c7a2fc2f161c802bc4d4066.jpg","JPG 재압축","1","600x450","600x450","44","45"
"/uploaded/summernote/202302/8792bf026f36c48d9afd0937a2a2e228.jpg","/images/uploaded/summernote/202302/8792bf026f36c48d9afd0937a2a2e228.jpg","JPG 재압축","1","593x395","593x395","35","36"
"/uploaded/summernote/202302/879d14bfeb02de97d00c5409b8559287.jpg","/images/uploaded/summernote/202302/879d14bfeb02de97d00c5409b8559287.jpg","JPG 재압축","1","960x720","960x720","73","89"
"/uploaded/summernote/202302/87b12235e4d424662da1d0eeb827f040.jpg","/images/uploaded/summernote/202302/87b12235e4d424662da1d0eeb827f040.jpg","JPG 재압축","1","450x600","450x600","51","53"
"/uploaded/summernote/202302/87c3c6a30bcc3de1c52149e2130fde91.jpg","/images/uploaded/summernote/202302/87c3c6a30bcc3de1c52149e2130fde91.jpg","JPG 재압축","1","600x330","600x330","36","37"
"/uploaded/summernote/202302/880b498245eb153aa8c6ecdee6bbac1d.png","/images/uploaded/summernote/202302/880b498245eb153aa8c6ecdee6bbac1d.jpg","PNG→JPG","1","1280x720","1280x720","666","160"
"/uploaded/summernote/202302/880d3b351e008c3e715a022e3054e6b6.jpg","/images/uploaded/summernote/202302/880d3b351e008c3e715a022e3054e6b6.jpg","JPG 재압축","1","1280x640","1280x640","79","98"
"/uploaded/summernote/202302/8816d8e784d38185622cb695e29fe943.jpg","/images/uploaded/summernote/202302/8816d8e784d38185622cb695e29fe943.jpg","JPG 재압축","1","600x222","600x222","26","29"
"/uploaded/summernote/202302/88887e63ed5d725b9d2fa4775fd46da9.jpg","/images/uploaded/summernote/202302/88887e63ed5d725b9d2fa4775fd46da9.jpg","JPG 재압축","1","960x717","960x717","42","53"
"/uploaded/summernote/202302/88cd910b035490ae6d54230d3519d4bf.png","/images/uploaded/summernote/202302/88cd910b035490ae6d54230d3519d4bf.jpg","PNG→JPG","1","1280x720","1280x720","773","125"
"/uploaded/summernote/202302/8942a6b5cfa10b54b0cb31434d023243.png","/images/uploaded/summernote/202302/8942a6b5cfa10b54b0cb31434d023243.jpg","PNG→JPG","1","1280x720","1280x720","394","167"
"/uploaded/summernote/202302/8997464c7ae7399cd75addd3e33f7be3.png","/images/uploaded/summernote/202302/8997464c7ae7399cd75addd3e33f7be3.jpg","PNG→JPG","1","1280x720","1280x720","492","138"
"/uploaded/summernote/202302/89e4b89568aeab5f7aab8847f86f1c42.jpg","/images/uploaded/summernote/202302/89e4b89568aeab5f7aab8847f86f1c42.jpg","JPG 재압축","1","720x1040","720x1040","78","90"
"/uploaded/summernote/202302/8a1587e9575ab3fb3a72ccf95603816d.jpg","/images/uploaded/summernote/202302/8a1587e9575ab3fb3a72ccf95603816d.jpg","JPG 재압축","1","960x720","960x720","80","108"
"/uploaded/summernote/202302/8aa3905f010490fb5a542de6de34deb9.jpg","/images/uploaded/summernote/202302/8aa3905f010490fb5a542de6de34deb9.jpg","JPG 재압축","1","1334x1334","1334x1334","126","174"
"/uploaded/summernote/202302/8ac07ab5b52fdf00c2e7a150f5d37714.jpg","/images/uploaded/summernote/202302/8ac07ab5b52fdf00c2e7a150f5d37714.jpg","JPG 재압축","1","2016x1134","1400x788","323","139"
"/uploaded/summernote/202302/8afdbef5e17d31700ba8927292133068.jpg","/images/uploaded/summernote/202302/8afdbef5e17d31700ba8927292133068.jpg","JPG 재압축","1","540x960","540x960","40","50"
"/uploaded/summernote/202302/8b529de59f33ec3bfa59a3879f2714ea.jpg","/images/uploaded/summernote/202302/8b529de59f33ec3bfa59a3879f2714ea.jpg","JPG 재압축","1","583x350","583x350","36","37"
"/uploaded/summernote/202302/8b5f7f0c972840a6f061147bec413d95.jpg","/images/uploaded/summernote/202302/8b5f7f0c972840a6f061147bec413d95.jpg","JPG 재압축","1","600x450","600x450","46","48"
"/uploaded/summernote/202302/8baa5c16fb49ebe8835631ff08f2a3ee.jpg","/images/uploaded/summernote/202302/8baa5c16fb49ebe8835631ff08f2a3ee.jpg","JPG 재압축","1","600x450","600x450","51","54"
"/uploaded/summernote/202302/8c02dd3bb629c2c020091eb376bf776e.jpg","/images/uploaded/summernote/202302/8c02dd3bb629c2c020091eb376bf776e.jpg","JPG 재압축","1","960x720","960x720","68","91"
"/uploaded/summernote/202302/8c38d5e3c219dd977078c732d87730d5.jpg","/images/uploaded/summernote/202302/8c38d5e3c219dd977078c732d87730d5.jpg","JPG 재압축","1","2048x1365","1400x933","318","206"
"/uploaded/summernote/202302/8c68139a7dea0736e116e50917e09080.jpg","/images/uploaded/summernote/202302/8c68139a7dea0736e116e50917e09080.jpg","JPG 재압축","1","960x467","960x467","58","73"
"/uploaded/summernote/202302/8d802db24ac0b98a55bc7a1477c3c2c4.png","/images/uploaded/summernote/202302/8d802db24ac0b98a55bc7a1477c3c2c4.jpg","PNG→JPG","1","1280x720","1280x720","740","162"
"/uploaded/summernote/202302/8d9b9ef6a24e1c1d579663590983cc19.png","/images/uploaded/summernote/202302/8d9b9ef6a24e1c1d579663590983cc19.jpg","PNG→JPG","1","600x258","600x258","70","21"
"/uploaded/summernote/202302/8dce9fa8d26d9a966fd9292d43397e29.jpg","/images/uploaded/summernote/202302/8dce9fa8d26d9a966fd9292d43397e29.jpg","JPG 재압축","1","2048x2048","1400x1400","387","259"
"/uploaded/summernote/202302/8e4d06adc57116fc31e19fb07933afb1.jpg","/images/uploaded/summernote/202302/8e4d06adc57116fc31e19fb07933afb1.jpg","JPG 재압축","1","467x960","467x960","47","61"
"/uploaded/summernote/202302/8e50d373806d5f66dd57fb779add001a.jpg","/images/uploaded/summernote/202302/8e50d373806d5f66dd57fb779add001a.jpg","JPG 재압축","1","1334x1334","1334x1334","128","179"
"/uploaded/summernote/202302/8e58e2cc195d2d02682d1572713c1f5d.jpg","/images/uploaded/summernote/202302/8e58e2cc195d2d02682d1572713c1f5d.jpg","JPG 재압축","1","600x600","600x600","49","51"
"/uploaded/summernote/202302/8ecaebb427462997fb30548d6ee51595.jpg","/images/uploaded/summernote/202302/8ecaebb427462997fb30548d6ee51595.jpg","JPG 재압축","1","450x600","450x600","60","63"
"/uploaded/summernote/202302/8f452f92cdab19cde519667717abf205.jpg","/images/uploaded/summernote/202302/8f452f92cdab19cde519667717abf205.jpg","JPG 재압축","1","600x450","600x450","41","42"
"/uploaded/summernote/202302/8f4a412d8d1e3e795c82def858f0b072.jpg","/images/uploaded/summernote/202302/8f4a412d8d1e3e795c82def858f0b072.jpg","JPG 재압축","1","600x222","600x222","26","29"
"/uploaded/summernote/202302/8f5c1d4dd511cbcbe376fb080cc2e428.png","/images/uploaded/summernote/202302/8f5c1d4dd511cbcbe376fb080cc2e428.jpg","PNG→JPG","1","1280x720","1280x720","1839","165"
"/uploaded/summernote/202302/8f9fca4a67ae99d67c38ead539527e2e.jpg","/images/uploaded/summernote/202302/8f9fca4a67ae99d67c38ead539527e2e.jpg","JPG 재압축","1","600x600","600x600","50","53"
"/uploaded/summernote/202302/9120fccf1dfcf2994d7235f14fd66387.jpg","/images/uploaded/summernote/202302/9120fccf1dfcf2994d7235f14fd66387.jpg","JPG 재압축","1","583x350","583x350","28","29"
"/uploaded/summernote/202302/91369065b7355620127bae65c37156c4.jpg","/images/uploaded/summernote/202302/91369065b7355620127bae65c37156c4.jpg","JPG 재압축","1","600x600","600x600","70","73"
"/uploaded/summernote/202302/91dbe704d5ad8f124728028d91343a5b.jpg","/images/uploaded/summernote/202302/91dbe704d5ad8f124728028d91343a5b.jpg","JPG 재압축","1","1080x810","1080x810","56","69"
"/uploaded/summernote/202302/9211b6aead5c886aa2602548172bd088.png","/images/uploaded/summernote/202302/9211b6aead5c886aa2602548172bd088.jpg","PNG→JPG","1","1280x720","1280x720","610","149"
"/uploaded/summernote/202302/921201b33980c4fa025ff2ea2cdd257f.jpg","/images/uploaded/summernote/202302/921201b33980c4fa025ff2ea2cdd257f.jpg","JPG 재압축","1","540x960","540x960","44","54"
"/uploaded/summernote/202302/9229a742cd302378bd3952a2668833f8.jpg","/images/uploaded/summernote/202302/9229a742cd302378bd3952a2668833f8.jpg","JPG 재압축","1","2048x1365","1400x933","243","177"
"/uploaded/summernote/202302/92be18f49300ee33b8431fb2671ceb1c.jpg","/images/uploaded/summernote/202302/92be18f49300ee33b8431fb2671ceb1c.jpg","JPG 재압축","1","1536x2048","1050x1400","399","251"
"/uploaded/summernote/202302/92c12d5e8cf6657019984e2a9dea5cfb.jpg","/images/uploaded/summernote/202302/92c12d5e8cf6657019984e2a9dea5cfb.jpg","JPG 재압축","1","600x450","600x450","37","39"
"/uploaded/summernote/202302/92c21963b5c91f1a141da8b1500cc025.jpg","/images/uploaded/summernote/202302/92c21963b5c91f1a141da8b1500cc025.jpg","JPG 재압축","1","449x600","449x600","34","35"
"/uploaded/summernote/202302/92c644e2208b9b06fc0eb6002720a212.jpg","/images/uploaded/summernote/202302/92c644e2208b9b06fc0eb6002720a212.jpg","JPG 재압축","1","591x350","591x350","36","38"
"/uploaded/summernote/202302/92f7238be18876e2d0cdfcb7fc6f8a9b.jpg","/images/uploaded/summernote/202302/92f7238be18876e2d0cdfcb7fc6f8a9b.jpg","JPG 재압축","1","720x960","720x960","157","204"
"/uploaded/summernote/202302/93000b82e464e593654d376aaef80f28.jpg","/images/uploaded/summernote/202302/93000b82e464e593654d376aaef80f28.jpg","JPG 재압축","1","526x526","526x526","50","53"
"/uploaded/summernote/202302/93024561d193b2a0297670eb7163c596.jpg","/images/uploaded/summernote/202302/93024561d193b2a0297670eb7163c596.jpg","JPG 재압축","1","296x592","296x592","24","24"
"/uploaded/summernote/202302/934433c95c9d176a8041d8a5aee9f9d2.jpg","/images/uploaded/summernote/202302/934433c95c9d176a8041d8a5aee9f9d2.jpg","JPG 재압축","1","2048x1536","1400x1050","309","214"
"/uploaded/summernote/202302/935374e786097e2d2b3250413ef0ee8b.jpg","/images/uploaded/summernote/202302/935374e786097e2d2b3250413ef0ee8b.jpg","JPG 재압축","1","593x395","593x395","39","41"
"/uploaded/summernote/202302/9357f478100c1c982fbd7d198b4f235f.jpg","/images/uploaded/summernote/202302/9357f478100c1c982fbd7d198b4f235f.jpg","JPG 재압축","1","526x526","526x526","55","58"
"/uploaded/summernote/202302/93b7712fa9c12e4b169f06d25ffc8b28.jpg","/images/uploaded/summernote/202302/93b7712fa9c12e4b169f06d25ffc8b28.jpg","JPG 재압축","1","960x540","960x540","39","50"
"/uploaded/summernote/202302/9415f88b35a9b5c2b1fbdee37cf6636d.jpg","/images/uploaded/summernote/202302/9415f88b35a9b5c2b1fbdee37cf6636d.jpg","JPG 재압축","1","960x540","960x540","45","57"
"/uploaded/summernote/202302/9429c4e185e290fa154efc7436357a85.jpg","/images/uploaded/summernote/202302/9429c4e185e290fa154efc7436357a85.jpg","JPG 재압축","1","665x960","665x960","104","135"
"/uploaded/summernote/202302/944bd4cbd92ef856e704601362ebea23.jpg","/images/uploaded/summernote/202302/944bd4cbd92ef856e704601362ebea23.jpg","JPG 재압축","1","2048x1536","1400x1050","312","221"
"/uploaded/summernote/202302/9459fb842ac92e1789be5a496809d1df.jpg","/images/uploaded/summernote/202302/9459fb842ac92e1789be5a496809d1df.jpg","JPG 재압축","1","960x720","960x720","50","67"
"/uploaded/summernote/202302/94de35b5f316aca41bc6fff1c5286d64.jpg","/images/uploaded/summernote/202302/94de35b5f316aca41bc6fff1c5286d64.jpg","JPG 재압축","1","593x395","593x395","39","41"
"/uploaded/summernote/202302/94e7674cb79e1df6d46e0bc8f3429e0a.png","/images/uploaded/summernote/202302/94e7674cb79e1df6d46e0bc8f3429e0a.jpg","PNG→JPG","1","1280x720","1280x720","666","160"
"/uploaded/summernote/202302/94e7807e10db41e493c8263d217454ee.jpg","/images/uploaded/summernote/202302/94e7807e10db41e493c8263d217454ee.jpg","JPG 재압축","1","330x600","330x600","29","30"
"/uploaded/summernote/202302/94ff004ad88f8d36a9e9e35d01649c58.jpg","/images/uploaded/summernote/202302/94ff004ad88f8d36a9e9e35d01649c58.jpg","JPG 재압축","1","592x296","592x296","35","36"
"/uploaded/summernote/202302/95436f478b7b6c10bb49b3a10f1ee48b.jpg","/images/uploaded/summernote/202302/95436f478b7b6c10bb49b3a10f1ee48b.jpg","JPG 재압축","1","960x720","960x720","84","113"
"/uploaded/summernote/202302/955c8b70bfb0bc5bb4210375c442f9e1.jpg","/images/uploaded/summernote/202302/955c8b70bfb0bc5bb4210375c442f9e1.jpg","JPG 재압축","1","512x640","512x640","76","84"
"/uploaded/summernote/202302/961c880e8342e2f4a2abdceebdb5d46b.jpg","/images/uploaded/summernote/202302/961c880e8342e2f4a2abdceebdb5d46b.jpg","JPG 재압축","1","353x912","353x912","33","38"
"/uploaded/summernote/202302/961d88f870ad01ab96862d1ac2fdd1cf.jpg","/images/uploaded/summernote/202302/961d88f870ad01ab96862d1ac2fdd1cf.jpg","JPG 재압축","1","600x450","600x450","45","47"
"/uploaded/summernote/202302/96315cb11ffdb3cf52eb560177601905.jpg","/images/uploaded/summernote/202302/96315cb11ffdb3cf52eb560177601905.jpg","JPG 재압축","1","960x960","960x960","87","109"
"/uploaded/summernote/202302/963c0ab72f422a3eea656b62f6138e35.jpg","/images/uploaded/summernote/202302/963c0ab72f422a3eea656b62f6138e35.jpg","JPG 재압축","1","600x338","600x338","32","33"
"/uploaded/summernote/202302/96a2f42766d3ea979be18eb4ae342ca7.jpg","/images/uploaded/summernote/202302/96a2f42766d3ea979be18eb4ae342ca7.jpg","JPG 재압축","1","2048x2048","1400x1400","536","253"
"/uploaded/summernote/202302/96a858540f9be8bbf1a244f00cf35204.png","/images/uploaded/summernote/202302/96a858540f9be8bbf1a244f00cf35204.jpg","PNG→JPG","1","1080x1080","1080x1080","441","191"
"/uploaded/summernote/202302/96a972c59232c1ba2998d38fce80c9db.png","/images/uploaded/summernote/202302/96a972c59232c1ba2998d38fce80c9db.jpg","PNG→JPG","1","1040x720","1040x720","210","158"
"/uploaded/summernote/202302/96af219d594fcb581dfd668e4d098b27.jpg","/images/uploaded/summernote/202302/96af219d594fcb581dfd668e4d098b27.jpg","JPG 재압축","1","1080x1372","1080x1372","313","201"
"/uploaded/summernote/202302/96c84a750d66ab4d0e9ce16678b69121.jpg","/images/uploaded/summernote/202302/96c84a750d66ab4d0e9ce16678b69121.jpg","JPG 재압축","1","960x721","960x721","55","72"
"/uploaded/summernote/202302/96da8dec60f634d715b3496db99f33dd.jpg","/images/uploaded/summernote/202302/96da8dec60f634d715b3496db99f33dd.jpg","JPG 재압축","1","2048x2048","1400x1400","500","226"
"/uploaded/summernote/202302/96e1f6a3454ee42a60404eda55e11d82.png","/images/uploaded/summernote/202302/96e1f6a3454ee42a60404eda55e11d82.jpg","PNG→JPG","1","1080x1080","1080x1080","783","208"
"/uploaded/summernote/202302/97291abc77dfc02a08aa4350d9c7249a.jpg","/images/uploaded/summernote/202302/97291abc77dfc02a08aa4350d9c7249a.jpg","JPG 재압축","1","720x1323","720x1323","249","196"
"/uploaded/summernote/202302/994b927efa0dd3e7d36da50e066293f8.jpg","/images/uploaded/summernote/202302/994b927efa0dd3e7d36da50e066293f8.jpg","JPG 재압축","1","720x960","720x960","47","58"
"/uploaded/summernote/202302/997b0673a8327ccf0491fd39926767fe.jpg","/images/uploaded/summernote/202302/997b0673a8327ccf0491fd39926767fe.jpg","JPG 재압축","1","960x720","960x720","96","126"
"/uploaded/summernote/202302/99906f06380979b8cf8921c40ff19ff1.jpg","/images/uploaded/summernote/202302/99906f06380979b8cf8921c40ff19ff1.jpg","JPG 재압축","1","1260x945","1260x945","119","149"
"/uploaded/summernote/202302/9a1ccb4241fa2ab5eb5c4565ecce247e.jpg","/images/uploaded/summernote/202302/9a1ccb4241fa2ab5eb5c4565ecce247e.jpg","JPG 재압축","1","600x292","600x292","45","48"
"/uploaded/summernote/202302/9a98d1e1bdbadad2b6376e6146d967c0.jpg","/images/uploaded/summernote/202302/9a98d1e1bdbadad2b6376e6146d967c0.jpg","JPG 재압축","1","600x450","600x450","43","45"
"/uploaded/summernote/202302/9a9c3e28c7ee9d7613be78b171907b6d.jpg","/images/uploaded/summernote/202302/9a9c3e28c7ee9d7613be78b171907b6d.jpg","JPG 재압축","1","960x720","960x720","67","83"
"/uploaded/summernote/202302/9aa1107fc8835a58463aa7a399e6ca46.jpg","/images/uploaded/summernote/202302/9aa1107fc8835a58463aa7a399e6ca46.jpg","JPG 재압축","1","2048x1536","1400x1050","208","157"
"/uploaded/summernote/202302/9aa8978a6e708da489b5cafd9cbcf486.jpg","/images/uploaded/summernote/202302/9aa8978a6e708da489b5cafd9cbcf486.jpg","JPG 재압축","1","526x935","526x935","112","119"
"/uploaded/summernote/202302/9ad06952d3e3f173bbaab0fd01af1f44.jpg","/images/uploaded/summernote/202302/9ad06952d3e3f173bbaab0fd01af1f44.jpg","JPG 재압축","1","1032x774","1032x774","69","87"
"/uploaded/summernote/202302/9ad5f7eac20e91af28f37299e9a1b491.jpg","/images/uploaded/summernote/202302/9ad5f7eac20e91af28f37299e9a1b491.jpg","JPG 재압축","1","1344x1008","1344x1008","98","121"
"/uploaded/summernote/202302/9aed1ed1edb6ca8d9fb67a814fa8a9f6.jpg","/images/uploaded/summernote/202302/9aed1ed1edb6ca8d9fb67a814fa8a9f6.jpg","JPG 재압축","1","944x944","944x944","124","99"
"/uploaded/summernote/202302/9b01ffd3c465632464e42e09361578c8.jpg","/images/uploaded/summernote/202302/9b01ffd3c465632464e42e09361578c8.jpg","JPG 재압축","1","600x338","600x338","31","32"
"/uploaded/summernote/202302/9b09ee008f7c229b61b6852adf695a79.jpg","/images/uploaded/summernote/202302/9b09ee008f7c229b61b6852adf695a79.jpg","JPG 재압축","1","593x395","593x395","23","23"
"/uploaded/summernote/202302/9b5529e738a4718c01c443a196bc6c4e.jpg","/images/uploaded/summernote/202302/9b5529e738a4718c01c443a196bc6c4e.jpg","JPG 재압축","1","960x720","960x720","72","94"
"/uploaded/summernote/202302/9b5a807f61cdf3fe1738e8b981e05493.jpg","/images/uploaded/summernote/202302/9b5a807f61cdf3fe1738e8b981e05493.jpg","JPG 재압축","1","2048x2048","1400x1400","500","226"
"/uploaded/summernote/202302/9c8daead66d7895fa909eb9cfb5b4f57.jpg","/images/uploaded/summernote/202302/9c8daead66d7895fa909eb9cfb5b4f57.jpg","JPG 재압축","1","600x450","600x450","41","43"
"/uploaded/summernote/202302/9c97567b936115748d97af8446b351e4.png","/images/uploaded/summernote/202302/9c97567b936115748d97af8446b351e4.jpg","PNG→JPG","1","1280x720","1280x720","1529","150"
"/uploaded/summernote/202302/9cd6bbb3e4d5be6b162fa8f08c81a46c.jpg","/images/uploaded/summernote/202302/9cd6bbb3e4d5be6b162fa8f08c81a46c.jpg","JPG 재압축","1","2048x2048","1400x1400","536","253"
"/uploaded/summernote/202302/9cefa6e59c45fbeb935e247571a62d86.jpg","/images/uploaded/summernote/202302/9cefa6e59c45fbeb935e247571a62d86.jpg","JPG 재압축","1","960x960","960x960","84","104"
"/uploaded/summernote/202302/9d45711601aebac5800c7c7d60552366.jpg","/images/uploaded/summernote/202302/9d45711601aebac5800c7c7d60552366.jpg","JPG 재압축","1","540x960","540x960","47","55"
"/uploaded/summernote/202302/9d631ff0997a129b18febe0e378a4098.png","/images/uploaded/summernote/202302/9d631ff0997a129b18febe0e378a4098.jpg","PNG→JPG","1","1280x720","1280x720","740","162"
"/uploaded/summernote/202302/9dbfcf8ea27bc5bf7a5a2c820d29d9d9.jpg","/images/uploaded/summernote/202302/9dbfcf8ea27bc5bf7a5a2c820d29d9d9.jpg","JPG 재압축","1","2048x1536","1400x1050","365","253"
"/uploaded/summernote/202302/9de272ab6a573efe886f9a442c3a8a41.jpg","/images/uploaded/summernote/202302/9de272ab6a573efe886f9a442c3a8a41.jpg","JPG 재압축","1","600x600","600x600","73","77"
"/uploaded/summernote/202302/9e2fe2626d18ad858c4f1fb878e7ad89.jpg","/images/uploaded/summernote/202302/9e2fe2626d18ad858c4f1fb878e7ad89.jpg","JPG 재압축","1","960x960","960x960","114","118"
"/uploaded/summernote/202302/9f026e19f20405b1cf5dee153eaabe8c.jpg","/images/uploaded/summernote/202302/9f026e19f20405b1cf5dee153eaabe8c.jpg","JPG 재압축","1","235x590","235x590","21","23"
"/uploaded/summernote/202302/9f3a67ea9b138b69e3464f582831458c.jpg","/images/uploaded/summernote/202302/9f3a67ea9b138b69e3464f582831458c.jpg","JPG 재압축","1","960x720","960x720","73","95"
"/uploaded/summernote/202302/9f8a72b3a127c65791d019bf8cd2f201.jpg","/images/uploaded/summernote/202302/9f8a72b3a127c65791d019bf8cd2f201.jpg","JPG 재압축","1","1032x774","1032x774","61","76"
"/uploaded/summernote/202302/9f910dca05c6ee1de691f7490ee27937.jpg","/images/uploaded/summernote/202302/9f910dca05c6ee1de691f7490ee27937.jpg","JPG 재압축","1","526x701","526x701","42","43"
"/uploaded/summernote/202302/9f9f82d3ffacbb0e61bf40d643ea017f.jpg","/images/uploaded/summernote/202302/9f9f82d3ffacbb0e61bf40d643ea017f.jpg","JPG 재압축","1","583x350","583x350","28","29"
"/uploaded/summernote/202302/9fcb0773a68cff68553862f2b5a261d0.jpg","/images/uploaded/summernote/202302/9fcb0773a68cff68553862f2b5a261d0.jpg","JPG 재압축","1","1334x1334","1334x1334","70","109"
"/uploaded/summernote/202302/a0a21cbc2e08702d19b9e5e7ac579aad.jpg","/images/uploaded/summernote/202302/a0a21cbc2e08702d19b9e5e7ac579aad.jpg","JPG 재압축","1","960x720","960x720","64","79"
"/uploaded/summernote/202302/a0de8a5f08e61efa16735b3b1e617fc3.jpg","/images/uploaded/summernote/202302/a0de8a5f08e61efa16735b3b1e617fc3.jpg","JPG 재압축","1","960x717","960x717","42","53"
"/uploaded/summernote/202302/a112f547085265d7f84cf13f02fead1b.jpg","/images/uploaded/summernote/202302/a112f547085265d7f84cf13f02fead1b.jpg","JPG 재압축","1","600x338","600x338","33","34"
"/uploaded/summernote/202302/a129f1a670d8bce4cfca2a35ef3297b2.png","/images/uploaded/summernote/202302/a129f1a670d8bce4cfca2a35ef3297b2.jpg","PNG→JPG","1","1280x720","1280x720","1380","184"
"/uploaded/summernote/202302/a17290930940180da153257a822c5236.jpg","/images/uploaded/summernote/202302/a17290930940180da153257a822c5236.jpg","JPG 재압축","1","1260x945","1260x945","105","130"
"/uploaded/summernote/202302/a19c44d9b3b823241a7bb57f9ebc4c98.jpg","/images/uploaded/summernote/202302/a19c44d9b3b823241a7bb57f9ebc4c98.jpg","JPG 재압축","1","2048x1365","1400x933","327","236"
"/uploaded/summernote/202302/a1a44f7a815ed78e4fdeeed7ca87b9b1.png","/images/uploaded/summernote/202302/a1a44f7a815ed78e4fdeeed7ca87b9b1.jpg","PNG→JPG","1","512x720","512x720","182","61"
"/uploaded/summernote/202302/a1ba9076743110ccf819370c44d6b832.jpg","/images/uploaded/summernote/202302/a1ba9076743110ccf819370c44d6b832.jpg","JPG 재압축","1","600x338","600x338","59","63"
"/uploaded/summernote/202302/a2d04a0f9f690d6a9ee69aa0e0cb9106.jpg","/images/uploaded/summernote/202302/a2d04a0f9f690d6a9ee69aa0e0cb9106.jpg","JPG 재압축","1","2016x1134","1400x788","375","164"
"/uploaded/summernote/202302/a2d71b10cc4ca8de2e894fc26f760d68.jpg","/images/uploaded/summernote/202302/a2d71b10cc4ca8de2e894fc26f760d68.jpg","JPG 재압축","1","600x450","600x450","52","55"
"/uploaded/summernote/202302/a305100806bc20013dddebd077d3c668.jpg","/images/uploaded/summernote/202302/a305100806bc20013dddebd077d3c668.jpg","JPG 재압축","1","1536x2048","1050x1400","278","205"
"/uploaded/summernote/202302/a385e3f76abade63aebb2fdf11954c65.png","/images/uploaded/summernote/202302/a385e3f76abade63aebb2fdf11954c65.jpg","PNG→JPG","1","1080x1080","1080x1080","151","115"
"/uploaded/summernote/202302/a42541bea4e219f49d6f02ca090c0d6f.jpg","/images/uploaded/summernote/202302/a42541bea4e219f49d6f02ca090c0d6f.jpg","JPG 재압축","1","1536x2048","1050x1400","326","239"
"/uploaded/summernote/202302/a468d137ee8759e6153a5090f3b8f0ab.jpg","/images/uploaded/summernote/202302/a468d137ee8759e6153a5090f3b8f0ab.jpg","JPG 재압축","1","600x451","600x451","44","46"
"/uploaded/summernote/202302/a475355a2b7ca9ac264306f29168e5f4.jpg","/images/uploaded/summernote/202302/a475355a2b7ca9ac264306f29168e5f4.jpg","JPG 재압축","1","449x600","449x600","38","39"
"/uploaded/summernote/202302/a4c82813cdeec545e48a48ae1df6bc11.jpg","/images/uploaded/summernote/202302/a4c82813cdeec545e48a48ae1df6bc11.jpg","JPG 재압축","1","2016x1134","1400x788","444","217"
"/uploaded/summernote/202302/a5acaaabfe8cb5a5539e56e158c76310.jpg","/images/uploaded/summernote/202302/a5acaaabfe8cb5a5539e56e158c76310.jpg","JPG 재압축","1","960x540","960x540","43","55"
"/uploaded/summernote/202302/a62118ceb7037409e3f0f8cf81f3ee1e.jpg","/images/uploaded/summernote/202302/a62118ceb7037409e3f0f8cf81f3ee1e.jpg","JPG 재압축","1","1080x648","1080x648","48","59"
"/uploaded/summernote/202302/a6224f8abfd4b81b15e45107d74548ec.jpg","/images/uploaded/summernote/202302/a6224f8abfd4b81b15e45107d74548ec.jpg","JPG 재압축","1","960x720","960x720","83","100"
"/uploaded/summernote/202302/a64ffcfded3a4e376cebbeae17d417c2.png","/images/uploaded/summernote/202302/a64ffcfded3a4e376cebbeae17d417c2.jpg","PNG→JPG","1","1280x720","1280x720","502","132"
"/uploaded/summernote/202302/a671a4d38015c7617d9b4a733a9a50a0.jpg","/images/uploaded/summernote/202302/a671a4d38015c7617d9b4a733a9a50a0.jpg","JPG 재압축","1","2048x1365","1400x933","205","150"
"/uploaded/summernote/202302/a6cba39e8ec2c811302b234e1c38e22b.jpg","/images/uploaded/summernote/202302/a6cba39e8ec2c811302b234e1c38e22b.jpg","JPG 재압축","1","1032x774","1032x774","38","47"
"/uploaded/summernote/202302/a74be794498f48ba03da91893a3e782c.png","/images/uploaded/summernote/202302/a74be794498f48ba03da91893a3e782c.jpg","PNG→JPG","1","1280x720","1280x720","706","122"
"/uploaded/summernote/202302/a780b3d442dbc7cf7676a59ea30bd68e.jpg","/images/uploaded/summernote/202302/a780b3d442dbc7cf7676a59ea30bd68e.jpg","JPG 재압축","1","600x338","600x338","41","44"
"/uploaded/summernote/202302/a79175fe2a46cd00ff4b5756d9d8fbab.jpg","/images/uploaded/summernote/202302/a79175fe2a46cd00ff4b5756d9d8fbab.jpg","JPG 재압축","1","720x540","720x540","58","59"
"/uploaded/summernote/202302/a801e64f668d87554fa8eb9b95f43d75.jpg","/images/uploaded/summernote/202302/a801e64f668d87554fa8eb9b95f43d75.jpg","JPG 재압축","1","600x338","600x338","49","52"
"/uploaded/summernote/202302/a872b0062c92dc13bb5a652af540dfda.jpg","/images/uploaded/summernote/202302/a872b0062c92dc13bb5a652af540dfda.jpg","JPG 재압축","1","2016x1134","1400x788","448","219"
"/uploaded/summernote/202302/a905e160c6a336f067961bb68e74d6d5.jpg","/images/uploaded/summernote/202302/a905e160c6a336f067961bb68e74d6d5.jpg","JPG 재압축","1","600x600","600x600","61","64"
"/uploaded/summernote/202302/a9063de08b0e32f2e32af97604df2f80.jpg","/images/uploaded/summernote/202302/a9063de08b0e32f2e32af97604df2f80.jpg","JPG 재압축","1","2048x1365","1400x933","273","195"
"/uploaded/summernote/202302/a98471978e976b5f15bd7da9ba11392e.jpg","/images/uploaded/summernote/202302/a98471978e976b5f15bd7da9ba11392e.jpg","JPG 재압축","1","600x338","600x338","36","37"
"/uploaded/summernote/202302/a9b2fc0709b2f3e6559e0750b939c5c6.jpg","/images/uploaded/summernote/202302/a9b2fc0709b2f3e6559e0750b939c5c6.jpg","JPG 재압축","1","960x665","960x665","60","84"
"/uploaded/summernote/202302/a9c31c6a0c9bc63f66db24fba3f73f54.jpg","/images/uploaded/summernote/202302/a9c31c6a0c9bc63f66db24fba3f73f54.jpg","JPG 재압축","1","600x338","600x338","51","54"
"/uploaded/summernote/202302/aa3a2034fe83faee9fbb6f93f595159f.png","/images/uploaded/summernote/202302/aa3a2034fe83faee9fbb6f93f595159f.jpg","PNG→JPG","1","1280x720","1280x720","478","180"
"/uploaded/summernote/202302/aa66ca126ce8c7746e887d14a58f3691.jpg","/images/uploaded/summernote/202302/aa66ca126ce8c7746e887d14a58f3691.jpg","JPG 재압축","1","960x720","960x720","78","97"
"/uploaded/summernote/202302/aaa9c78b105541ebca5fc871b2a512b2.jpg","/images/uploaded/summernote/202302/aaa9c78b105541ebca5fc871b2a512b2.jpg","JPG 재압축","1","338x600","338x600","32","33"
"/uploaded/summernote/202302/aad709407d1d6d0830f6704f2ed5ac7e.jpg","/images/uploaded/summernote/202302/aad709407d1d6d0830f6704f2ed5ac7e.jpg","JPG 재압축","1","600x338","600x338","59","63"
"/uploaded/summernote/202302/aae3d3482dc825b4dbbc9a956b39956b.jpg","/images/uploaded/summernote/202302/aae3d3482dc825b4dbbc9a956b39956b.jpg","JPG 재압축","1","600x338","600x338","39","41"
"/uploaded/summernote/202302/ab8c6452fb09104822d9e1a074939811.jpg","/images/uploaded/summernote/202302/ab8c6452fb09104822d9e1a074939811.jpg","JPG 재압축","1","338x600","338x600","38","39"
"/uploaded/summernote/202302/abb2f9c0b956a63dc220eece10eda413.jpg","/images/uploaded/summernote/202302/abb2f9c0b956a63dc220eece10eda413.jpg","JPG 재압축","1","1086x379","1086x379","80","50"
"/uploaded/summernote/202302/abc5305e10f58c597f33210527053dfb.jpg","/images/uploaded/summernote/202302/abc5305e10f58c597f33210527053dfb.jpg","JPG 재압축","1","600x338","600x338","31","32"
"/uploaded/summernote/202302/ac4f18cfecdc032a0820465af09d0501.jpg","/images/uploaded/summernote/202302/ac4f18cfecdc032a0820465af09d0501.jpg","JPG 재압축","1","960x720","960x720","90","113"
"/uploaded/summernote/202302/ad07252a62bbc9f66d9a3b5851039a78.jpg","/images/uploaded/summernote/202302/ad07252a62bbc9f66d9a3b5851039a78.jpg","JPG 재압축","1","1448x2048","990x1400","246","230"
"/uploaded/summernote/202302/ade857e249ec2a08e3ae7d2004b32f06.jpg","/images/uploaded/summernote/202302/ade857e249ec2a08e3ae7d2004b32f06.jpg","JPG 재압축","1","595x337","595x337","67","40"
"/uploaded/summernote/202302/adf6da2f6aab513fe8a74aa95ce3c730.jpg","/images/uploaded/summernote/202302/adf6da2f6aab513fe8a74aa95ce3c730.jpg","JPG 재압축","1","1440x1080","1400x1050","326","188"
"/uploaded/summernote/202302/aef4bbecb14243d7c6bba31e1f8f603a.jpg","/images/uploaded/summernote/202302/aef4bbecb14243d7c6bba31e1f8f603a.jpg","JPG 재압축","1","620x874","620x874","104","99"
"/uploaded/summernote/202302/af5d74c5109cf3664e4f77c477cd44c5.jpg","/images/uploaded/summernote/202302/af5d74c5109cf3664e4f77c477cd44c5.jpg","JPG 재압축","1","2048x2048","1400x1400","452","297"
"/uploaded/summernote/202302/b063654dd0c681fab1c4fe05cb2f737d.jpg","/images/uploaded/summernote/202302/b063654dd0c681fab1c4fe05cb2f737d.jpg","JPG 재압축","1","540x960","540x960","52","61"
"/uploaded/summernote/202302/b1811064aace4c6482b5b7f2b2d1923d.jpg","/images/uploaded/summernote/202302/b1811064aace4c6482b5b7f2b2d1923d.jpg","JPG 재압축","1","1024x683","1024x683","77","82"
"/uploaded/summernote/202302/b1f6d213a39e35d46dd5018db3ef3d32.jpg","/images/uploaded/summernote/202302/b1f6d213a39e35d46dd5018db3ef3d32.jpg","JPG 재압축","1","2048x1365","1400x933","209","154"
"/uploaded/summernote/202302/b21b8ab35ed10ffba5d873851ac44690.jpg","/images/uploaded/summernote/202302/b21b8ab35ed10ffba5d873851ac44690.jpg","JPG 재압축","1","2016x1134","1400x788","379","180"
"/uploaded/summernote/202302/b32c839af485fa441c77a964b799caa6.jpg","/images/uploaded/summernote/202302/b32c839af485fa441c77a964b799caa6.jpg","JPG 재압축","1","720x540","720x540","72","75"
"/uploaded/summernote/202302/b35fa40441ee321d74b85769302fc6a7.jpg","/images/uploaded/summernote/202302/b35fa40441ee321d74b85769302fc6a7.jpg","JPG 재압축","1","1536x2048","1050x1400","296","184"
"/uploaded/summernote/202302/b3703eb59966b90cbac244151982c74e.jpg","/images/uploaded/summernote/202302/b3703eb59966b90cbac244151982c74e.jpg","JPG 재압축","1","449x600","449x600","41","42"
"/uploaded/summernote/202302/b3c42bd24d8ceaaaffb135daf169b16d.jpg","/images/uploaded/summernote/202302/b3c42bd24d8ceaaaffb135daf169b16d.jpg","JPG 재압축","1","600x600","600x600","62","66"
"/uploaded/summernote/202302/b3cda00842f6f369f0a7f1a20d7cc559.jpg","/images/uploaded/summernote/202302/b3cda00842f6f369f0a7f1a20d7cc559.jpg","JPG 재압축","1","600x450","600x450","68","72"
"/uploaded/summernote/202302/b476ec59b48606a11ae16e8872ce65f0.jpg","/images/uploaded/summernote/202302/b476ec59b48606a11ae16e8872ce65f0.jpg","JPG 재압축","1","338x600","338x600","29","31"
"/uploaded/summernote/202302/b49624e663ac67116586cd8aaa98d1e7.png","/images/uploaded/summernote/202302/b49624e663ac67116586cd8aaa98d1e7.jpg","PNG→JPG","1","1280x720","1280x720","1587","150"
"/uploaded/summernote/202302/b4b338ebcb54cb556207f65ef9574d6b.jpg","/images/uploaded/summernote/202302/b4b338ebcb54cb556207f65ef9574d6b.jpg","JPG 재압축","1","1344x1008","1344x1008","112","125"
"/uploaded/summernote/202302/b56232d044156d76b0676d577fdc4c18.jpg","/images/uploaded/summernote/202302/b56232d044156d76b0676d577fdc4c18.jpg","JPG 재압축","1","960x720","960x720","41","53"
"/uploaded/summernote/202302/b57e937e69ea391d2bb40e9521fd3fec.png","/images/uploaded/summernote/202302/b57e937e69ea391d2bb40e9521fd3fec.jpg","PNG→JPG","1","1280x720","1280x720","642","132"
"/uploaded/summernote/202302/b5d1aac6080ce7104a79ca9cc72f3b4e.jpg","/images/uploaded/summernote/202302/b5d1aac6080ce7104a79ca9cc72f3b4e.jpg","JPG 재압축","1","600x338","600x338","32","33"
"/uploaded/summernote/202302/b771e2ddfb52e1c22990f064b53fe182.jpg","/images/uploaded/summernote/202302/b771e2ddfb52e1c22990f064b53fe182.jpg","JPG 재압축","1","2048x1365","1400x933","224","164"
"/uploaded/summernote/202302/b79925ab22d988a7728c77a12214458e.jpg","/images/uploaded/summernote/202302/b79925ab22d988a7728c77a12214458e.jpg","JPG 재압축","1","2048x1536","1400x1050","302","222"
"/uploaded/summernote/202302/b79b1bab158368c827c22ead259dcacf.jpg","/images/uploaded/summernote/202302/b79b1bab158368c827c22ead259dcacf.jpg","JPG 재압축","1","1440x1440","1400x1400","289","252"
"/uploaded/summernote/202302/b80e794db4d77ea8e6232619ff2e5d51.jpg","/images/uploaded/summernote/202302/b80e794db4d77ea8e6232619ff2e5d51.jpg","JPG 재압축","1","2016x1134","1400x788","383","178"
"/uploaded/summernote/202302/b84e36f5dea8d6cf4df3a6391b32913b.jpg","/images/uploaded/summernote/202302/b84e36f5dea8d6cf4df3a6391b32913b.jpg","JPG 재압축","1","2048x2048","1400x1400","452","297"
"/uploaded/summernote/202302/b85070064f53e27fdc28492c12c4716c.jpg","/images/uploaded/summernote/202302/b85070064f53e27fdc28492c12c4716c.jpg","JPG 재압축","1","1536x2048","1050x1400","399","251"
"/uploaded/summernote/202302/b85f3b97deede992431a013ab48e7ff5.jpg","/images/uploaded/summernote/202302/b85f3b97deede992431a013ab48e7ff5.jpg","JPG 재압축","1","720x540","720x540","72","75"
"/uploaded/summernote/202302/b8ba31f817a5b42f6718e788999edf88.jpg","/images/uploaded/summernote/202302/b8ba31f817a5b42f6718e788999edf88.jpg","JPG 재압축","1","2048x2048","1400x1400","366","230"
"/uploaded/summernote/202302/b9254e145ad56035a1a3b52ef96ab341.jpg","/images/uploaded/summernote/202302/b9254e145ad56035a1a3b52ef96ab341.jpg","JPG 재압축","1","581x1032","581x1032","58","74"
"/uploaded/summernote/202302/b961543cc96a95c63f78478eea9c424c.jpg","/images/uploaded/summernote/202302/b961543cc96a95c63f78478eea9c424c.jpg","JPG 재압축","1","1334x1334","1334x1334","176","243"
"/uploaded/summernote/202302/b962a46b4af98b1157280051833fc7eb.jpg","/images/uploaded/summernote/202302/b962a46b4af98b1157280051833fc7eb.jpg","JPG 재압축","1","665x960","665x960","94","123"
"/uploaded/summernote/202302/b997e613280ce827e2492f8ea44716fd.jpg","/images/uploaded/summernote/202302/b997e613280ce827e2492f8ea44716fd.jpg","JPG 재압축","1","2048x1536","1400x1050","343","244"
"/uploaded/summernote/202302/ba330cc07a565e04ae97126133d86d96.jpg","/images/uploaded/summernote/202302/ba330cc07a565e04ae97126133d86d96.jpg","JPG 재압축","1","960x720","960x720","84","102"
"/uploaded/summernote/202302/ba574669a0d2dd9b19974187cc29a762.png","/images/uploaded/summernote/202302/ba574669a0d2dd9b19974187cc29a762.jpg","PNG→JPG","1","1280x720","1280x720","438","144"
"/uploaded/summernote/202302/ba590f59a11d99438111d96e8fcf3512.jpg","/images/uploaded/summernote/202302/ba590f59a11d99438111d96e8fcf3512.jpg","JPG 재압축","1","1080x809","1080x809","35","42"
"/uploaded/summernote/202302/baa6f47e595fad24958f82646daafb5f.jpg","/images/uploaded/summernote/202302/baa6f47e595fad24958f82646daafb5f.jpg","JPG 재압축","1","719x960","719x960","50","61"
"/uploaded/summernote/202302/bb0be13e2968905a1ddd90adaf0c85f2.jpg","/images/uploaded/summernote/202302/bb0be13e2968905a1ddd90adaf0c85f2.jpg","JPG 재압축","1","600x338","600x338","36","37"
"/uploaded/summernote/202302/bb394ffa0033504739283ea35724d82d.jpg","/images/uploaded/summernote/202302/bb394ffa0033504739283ea35724d82d.jpg","JPG 재압축","1","2048x1365","1400x933","365","174"
"/uploaded/summernote/202302/bb4c405a77bd8bcd4ffa5364366a29d4.jpg","/images/uploaded/summernote/202302/bb4c405a77bd8bcd4ffa5364366a29d4.jpg","JPG 재압축","1","600x255","600x255","27","28"
"/uploaded/summernote/202302/bc045744073e56da83b012c8bc5cf943.jpg","/images/uploaded/summernote/202302/bc045744073e56da83b012c8bc5cf943.jpg","JPG 재압축","1","960x720","960x720","72","94"
"/uploaded/summernote/202302/bc86454b178d8905774f1abf98325555.jpg","/images/uploaded/summernote/202302/bc86454b178d8905774f1abf98325555.jpg","JPG 재압축","1","600x338","600x338","31","32"
"/uploaded/summernote/202302/bd2a4fbcffe8620394cc5e88fd6203ed.jpg","/images/uploaded/summernote/202302/bd2a4fbcffe8620394cc5e88fd6203ed.jpg","JPG 재압축","1","600x449","600x449","46","48"
"/uploaded/summernote/202302/bd53329ef49c18877cd998236c2b5b81.png","/images/uploaded/summernote/202302/bd53329ef49c18877cd998236c2b5b81.jpg","PNG→JPG","1","1040x720","1040x720","378","204"
"/uploaded/summernote/202302/be48e1afe9996b4f719c5f71bb1b948b.jpg","/images/uploaded/summernote/202302/be48e1afe9996b4f719c5f71bb1b948b.jpg","JPG 재압축","1","512x640","512x640","76","84"
"/uploaded/summernote/202302/be672b1af203fdf46659c07edd8fec3e.jpg","/images/uploaded/summernote/202302/be672b1af203fdf46659c07edd8fec3e.jpg","JPG 재압축","1","960x720","960x720","62","79"
"/uploaded/summernote/202302/be86fbff4d9442eba96e299874de45d2.jpg","/images/uploaded/summernote/202302/be86fbff4d9442eba96e299874de45d2.jpg","JPG 재압축","1","960x720","960x720","138","178"
"/uploaded/summernote/202302/be8b6aa3becf5111d3a24bda8c418e48.jpg","/images/uploaded/summernote/202302/be8b6aa3becf5111d3a24bda8c418e48.jpg","JPG 재압축","1","744x744","744x744","57","70"
"/uploaded/summernote/202302/bef0454f5a19d0c54948ab11e7aa247c.jpg","/images/uploaded/summernote/202302/bef0454f5a19d0c54948ab11e7aa247c.jpg","JPG 재압축","1","1440x1080","1400x1050","365","209"
"/uploaded/summernote/202302/c0442018d88a27b0d6b2efb831adfe12.png","/images/uploaded/summernote/202302/c0442018d88a27b0d6b2efb831adfe12.jpg","PNG→JPG","1","1080x1080","1080x1080","186","134"
"/uploaded/summernote/202302/c06feca8c06938f09346a4b2d2509f97.jpg","/images/uploaded/summernote/202302/c06feca8c06938f09346a4b2d2509f97.jpg","JPG 재압축","1","2048x1536","1400x1050","309","214"
"/uploaded/summernote/202302/c0a761177f90d05bbcae61c5eee330cc.jpg","/images/uploaded/summernote/202302/c0a761177f90d05bbcae61c5eee330cc.jpg","JPG 재압축","1","960x720","960x720","69","90"
"/uploaded/summernote/202302/c0ac01514ddbb39dd8428288e2118b0d.jpg","/images/uploaded/summernote/202302/c0ac01514ddbb39dd8428288e2118b0d.jpg","JPG 재압축","1","600x449","600x449","21","22"
"/uploaded/summernote/202302/c21025db6abb3ef9bfea3aa632bf6e74.jpg","/images/uploaded/summernote/202302/c21025db6abb3ef9bfea3aa632bf6e74.jpg","JPG 재압축","1","600x450","600x450","45","47"
"/uploaded/summernote/202302/c2cef694240378cb8e4ab6ac4cb17153.jpg","/images/uploaded/summernote/202302/c2cef694240378cb8e4ab6ac4cb17153.jpg","JPG 재압축","1","2048x1365","1400x933","225","166"
"/uploaded/summernote/202302/c2d768c192c886458155288323ef6935.jpg","/images/uploaded/summernote/202302/c2d768c192c886458155288323ef6935.jpg","JPG 재압축","1","2032x1520","1400x1047","331","158"
"/uploaded/summernote/202302/c2f5e971f21c1e8a79b7db5c7d1893a9.png","/images/uploaded/summernote/202302/c2f5e971f21c1e8a79b7db5c7d1893a9.jpg","PNG→JPG","1","1280x720","1280x720","1104","176"
"/uploaded/summernote/202302/c2fa66b524f17b4a182313bc1a9f047e.png","/images/uploaded/summernote/202302/c2fa66b524f17b4a182313bc1a9f047e.jpg","PNG→JPG","1","1280x720","1280x720","1839","165"
"/uploaded/summernote/202302/c316afa18447d0e935ce01978139b031.jpg","/images/uploaded/summernote/202302/c316afa18447d0e935ce01978139b031.jpg","JPG 재압축","1","333x600","333x600","33","35"
"/uploaded/summernote/202302/c32efb15b44680c90264c9e4873745a5.jpg","/images/uploaded/summernote/202302/c32efb15b44680c90264c9e4873745a5.jpg","JPG 재압축","1","960x960","960x960","63","74"
"/uploaded/summernote/202302/c3d92dec293100c2a281cb7fbfc543a6.jpg","/images/uploaded/summernote/202302/c3d92dec293100c2a281cb7fbfc543a6.jpg","JPG 재압축","1","1440x1080","1400x1050","326","188"
"/uploaded/summernote/202302/c4349251f9e0565380df88199ba4989b.jpg","/images/uploaded/summernote/202302/c4349251f9e0565380df88199ba4989b.jpg","JPG 재압축","1","600x600","600x600","65","67"
"/uploaded/summernote/202302/c435f91962e9af00debce76857d55ee4.jpg","/images/uploaded/summernote/202302/c435f91962e9af00debce76857d55ee4.jpg","JPG 재압축","1","2016x1134","1400x788","316","156"
"/uploaded/summernote/202302/c4656ea35486859512f082bc182af4b5.jpg","/images/uploaded/summernote/202302/c4656ea35486859512f082bc182af4b5.jpg","JPG 재압축","1","2048x1365","1400x933","215","146"
"/uploaded/summernote/202302/c487a6df6319d182e688f39cc6a6283b.jpg","/images/uploaded/summernote/202302/c487a6df6319d182e688f39cc6a6283b.jpg","JPG 재압축","1","2032x1520","1400x1047","313","157"
"/uploaded/summernote/202302/c49d4536f76f0223e74df64c0cde2fb8.jpg","/images/uploaded/summernote/202302/c49d4536f76f0223e74df64c0cde2fb8.jpg","JPG 재압축","1","960x540","960x540","55","70"
"/uploaded/summernote/202302/c4bc70f4a687a98b51d4da49fc47adf1.jpg","/images/uploaded/summernote/202302/c4bc70f4a687a98b51d4da49fc47adf1.jpg","JPG 재압축","1","600x368","600x368","37","39"
"/uploaded/summernote/202302/c53058dedabed973d620a699eac1cca1.jpg","/images/uploaded/summernote/202302/c53058dedabed973d620a699eac1cca1.jpg","JPG 재압축","1","960x540","960x540","41","52"
"/uploaded/summernote/202302/c560b6bcf52a382a54da41c5578bdd3f.jpg","/images/uploaded/summernote/202302/c560b6bcf52a382a54da41c5578bdd3f.jpg","JPG 재압축","1","593x395","593x395","40","42"
"/uploaded/summernote/202302/c56cd0e03994517cde9026ed4a70d2c2.jpg","/images/uploaded/summernote/202302/c56cd0e03994517cde9026ed4a70d2c2.jpg","JPG 재압축","1","1280x640","1280x640","79","98"
"/uploaded/summernote/202302/c5d6d098c45004a47724a4c6713110f6.jpg","/images/uploaded/summernote/202302/c5d6d098c45004a47724a4c6713110f6.jpg","JPG 재압축","1","2048x1365","1400x933","307","166"
"/uploaded/summernote/202302/c5edf8c7d02b1766a8dfa355ad4ace85.jpg","/images/uploaded/summernote/202302/c5edf8c7d02b1766a8dfa355ad4ace85.jpg","JPG 재압축","1","2048x1536","1400x1050","374","267"
"/uploaded/summernote/202302/c641d2d58b4d6f0ab3cca924441bfeee.jpg","/images/uploaded/summernote/202302/c641d2d58b4d6f0ab3cca924441bfeee.jpg","JPG 재압축","1","960x540","960x540","58","73"
"/uploaded/summernote/202302/c6530d41774062bbcd4d9d46397f449a.png","/images/uploaded/summernote/202302/c6530d41774062bbcd4d9d46397f449a.jpg","PNG→JPG","1","1280x720","1280x720","650","114"
"/uploaded/summernote/202302/c664303d941fac01836e90611ddb0886.jpg","/images/uploaded/summernote/202302/c664303d941fac01836e90611ddb0886.jpg","JPG 재압축","1","2048x1536","1400x1050","274","199"
"/uploaded/summernote/202302/c6c3c84fc01ed1ad92252d59e33e3608.jpg","/images/uploaded/summernote/202302/c6c3c84fc01ed1ad92252d59e33e3608.jpg","JPG 재압축","1","1260x945","1260x945","82","102"
"/uploaded/summernote/202302/c6dc146753ec1ffcc72db8aa724702ea.jpg","/images/uploaded/summernote/202302/c6dc146753ec1ffcc72db8aa724702ea.jpg","JPG 재압축","1","720x960","720x960","56","72"
"/uploaded/summernote/202302/c80ced59fc70b85856a55c5d33071990.jpg","/images/uploaded/summernote/202302/c80ced59fc70b85856a55c5d33071990.jpg","JPG 재압축","1","2016x1134","1400x788","484","234"
"/uploaded/summernote/202302/c8525cffb23262041bbc2973679d96ea.png","/images/uploaded/summernote/202302/c8525cffb23262041bbc2973679d96ea.jpg","PNG→JPG","1","1280x720","1280x720","539","160"
"/uploaded/summernote/202302/c874a9c206ff510eb42ca2cde20d7d64.jpg","/images/uploaded/summernote/202302/c874a9c206ff510eb42ca2cde20d7d64.jpg","JPG 재압축","1","600x450","600x450","40","42"
"/uploaded/summernote/202302/c95f6cfcc882798a3a6c488ee84c795c.jpg","/images/uploaded/summernote/202302/c95f6cfcc882798a3a6c488ee84c795c.jpg","JPG 재압축","1","960x720","960x720","85","108"
"/uploaded/summernote/202302/c961f6973eba1108f964436b82c8be6d.jpg","/images/uploaded/summernote/202302/c961f6973eba1108f964436b82c8be6d.jpg","JPG 재압축","1","1042x585","1042x585","79","82"
"/uploaded/summernote/202302/c974d3ce3ae41eed2fd55deebd2e4167.jpg","/images/uploaded/summernote/202302/c974d3ce3ae41eed2fd55deebd2e4167.jpg","JPG 재압축","1","960x480","960x480","53","66"
"/uploaded/summernote/202302/c9897a3a3107319f7e8c44988f6bd945.jpg","/images/uploaded/summernote/202302/c9897a3a3107319f7e8c44988f6bd945.jpg","JPG 재압축","1","600x338","600x338","36","37"
"/uploaded/summernote/202302/c99fad0e50a098fed27ba354b1449421.jpg","/images/uploaded/summernote/202302/c99fad0e50a098fed27ba354b1449421.jpg","JPG 재압축","1","600x450","600x450","61","64"
"/uploaded/summernote/202302/c9d4230883e9c562c04b8b621d0f9615.jpg","/images/uploaded/summernote/202302/c9d4230883e9c562c04b8b621d0f9615.jpg","JPG 재압축","1","526x701","526x701","42","43"
"/uploaded/summernote/202302/ca7e00cb3d9184cdc413c8dec4e2dc99.jpg","/images/uploaded/summernote/202302/ca7e00cb3d9184cdc413c8dec4e2dc99.jpg","JPG 재압축","1","1009x742","1009x742","160","152"
"/uploaded/summernote/202302/ca861dac5aaaf2ab90f421078f596c45.jpg","/images/uploaded/summernote/202302/ca861dac5aaaf2ab90f421078f596c45.jpg","JPG 재압축","1","600x449","600x449","23","23"
"/uploaded/summernote/202302/cac80b2fb0b2cc598c3905867c8d60a4.jpg","/images/uploaded/summernote/202302/cac80b2fb0b2cc598c3905867c8d60a4.jpg","JPG 재압축","1","960x540","960x540","52","66"
"/uploaded/summernote/202302/cadf8508712d9eb0da87c1eebed510e1.jpg","/images/uploaded/summernote/202302/cadf8508712d9eb0da87c1eebed510e1.jpg","JPG 재압축","1","960x720","960x720","58","71"
"/uploaded/summernote/202302/caf07bb2963a5cfea9462aa0236f7da5.jpg","/images/uploaded/summernote/202302/caf07bb2963a5cfea9462aa0236f7da5.jpg","JPG 재압축","1","960x960","960x960","50","61"
"/uploaded/summernote/202302/cb1bdbc40dbcc585cdfe0f0c56ac8978.jpg","/images/uploaded/summernote/202302/cb1bdbc40dbcc585cdfe0f0c56ac8978.jpg","JPG 재압축","1","960x528","960x528","59","70"
"/uploaded/summernote/202302/cb88b33ddaade243e127415e1a85ca98.jpg","/images/uploaded/summernote/202302/cb88b33ddaade243e127415e1a85ca98.jpg","JPG 재압축","1","600x600","600x600","52","53"
"/uploaded/summernote/202302/cbf4821520796849ccd9f6b9660a062c.png","/images/uploaded/summernote/202302/cbf4821520796849ccd9f6b9660a062c.jpg","PNG→JPG","1","1280x720","1280x720","1436","145"
"/uploaded/summernote/202302/ccb9ee9faddec3b9ed8c887f03375ba4.jpg","/images/uploaded/summernote/202302/ccb9ee9faddec3b9ed8c887f03375ba4.jpg","JPG 재압축","1","600x600","600x600","74","77"
"/uploaded/summernote/202302/cd53c7cf8d384c8523c22e79cfe3df31.jpg","/images/uploaded/summernote/202302/cd53c7cf8d384c8523c22e79cfe3df31.jpg","JPG 재압축","1","960x720","960x720","74","95"
"/uploaded/summernote/202302/cd742204ee4af90efba41f54071fce1d.png","/images/uploaded/summernote/202302/cd742204ee4af90efba41f54071fce1d.jpg","PNG→JPG","1","1280x720","1280x720","773","125"
"/uploaded/summernote/202302/cda72cf3708707429b7d43d0c9e538f2.jpg","/images/uploaded/summernote/202302/cda72cf3708707429b7d43d0c9e538f2.jpg","JPG 재압축","1","600x450","600x450","51","53"
"/uploaded/summernote/202302/ce65ba61e274dd18b34801898d0de10d.jpg","/images/uploaded/summernote/202302/ce65ba61e274dd18b34801898d0de10d.jpg","JPG 재압축","1","592x296","592x296","41","43"
"/uploaded/summernote/202302/ce93a1de0d0c1756cba3b4c178347b09.jpg","/images/uploaded/summernote/202302/ce93a1de0d0c1756cba3b4c178347b09.jpg","JPG 재압축","1","1536x2048","1050x1400","250","171"
"/uploaded/summernote/202302/cea91ff0eac2964b1ddd9c93f6e43db2.jpg","/images/uploaded/summernote/202302/cea91ff0eac2964b1ddd9c93f6e43db2.jpg","JPG 재압축","1","600x338","600x338","47","50"
"/uploaded/summernote/202302/cec7280555ac0732a717539965247914.jpg","/images/uploaded/summernote/202302/cec7280555ac0732a717539965247914.jpg","JPG 재압축","1","2048x1536","1400x1050","247","178"
"/uploaded/summernote/202302/cee83f0e24c346dced8e31ec1502e075.jpg","/images/uploaded/summernote/202302/cee83f0e24c346dced8e31ec1502e075.jpg","JPG 재압축","1","600x292","600x292","41","43"
"/uploaded/summernote/202302/cefabd224a92a2b37c6defc68a07d3ac.jpg","/images/uploaded/summernote/202302/cefabd224a92a2b37c6defc68a07d3ac.jpg","JPG 재압축","1","960x480","960x480","34","40"
"/uploaded/summernote/202302/cf63ea97b9fbf9f92dd1bf311eb4daf7.jpg","/images/uploaded/summernote/202302/cf63ea97b9fbf9f92dd1bf311eb4daf7.jpg","JPG 재압축","1","2048x1536","1400x1050","302","222"
"/uploaded/summernote/202302/cf7271ccbb4a90fb40fa9c4bee29d5de.jpg","/images/uploaded/summernote/202302/cf7271ccbb4a90fb40fa9c4bee29d5de.jpg","JPG 재압축","1","960x720","960x720","70","93"
"/uploaded/summernote/202302/cf8cc00fac294c6808539316f663f1e8.jpg","/images/uploaded/summernote/202302/cf8cc00fac294c6808539316f663f1e8.jpg","JPG 재압축","1","600x450","600x450","38","40"
"/uploaded/summernote/202302/d08556784daa1992eda60ec64a109d0c.jpg","/images/uploaded/summernote/202302/d08556784daa1992eda60ec64a109d0c.jpg","JPG 재압축","1","960x720","960x720","79","102"
"/uploaded/summernote/202302/d09b2ffef872d78851be15e9eea5dad5.jpg","/images/uploaded/summernote/202302/d09b2ffef872d78851be15e9eea5dad5.jpg","JPG 재압축","1","720x1040","720x1040","78","90"
"/uploaded/summernote/202302/d0bae15f3d5f100efc8092f786277490.jpg","/images/uploaded/summernote/202302/d0bae15f3d5f100efc8092f786277490.jpg","JPG 재압축","1","960x480","960x480","71","88"
"/uploaded/summernote/202302/d0fa31ab742451c0faca750541bbfb34.jpg","/images/uploaded/summernote/202302/d0fa31ab742451c0faca750541bbfb34.jpg","JPG 재압축","1","600x450","600x450","34","35"
"/uploaded/summernote/202302/d12a5d479303088404181ee022bba91a.jpg","/images/uploaded/summernote/202302/d12a5d479303088404181ee022bba91a.jpg","JPG 재압축","1","744x744","744x744","57","70"
"/uploaded/summernote/202302/d134520de2424c01ad454e858fe26814.jpg","/images/uploaded/summernote/202302/d134520de2424c01ad454e858fe26814.jpg","JPG 재압축","1","600x338","600x338","43","45"
"/uploaded/summernote/202302/d13dd30d7c556ce01302aa92a402640f.jpg","/images/uploaded/summernote/202302/d13dd30d7c556ce01302aa92a402640f.jpg","JPG 재압축","1","2048x1536","1400x1050","205","172"
"/uploaded/summernote/202302/d25b4731ccbbd226795667b120bdca8a.jpg","/images/uploaded/summernote/202302/d25b4731ccbbd226795667b120bdca8a.jpg","JPG 재압축","1","1440x1080","1400x1050","168","186"
"/uploaded/summernote/202302/d2bace96c7ef3d43388181c41ec63397.jpg","/images/uploaded/summernote/202302/d2bace96c7ef3d43388181c41ec63397.jpg","JPG 재압축","1","720x540","720x540","73","76"
"/uploaded/summernote/202302/d382dac4b603337d7d89c02fe27589ac.png","/images/uploaded/summernote/202302/d382dac4b603337d7d89c02fe27589ac.jpg","PNG→JPG","1","1280x720","1280x720","666","160"
"/uploaded/summernote/202302/d3841de5532523dbb63bab521e2dab97.jpg","/images/uploaded/summernote/202302/d3841de5532523dbb63bab521e2dab97.jpg","JPG 재압축","1","2016x1134","1400x788","363","173"
"/uploaded/summernote/202302/d3920846e2b92315b73beac973a83a73.png","/images/uploaded/summernote/202302/d3920846e2b92315b73beac973a83a73.jpg","PNG→JPG","1","1280x720","1280x720","539","160"
"/uploaded/summernote/202302/d3a0daa746b3cc2506886136fbe03a92.jpg","/images/uploaded/summernote/202302/d3a0daa746b3cc2506886136fbe03a92.jpg","JPG 재압축","1","1080x648","1080x648","49","59"
"/uploaded/summernote/202302/d3cdb13f01406f130ac9e227311a5c34.jpg","/images/uploaded/summernote/202302/d3cdb13f01406f130ac9e227311a5c34.jpg","JPG 재압축","1","600x450","600x450","45","47"
"/uploaded/summernote/202302/d3ff78fa880230fd1da4ca17e7644370.jpg","/images/uploaded/summernote/202302/d3ff78fa880230fd1da4ca17e7644370.jpg","JPG 재압축","1","600x338","600x338","35","37"
"/uploaded/summernote/202302/d44f5eb850d03f56e9c5cca80f08e5de.jpg","/images/uploaded/summernote/202302/d44f5eb850d03f56e9c5cca80f08e5de.jpg","JPG 재압축","1","540x960","540x960","52","61"
"/uploaded/summernote/202302/d4580485fad1cd9d8357190ea14ec69a.jpg","/images/uploaded/summernote/202302/d4580485fad1cd9d8357190ea14ec69a.jpg","JPG 재압축","1","600x450","600x450","74","79"
"/uploaded/summernote/202302/d534489820452c4fa21df24e4337264c.png","/images/uploaded/summernote/202302/d534489820452c4fa21df24e4337264c.jpg","PNG→JPG","1","1280x720","1280x720","438","144"
"/uploaded/summernote/202302/d5dd12ba99702790f3652cdfd4d1149c.png","/images/uploaded/summernote/202302/d5dd12ba99702790f3652cdfd4d1149c.jpg","PNG→JPG","1","940x627","940x627","1375","109"
"/uploaded/summernote/202302/d5e345e538864c97204f7dd728075ce6.jpg","/images/uploaded/summernote/202302/d5e345e538864c97204f7dd728075ce6.jpg","JPG 재압축","1","591x350","591x350","36","38"
"/uploaded/summernote/202302/d638b14219cad06d62c3b24aefff4def.jpg","/images/uploaded/summernote/202302/d638b14219cad06d62c3b24aefff4def.jpg","JPG 재압축","1","449x600","449x600","29","30"
"/uploaded/summernote/202302/d7466fcc9586e0f44ad58f94c309f568.jpg","/images/uploaded/summernote/202302/d7466fcc9586e0f44ad58f94c309f568.jpg","JPG 재압축","1","528x960","528x960","45","53"
"/uploaded/summernote/202302/d821f35e99c1557d59123071d30b1427.jpg","/images/uploaded/summernote/202302/d821f35e99c1557d59123071d30b1427.jpg","JPG 재압축","1","600x450","600x450","49","51"
"/uploaded/summernote/202302/d84e7292ffec2c64de34d96edd9b03e4.jpg","/images/uploaded/summernote/202302/d84e7292ffec2c64de34d96edd9b03e4.jpg","JPG 재압축","1","2016x1134","1400x788","503","246"
"/uploaded/summernote/202302/d9311300d06c5297265d67567f33dcad.jpg","/images/uploaded/summernote/202302/d9311300d06c5297265d67567f33dcad.jpg","JPG 재압축","1","960x720","960x720","60","76"
"/uploaded/summernote/202302/d968116133404190dcee8591bc1ffab9.jpg","/images/uploaded/summernote/202302/d968116133404190dcee8591bc1ffab9.jpg","JPG 재압축","1","600x450","600x450","46","48"
"/uploaded/summernote/202302/db3f7e74467bc0f680fd425ef8ed1d8e.jpg","/images/uploaded/summernote/202302/db3f7e74467bc0f680fd425ef8ed1d8e.jpg","JPG 재압축","1","592x296","592x296","27","28"
"/uploaded/summernote/202302/dbbfad574a334adfaf2ffa7734f9b00d.jpg","/images/uploaded/summernote/202302/dbbfad574a334adfaf2ffa7734f9b00d.jpg","JPG 재압축","1","960x720","960x720","43","59"
"/uploaded/summernote/202302/dcaa71985a38f2191df6f74779f196aa.jpg","/images/uploaded/summernote/202302/dcaa71985a38f2191df6f74779f196aa.jpg","JPG 재압축","1","592x296","592x296","29","29"
"/uploaded/summernote/202302/dd49e4a22c7e279cb607563a848ab96a.jpg","/images/uploaded/summernote/202302/dd49e4a22c7e279cb607563a848ab96a.jpg","JPG 재압축","1","600x450","600x450","35","36"
"/uploaded/summernote/202302/de008ae2c4b278fcffad75043c8193eb.png","/images/uploaded/summernote/202302/de008ae2c4b278fcffad75043c8193eb.jpg","PNG→JPG","1","1280x720","1280x720","740","162"
"/uploaded/summernote/202302/de0cca20e8058ead753d850e28329e41.jpg","/images/uploaded/summernote/202302/de0cca20e8058ead753d850e28329e41.jpg","JPG 재압축","1","960x960","960x960","114","118"
"/uploaded/summernote/202302/de1cb2db980c063a406eb8cba86d17bb.jpg","/images/uploaded/summernote/202302/de1cb2db980c063a406eb8cba86d17bb.jpg","JPG 재압축","1","600x600","600x600","71","75"
"/uploaded/summernote/202302/de23b6b2c09a578e2b4da5ee6c8b58bc.jpg","/images/uploaded/summernote/202302/de23b6b2c09a578e2b4da5ee6c8b58bc.jpg","JPG 재압축","1","600x600","600x600","49","55"
"/uploaded/summernote/202302/de320754f9afdf64f52653d55eb0f897.jpg","/images/uploaded/summernote/202302/de320754f9afdf64f52653d55eb0f897.jpg","JPG 재압축","1","1260x945","1260x945","82","102"
"/uploaded/summernote/202302/de492a68b62f99ddfc7d2692694792d5.png","/images/uploaded/summernote/202302/de492a68b62f99ddfc7d2692694792d5.jpg","PNG→JPG","1","1189x913","1189x913","994","171"
"/uploaded/summernote/202302/de4b189512a4ad09816863cb4c46b33b.jpg","/images/uploaded/summernote/202302/de4b189512a4ad09816863cb4c46b33b.jpg","JPG 재압축","1","540x960","540x960","68","83"
"/uploaded/summernote/202302/de78dbc098a9ea3bc5ec93203cd1c6da.jpg","/images/uploaded/summernote/202302/de78dbc098a9ea3bc5ec93203cd1c6da.jpg","JPG 재압축","1","960x720","960x720","56","68"
"/uploaded/summernote/202302/dea6c1fa3204a2c5e3b86d4330e8fbe7.jpg","/images/uploaded/summernote/202302/dea6c1fa3204a2c5e3b86d4330e8fbe7.jpg","JPG 재압축","1","1440x1080","1400x1050","326","188"
"/uploaded/summernote/202302/dec83d34ff5bcaaf842b3973208224d9.jpg","/images/uploaded/summernote/202302/dec83d34ff5bcaaf842b3973208224d9.jpg","JPG 재압축","1","1334x1334","1334x1334","164","195"
"/uploaded/summernote/202302/dedad0452c8666404bed5f9da3a95222.png","/images/uploaded/summernote/202302/dedad0452c8666404bed5f9da3a95222.jpg","PNG→JPG","1","1280x720","1280x720","394","167"
"/uploaded/summernote/202302/df4b1828c5e35cf94f6a2a77c8b07f7b.jpg","/images/uploaded/summernote/202302/df4b1828c5e35cf94f6a2a77c8b07f7b.jpg","JPG 재압축","1","600x450","600x450","68","72"
"/uploaded/summernote/202302/dfb1533caa3e6642742e795f460fa415.jpg","/images/uploaded/summernote/202302/dfb1533caa3e6642742e795f460fa415.jpg","JPG 재압축","1","338x600","338x600","32","33"
"/uploaded/summernote/202302/dfbf42c14aaa53387047f8a3ec293daf.jpg","/images/uploaded/summernote/202302/dfbf42c14aaa53387047f8a3ec293daf.jpg","JPG 재압축","1","600x450","600x450","40","42"
"/uploaded/summernote/202302/e01c23691dac888a6a4c3ef72a77ab7c.jpg","/images/uploaded/summernote/202302/e01c23691dac888a6a4c3ef72a77ab7c.jpg","JPG 재압축","1","1032x774","1032x774","69","87"
"/uploaded/summernote/202302/e024abfc7cfa8124744445491c1c6d52.jpg","/images/uploaded/summernote/202302/e024abfc7cfa8124744445491c1c6d52.jpg","JPG 재압축","1","1280x720","1280x720","62","74"
"/uploaded/summernote/202302/e07a021b814c02df7461fe3e1538d6ac.jpg","/images/uploaded/summernote/202302/e07a021b814c02df7461fe3e1538d6ac.jpg","JPG 재압축","1","960x720","960x720","76","93"
"/uploaded/summernote/202302/e0da7ad850badc084050aea26b934860.jpg","/images/uploaded/summernote/202302/e0da7ad850badc084050aea26b934860.jpg","JPG 재압축","1","600x338","600x338","29","30"
"/uploaded/summernote/202302/e0f3b8447125f219f4bf354a9b35bab2.jpg","/images/uploaded/summernote/202302/e0f3b8447125f219f4bf354a9b35bab2.jpg","JPG 재압축","1","960x960","960x960","122","122"
"/uploaded/summernote/202302/e19d2226a38858db23ca6063f9a7b5e7.jpg","/images/uploaded/summernote/202302/e19d2226a38858db23ca6063f9a7b5e7.jpg","JPG 재압축","1","2048x1365","1400x933","365","174"
"/uploaded/summernote/202302/e20cece3d75dc5e155dd86d309639f7b.jpg","/images/uploaded/summernote/202302/e20cece3d75dc5e155dd86d309639f7b.jpg","JPG 재압축","1","600x450","600x450","45","47"
"/uploaded/summernote/202302/e2786e6c22a120f993bc7fef539af9db.jpg","/images/uploaded/summernote/202302/e2786e6c22a120f993bc7fef539af9db.jpg","JPG 재압축","1","720x540","720x540","82","86"
"/uploaded/summernote/202302/e2b25c2b54b5a9229b3424befbced305.png","/images/uploaded/summernote/202302/e2b25c2b54b5a9229b3424befbced305.jpg","PNG→JPG","1","1080x1080","1080x1080","596","131"
"/uploaded/summernote/202302/e302482763a33f102c19133eb9580fb1.jpg","/images/uploaded/summernote/202302/e302482763a33f102c19133eb9580fb1.jpg","JPG 재압축","1","2048x1536","1400x1050","524","351"
"/uploaded/summernote/202302/e3a73313575b96d7dc83a54a357262ef.jpg","/images/uploaded/summernote/202302/e3a73313575b96d7dc83a54a357262ef.jpg","JPG 재압축","1","449x600","449x600","38","39"
"/uploaded/summernote/202302/e3c17a405052459c3dd70b1f91abb97c.jpg","/images/uploaded/summernote/202302/e3c17a405052459c3dd70b1f91abb97c.jpg","JPG 재압축","1","960x467","960x467","46","62"
"/uploaded/summernote/202302/e3c99f91498187c313f7bb89675b5d98.jpg","/images/uploaded/summernote/202302/e3c99f91498187c313f7bb89675b5d98.jpg","JPG 재압축","1","869x617","869x617","144","137"
"/uploaded/summernote/202302/e3f02e5c70dbbd7e0eb842625564662e.jpg","/images/uploaded/summernote/202302/e3f02e5c70dbbd7e0eb842625564662e.jpg","JPG 재압축","1","960x720","960x720","102","127"
"/uploaded/summernote/202302/e41960fbd6e3f040c2771cf637ee5abe.jpg","/images/uploaded/summernote/202302/e41960fbd6e3f040c2771cf637ee5abe.jpg","JPG 재압축","1","960x720","960x720","66","86"
"/uploaded/summernote/202302/e436ed26d5843abf8c344bc1350d0cf4.jpg","/images/uploaded/summernote/202302/e436ed26d5843abf8c344bc1350d0cf4.jpg","JPG 재압축","1","600x450","600x450","58","60"
"/uploaded/summernote/202302/e447c4db649fd3a2e66425edb2f510c2.jpg","/images/uploaded/summernote/202302/e447c4db649fd3a2e66425edb2f510c2.jpg","JPG 재압축","1","2048x1536","1400x1050","252","186"
"/uploaded/summernote/202302/e4ccf60800a0288469392c29ffcfc764.jpg","/images/uploaded/summernote/202302/e4ccf60800a0288469392c29ffcfc764.jpg","JPG 재압축","1","600x600","600x600","71","75"
"/uploaded/summernote/202302/e549a4598c0d1da7fc0dddb19485520f.jpg","/images/uploaded/summernote/202302/e549a4598c0d1da7fc0dddb19485520f.jpg","JPG 재압축","1","960x960","960x960","75","89"
"/uploaded/summernote/202302/e5947670c54d3afba12d307fe70109ac.jpg","/images/uploaded/summernote/202302/e5947670c54d3afba12d307fe70109ac.jpg","JPG 재압축","1","2016x1134","1400x788","346","163"
"/uploaded/summernote/202302/e5b94d06d7282d3f2a599187dfe91d9a.png","/images/uploaded/summernote/202302/e5b94d06d7282d3f2a599187dfe91d9a.jpg","PNG→JPG","1","1189x913","1189x913","860","171"
"/uploaded/summernote/202302/e5d443cb5729d0b8d4cfac89d2ece830.jpg","/images/uploaded/summernote/202302/e5d443cb5729d0b8d4cfac89d2ece830.jpg","JPG 재압축","1","600x450","600x450","48","50"
"/uploaded/summernote/202302/e5fc8dea7fd3ff3dbf0876f6fe99a879.jpg","/images/uploaded/summernote/202302/e5fc8dea7fd3ff3dbf0876f6fe99a879.jpg","JPG 재압축","1","1536x2048","1050x1400","204","157"
"/uploaded/summernote/202302/e656d138c6882822de9a3ef70c16a78f.jpg","/images/uploaded/summernote/202302/e656d138c6882822de9a3ef70c16a78f.jpg","JPG 재압축","1","960x467","960x467","131","111"
"/uploaded/summernote/202302/e7bed1d9fa04bc59a4d43c54aaddbea3.jpg","/images/uploaded/summernote/202302/e7bed1d9fa04bc59a4d43c54aaddbea3.jpg","JPG 재압축","1","720x539","720x539","46","48"
"/uploaded/summernote/202302/e8281124cb239fd269ca388f6d703a59.jpg","/images/uploaded/summernote/202302/e8281124cb239fd269ca388f6d703a59.jpg","JPG 재압축","1","960x720","960x720","80","96"
"/uploaded/summernote/202302/e83288205f8cbc27b95d7ec6a6a09ec4.jpg","/images/uploaded/summernote/202302/e83288205f8cbc27b95d7ec6a6a09ec4.jpg","JPG 재압축","1","960x480","960x480","52","64"
"/uploaded/summernote/202302/e85446af9f2b5c92905038a1f0d08849.jpg","/images/uploaded/summernote/202302/e85446af9f2b5c92905038a1f0d08849.jpg","JPG 재압축","1","2016x1134","1400x788","481","237"
"/uploaded/summernote/202302/e864dc40a6f4003ab072ca1fe910f05b.jpg","/images/uploaded/summernote/202302/e864dc40a6f4003ab072ca1fe910f05b.jpg","JPG 재압축","1","1334x1334","1334x1334","197","242"
"/uploaded/summernote/202302/e87173b3c871057522f8daa460afcd6a.jpg","/images/uploaded/summernote/202302/e87173b3c871057522f8daa460afcd6a.jpg","JPG 재압축","1","2040x1530","1400x1050","382","187"
"/uploaded/summernote/202302/e8a671e87f4843c0e1d069d1aafe7c5f.jpg","/images/uploaded/summernote/202302/e8a671e87f4843c0e1d069d1aafe7c5f.jpg","JPG 재압축","1","2048x1536","1400x1050","190","140"
"/uploaded/summernote/202302/e8e0594b579166cb7c25cab7815192fa.jpg","/images/uploaded/summernote/202302/e8e0594b579166cb7c25cab7815192fa.jpg","JPG 재압축","1","780x1040","780x1040","58","61"
"/uploaded/summernote/202302/e9141668e60cc888e9b6351188f864cb.jpg","/images/uploaded/summernote/202302/e9141668e60cc888e9b6351188f864cb.jpg","JPG 재압축","1","960x720","960x720","138","178"
"/uploaded/summernote/202302/e94f02c9bc78b9cc7f3f646f71c7f881.jpg","/images/uploaded/summernote/202302/e94f02c9bc78b9cc7f3f646f71c7f881.jpg","JPG 재압축","1","600x450","600x450","52","54"
"/uploaded/summernote/202302/e954bfea22c8ba26e8d4abf574083295.jpg","/images/uploaded/summernote/202302/e954bfea22c8ba26e8d4abf574083295.jpg","JPG 재압축","1","296x592","296x592","25","25"
"/uploaded/summernote/202302/e9a1f0abba57596220905a89ea6e4977.jpg","/images/uploaded/summernote/202302/e9a1f0abba57596220905a89ea6e4977.jpg","JPG 재압축","1","2048x1536","1400x1050","282","207"
"/uploaded/summernote/202302/e9e6956d37f4eac0d27b12d3d9a138b0.jpg","/images/uploaded/summernote/202302/e9e6956d37f4eac0d27b12d3d9a138b0.jpg","JPG 재압축","1","810x540","810x540","74","77"
"/uploaded/summernote/202302/ea6d00cf3a57392a784b70d99bfbbb1f.jpg","/images/uploaded/summernote/202302/ea6d00cf3a57392a784b70d99bfbbb1f.jpg","JPG 재압축","1","2048x1365","1400x933","265","163"
"/uploaded/summernote/202302/ea8977da52708dc845217fad0bd85b42.jpg","/images/uploaded/summernote/202302/ea8977da52708dc845217fad0bd85b42.jpg","JPG 재압축","1","960x720","960x720","62","79"
"/uploaded/summernote/202302/ea9105adf3d57e3cf2a721b1bf6e24f4.jpg","/images/uploaded/summernote/202302/ea9105adf3d57e3cf2a721b1bf6e24f4.jpg","JPG 재압축","1","960x871","960x871","45","60"
"/uploaded/summernote/202302/eb780881eba60555bc3a48b895c78302.jpg","/images/uploaded/summernote/202302/eb780881eba60555bc3a48b895c78302.jpg","JPG 재압축","1","600x450","600x450","48","50"
"/uploaded/summernote/202302/eb88d7abc29f010194e0f22026e40759.jpg","/images/uploaded/summernote/202302/eb88d7abc29f010194e0f22026e40759.jpg","JPG 재압축","1","720x540","720x540","65","67"
"/uploaded/summernote/202302/ebb14b0c1b09cabb4555d3dd1a59fc40.png","/images/uploaded/summernote/202302/ebb14b0c1b09cabb4555d3dd1a59fc40.jpg","PNG→JPG","1","1280x720","1280x720","642","132"
"/uploaded/summernote/202302/ebf4887c972917e9282ca79479985419.jpg","/images/uploaded/summernote/202302/ebf4887c972917e9282ca79479985419.jpg","JPG 재압축","1","960x720","960x720","41","53"
"/uploaded/summernote/202302/ec6997f054d9291eae0966876b4c6ead.jpg","/images/uploaded/summernote/202302/ec6997f054d9291eae0966876b4c6ead.jpg","JPG 재압축","1","600x600","600x600","51","57"
"/uploaded/summernote/202302/eca8ab4ce8ff87b45fbfc5d631c76df0.jpg","/images/uploaded/summernote/202302/eca8ab4ce8ff87b45fbfc5d631c76df0.jpg","JPG 재압축","1","960x720","960x720","70","88"
"/uploaded/summernote/202302/ecc9b44a318b8058255cdc03a24ba239.jpg","/images/uploaded/summernote/202302/ecc9b44a318b8058255cdc03a24ba239.jpg","JPG 재압축","1","593x395","593x395","42","44"
"/uploaded/summernote/202302/eccfab15b7679367e230905e5fbcba2f.jpg","/images/uploaded/summernote/202302/eccfab15b7679367e230905e5fbcba2f.jpg","JPG 재압축","1","960x960","960x960","98","121"
"/uploaded/summernote/202302/eceeb37ab61a1bb4bd1663fd6f94b107.jpg","/images/uploaded/summernote/202302/eceeb37ab61a1bb4bd1663fd6f94b107.jpg","JPG 재압축","1","2048x1536","1400x1050","341","253"
"/uploaded/summernote/202302/edbdc1bbd54357cea1eacd7573b5facb.jpg","/images/uploaded/summernote/202302/edbdc1bbd54357cea1eacd7573b5facb.jpg","JPG 재압축","1","720x540","720x540","56","58"
"/uploaded/summernote/202302/ee8899d52814aae7aef15059356dc639.jpg","/images/uploaded/summernote/202302/ee8899d52814aae7aef15059356dc639.jpg","JPG 재압축","1","2048x1536","1400x1050","267","194"
"/uploaded/summernote/202302/eef7a576e7a21a2ef4aa40c4ea466e39.jpg","/images/uploaded/summernote/202302/eef7a576e7a21a2ef4aa40c4ea466e39.jpg","JPG 재압축","1","600x347","600x347","34","35"
"/uploaded/summernote/202302/ef45a5dd49556f5d4fb3e3c67cd638da.jpg","/images/uploaded/summernote/202302/ef45a5dd49556f5d4fb3e3c67cd638da.jpg","JPG 재압축","1","744x744","744x744","71","85"
"/uploaded/summernote/202302/ef7d4bf2a8fd1451bb59388046db116b.jpg","/images/uploaded/summernote/202302/ef7d4bf2a8fd1451bb59388046db116b.jpg","JPG 재압축","1","2048x1536","1400x1050","272","199"
"/uploaded/summernote/202302/efef47de5784ee5fe8940788e9348080.jpg","/images/uploaded/summernote/202302/efef47de5784ee5fe8940788e9348080.jpg","JPG 재압축","1","944x944","944x944","136","108"
"/uploaded/summernote/202302/eff7e3b188d82dcb0379d085437d662a.jpg","/images/uploaded/summernote/202302/eff7e3b188d82dcb0379d085437d662a.jpg","JPG 재압축","1","592x296","592x296","41","43"
"/uploaded/summernote/202302/f0940537cde7026a79fbf43d5f87146e.jpg","/images/uploaded/summernote/202302/f0940537cde7026a79fbf43d5f87146e.jpg","JPG 재압축","1","720x960","720x960","36","47"
"/uploaded/summernote/202302/f10ae029107f613d205ca0600126d3f9.jpg","/images/uploaded/summernote/202302/f10ae029107f613d205ca0600126d3f9.jpg","JPG 재압축","1","2048x2048","1400x1400","366","230"
"/uploaded/summernote/202302/f13b2ab18bc086b2e765b4dfbe33b98e.jpg","/images/uploaded/summernote/202302/f13b2ab18bc086b2e765b4dfbe33b98e.jpg","JPG 재압축","1","960x960","960x960","64","76"
"/uploaded/summernote/202302/f1c00de6315b64d4b6d1e9070132a919.jpg","/images/uploaded/summernote/202302/f1c00de6315b64d4b6d1e9070132a919.jpg","JPG 재압축","1","960x720","960x720","73","96"
"/uploaded/summernote/202302/f1f81aa56a3f65429be655d229f5a6d3.jpg","/images/uploaded/summernote/202302/f1f81aa56a3f65429be655d229f5a6d3.jpg","JPG 재압축","1","600x450","600x450","58","60"
"/uploaded/summernote/202302/f1fbc58cff3c9270fe0f5d976c185713.jpg","/images/uploaded/summernote/202302/f1fbc58cff3c9270fe0f5d976c185713.jpg","JPG 재압축","1","1536x2048","1050x1400","338","178"
"/uploaded/summernote/202302/f207799d7aa3778679455ea8de8877f1.jpg","/images/uploaded/summernote/202302/f207799d7aa3778679455ea8de8877f1.jpg","JPG 재압축","1","720x960","720x960","86","110"
"/uploaded/summernote/202302/f26e8b41ccd76e113a23d79e643c63df.jpg","/images/uploaded/summernote/202302/f26e8b41ccd76e113a23d79e643c63df.jpg","JPG 재압축","1","2016x1134","1400x788","510","243"
"/uploaded/summernote/202302/f2c8e52da4aed68fc7ff5e80eb629c51.png","/images/uploaded/summernote/202302/f2c8e52da4aed68fc7ff5e80eb629c51.jpg","PNG→JPG","1","1080x1080","1080x1080","558","195"
"/uploaded/summernote/202302/f2cae248be23814d2a5b572e96d3386a.jpg","/images/uploaded/summernote/202302/f2cae248be23814d2a5b572e96d3386a.jpg","JPG 재압축","1","960x540","960x540","40","49"
"/uploaded/summernote/202302/f336c1ff5f6e213e157d5c3e6ce33a9c.jpg","/images/uploaded/summernote/202302/f336c1ff5f6e213e157d5c3e6ce33a9c.jpg","JPG 재압축","1","960x720","960x720","69","90"
"/uploaded/summernote/202302/f37195cf09f01f2fde700092c95d216c.jpg","/images/uploaded/summernote/202302/f37195cf09f01f2fde700092c95d216c.jpg","JPG 재압축","1","1377x791","1377x791","150","147"
"/uploaded/summernote/202302/f379b95f7f19f8bc0f8d513f0e761c3b.png","/images/uploaded/summernote/202302/f379b95f7f19f8bc0f8d513f0e761c3b.jpg","PNG→JPG","1","1280x720","1280x720","492","138"
"/uploaded/summernote/202302/f3fd26bfd208c1b1280c599d3670154a.jpg","/images/uploaded/summernote/202302/f3fd26bfd208c1b1280c599d3670154a.jpg","JPG 재압축","1","1260x945","1260x945","105","130"
"/uploaded/summernote/202302/f440f7a3d2b3a20cffc0cbe3477e386c.jpg","/images/uploaded/summernote/202302/f440f7a3d2b3a20cffc0cbe3477e386c.jpg","JPG 재압축","1","2048x1365","1400x933","264","188"
"/uploaded/summernote/202302/f4df88f8bafac60b62ed65a54c7cbb6c.jpg","/images/uploaded/summernote/202302/f4df88f8bafac60b62ed65a54c7cbb6c.jpg","JPG 재압축","1","2048x1365","1400x933","175","132"
"/uploaded/summernote/202302/f4e26d2c8ffdabf497c6e643cc8058d6.jpg","/images/uploaded/summernote/202302/f4e26d2c8ffdabf497c6e643cc8058d6.jpg","JPG 재압축","1","960x720","960x720","65","83"
"/uploaded/summernote/202302/f5c92a34320a8327b52548857b5b9c77.png","/images/uploaded/summernote/202302/f5c92a34320a8327b52548857b5b9c77.jpg","PNG→JPG","1","940x627","940x627","1219","87"
"/uploaded/summernote/202302/f5d8c85b5f51199911a1b3148c8ce397.jpg","/images/uploaded/summernote/202302/f5d8c85b5f51199911a1b3148c8ce397.jpg","JPG 재압축","1","526x526","526x526","49","51"
"/uploaded/summernote/202302/f5e05b99d1eb834416dedce41cf480ad.jpg","/images/uploaded/summernote/202302/f5e05b99d1eb834416dedce41cf480ad.jpg","JPG 재압축","1","600x450","600x450","37","39"
"/uploaded/summernote/202302/f663cfc7f431150da1bdf58a078e0a56.jpg","/images/uploaded/summernote/202302/f663cfc7f431150da1bdf58a078e0a56.jpg","JPG 재압축","1","1032x774","1032x774","63","77"
"/uploaded/summernote/202302/f70246f6515da7e118848aac5145b0a3.jpg","/images/uploaded/summernote/202302/f70246f6515da7e118848aac5145b0a3.jpg","JPG 재압축","1","960x960","960x960","87","109"
"/uploaded/summernote/202302/f77c7afa3a3c9d2ae1f55d60affc56d7.jpg","/images/uploaded/summernote/202302/f77c7afa3a3c9d2ae1f55d60affc56d7.jpg","JPG 재압축","1","720x960","720x960","56","72"
"/uploaded/summernote/202302/f79ef4d7127a2d3bdcdcae0f48f3acbe.jpg","/images/uploaded/summernote/202302/f79ef4d7127a2d3bdcdcae0f48f3acbe.jpg","JPG 재압축","1","600x600","600x600","49","55"
"/uploaded/summernote/202302/f8018263c1808715d9c33377acd86027.jpg","/images/uploaded/summernote/202302/f8018263c1808715d9c33377acd86027.jpg","JPG 재압축","1","592x296","592x296","48","51"
"/uploaded/summernote/202302/f91854976849a7868cb32fa71a2d24c7.jpg","/images/uploaded/summernote/202302/f91854976849a7868cb32fa71a2d24c7.jpg","JPG 재압축","1","960x540","960x540","63","80"
"/uploaded/summernote/202302/fa279462e28eacda5b97839594cd9e48.jpg","/images/uploaded/summernote/202302/fa279462e28eacda5b97839594cd9e48.jpg","JPG 재압축","1","1344x1008","1344x1008","119","132"
"/uploaded/summernote/202302/fa2ccc319c994e2f24a9c5d2326ce67b.jpg","/images/uploaded/summernote/202302/fa2ccc319c994e2f24a9c5d2326ce67b.jpg","JPG 재압축","1","600x450","600x450","71","75"
"/uploaded/summernote/202302/fa42f2914c355365f757274773a42324.jpg","/images/uploaded/summernote/202302/fa42f2914c355365f757274773a42324.jpg","JPG 재압축","1","540x960","540x960","56","66"
"/uploaded/summernote/202302/fa6c5921ce8d3d0e8cf5f8633738a1fa.jpg","/images/uploaded/summernote/202302/fa6c5921ce8d3d0e8cf5f8633738a1fa.jpg","JPG 재압축","1","960x720","960x720","60","77"
"/uploaded/summernote/202302/faf756c6223c1b69968f45da36753811.jpg","/images/uploaded/summernote/202302/faf756c6223c1b69968f45da36753811.jpg","JPG 재압축","1","450x600","450x600","32","33"
"/uploaded/summernote/202302/fb306dd069a90056952542476d92a41a.jpg","/images/uploaded/summernote/202302/fb306dd069a90056952542476d92a41a.jpg","JPG 재압축","1","2048x1536","1400x1050","279","204"
"/uploaded/summernote/202302/fb3ae167451d366693db9b3d21b08053.jpg","/images/uploaded/summernote/202302/fb3ae167451d366693db9b3d21b08053.jpg","JPG 재압축","1","960x665","960x665","57","79"
"/uploaded/summernote/202302/fb52debb81b48893a05e3bb3ed869f00.jpg","/images/uploaded/summernote/202302/fb52debb81b48893a05e3bb3ed869f00.jpg","JPG 재압축","1","600x450","600x450","48","50"
"/uploaded/summernote/202302/fb7b7a6e294e2c9962e7aaf91ea04beb.jpg","/images/uploaded/summernote/202302/fb7b7a6e294e2c9962e7aaf91ea04beb.jpg","JPG 재압축","1","960x540","960x540","46","58"
"/uploaded/summernote/202302/fb7f0f2d3b071fb7302ece65e92b635c.jpg","/images/uploaded/summernote/202302/fb7f0f2d3b071fb7302ece65e92b635c.jpg","JPG 재압축","1","960x720","960x720","55","67"
"/uploaded/summernote/202302/fc5f2070c40c21228ff9e77330253c58.jpg","/images/uploaded/summernote/202302/fc5f2070c40c21228ff9e77330253c58.jpg","JPG 재압축","1","960x576","960x576","54","67"
"/uploaded/summernote/202302/fc8efa156219bd91f6e6ecaeac2ee6cf.jpg","/images/uploaded/summernote/202302/fc8efa156219bd91f6e6ecaeac2ee6cf.jpg","JPG 재압축","1","600x450","600x450","44","46"
"/uploaded/summernote/202302/fca9aee5df01890b6d7742c75fb8fa3d.jpg","/images/uploaded/summernote/202302/fca9aee5df01890b6d7742c75fb8fa3d.jpg","JPG 재압축","1","600x450","600x450","70","75"
"/uploaded/summernote/202302/fd66726c42f5eeb3c67ff19f8b6fc04a.jpg","/images/uploaded/summernote/202302/fd66726c42f5eeb3c67ff19f8b6fc04a.jpg","JPG 재압축","1","526x764","526x764","47","52"
"/uploaded/summernote/202302/fe99c2f4ab33c84f88b54b093f0f716d.jpg","/images/uploaded/summernote/202302/fe99c2f4ab33c84f88b54b093f0f716d.jpg","JPG 재압축","1","744x744","744x744","57","69"
"/uploaded/summernote/202302/fede37afa0ed8f2386b9d3e95f883148.jpg","/images/uploaded/summernote/202302/fede37afa0ed8f2386b9d3e95f883148.jpg","JPG 재압축","1","1334x1334","1334x1334","143","193"
"/uploaded/summernote/202302/ff123c9b2f77a65851165bf9513b63c0.jpg","/images/uploaded/summernote/202302/ff123c9b2f77a65851165bf9513b63c0.jpg","JPG 재압축","1","2016x1134","1400x788","285","137"
"/uploaded/summernote/202302/ff6b0423a0b98a21d06436808ca33435.jpg","/images/uploaded/summernote/202302/ff6b0423a0b98a21d06436808ca33435.jpg","JPG 재압축","1","960x960","960x960","71","84"
"/uploaded/summernote/202302/ff9731ca453edd9e32d85472f9214f4e.jpg","/images/uploaded/summernote/202302/ff9731ca453edd9e32d85472f9214f4e.jpg","JPG 재압축","1","960x717","960x717","48","60"
"/uploaded/summernote/202302/ffdc3ccbfd8609f975a35d756401f83c.jpg","/images/uploaded/summernote/202302/ffdc3ccbfd8609f975a35d756401f83c.jpg","JPG 재압축","1","960x480","960x480","52","64"
"/uploaded/summernote/202303/0ca970b1c72f53996e844644f5832bdd.png","/images/uploaded/summernote/202303/0ca970b1c72f53996e844644f5832bdd.jpg","PNG→JPG","1","940x627","940x627","1137","95"
"/uploaded/summernote/202303/33732df98c9077c66fbca71601c9a084.png","/images/uploaded/summernote/202303/33732df98c9077c66fbca71601c9a084.jpg","PNG→JPG","1","940x589","940x589","1156","95"
"/uploaded/summernote/202303/59d1a4854608d7bf78541e3f03bef64e.png","/images/uploaded/summernote/202303/59d1a4854608d7bf78541e3f03bef64e.jpg","PNG→JPG","1","940x627","940x627","1137","95"
"/uploaded/summernote/202303/5f0d29bdf31be86661581c7df40ae614.png","/images/uploaded/summernote/202303/5f0d29bdf31be86661581c7df40ae614.jpg","PNG→JPG","1","940x589","940x589","1156","95"
"/uploaded/summernote/202303/8a4173f4c741f7c5d695b3bd525373fd.png","/images/uploaded/summernote/202303/8a4173f4c741f7c5d695b3bd525373fd.jpg","PNG→JPG","1","940x589","940x589","1156","95"
"/uploaded/summernote/202303/9efcaf8dcd988312e246c93c9cd10f5c.png","/images/uploaded/summernote/202303/9efcaf8dcd988312e246c93c9cd10f5c.jpg","PNG→JPG","1","940x627","940x627","1137","95"
"/uploaded/summernote/202303/c75846c7aa2aaebc638f98765954919b.png","/images/uploaded/summernote/202303/c75846c7aa2aaebc638f98765954919b.jpg","PNG→JPG","1","940x627","940x627","1137","95"
"/uploaded/summernote/202303/df7ebd10aed5518481d4f0067db0afa5.png","/images/uploaded/summernote/202303/df7ebd10aed5518481d4f0067db0afa5.jpg","PNG→JPG","1","940x589","940x589","1156","95"
"/uploaded/summernote/202304/03963b5d45b229ed5a79b31439793b21.jpg","/images/uploaded/summernote/202304/03963b5d45b229ed5a79b31439793b21.jpg","JPG 재압축","1","1280x828","1280x828","173","148"
"/uploaded/summernote/202304/21fc7fb89d84bad72c24014dcb0b18d0.jpg","/images/uploaded/summernote/202304/21fc7fb89d84bad72c24014dcb0b18d0.jpg","JPG 재압축","1","1280x828","1280x828","173","148"
"/uploaded/summernote/202304/41f5e7440f667970a4a9661b837096a6.jpg","/images/uploaded/summernote/202304/41f5e7440f667970a4a9661b837096a6.jpg","JPG 재압축","1","1280x827","1280x827","179","150"
"/uploaded/summernote/202304/afe55d1c6e479ddfaaf44e2414fae1dd.jpg","/images/uploaded/summernote/202304/afe55d1c6e479ddfaaf44e2414fae1dd.jpg","JPG 재압축","1","1280x827","1280x827","179","150"
"/uploaded/summernote/202304/c9835b251004c6512ca0ab4a42a2d839.jpg","/images/uploaded/summernote/202304/c9835b251004c6512ca0ab4a42a2d839.jpg","JPG 재압축","1","1280x828","1280x828","173","148"
"/uploaded/summernote/202304/cc185b30b179b33ba9e755cc4bcf999a.jpg","/images/uploaded/summernote/202304/cc185b30b179b33ba9e755cc4bcf999a.jpg","JPG 재압축","1","1280x827","1280x827","179","150"
"/uploaded/summernote/202305/0e995d82ade9f4d8d29c02603a230f3e.png","/images/uploaded/summernote/202305/0e995d82ade9f4d8d29c02603a230f3e.jpg","PNG→JPG","1","1134x1210","1134x1210","389","173"
"/uploaded/summernote/202305/11b5550af988b71b62248efee1be9faf.jpg","/images/uploaded/summernote/202305/11b5550af988b71b62248efee1be9faf.jpg","JPG 재압축","1","922x1382","922x1382","341","209"
"/uploaded/summernote/202305/220e98eb526a1334f5f69d3e3dc5464d.png","/images/uploaded/summernote/202305/220e98eb526a1334f5f69d3e3dc5464d.jpg","PNG→JPG","1","1134x1210","1134x1210","298","134"
"/uploaded/summernote/202305/28eab574ccd73f6b63d1fc73c5a12ed7.png","/images/uploaded/summernote/202305/28eab574ccd73f6b63d1fc73c5a12ed7.jpg","PNG→JPG","1","902x736","902x736","164","140"
"/uploaded/summernote/202305/2bc327465ad3c82887adea790077260a.png","/images/uploaded/summernote/202305/2bc327465ad3c82887adea790077260a.jpg","PNG→JPG","1","1134x1210","1134x1210","230","103"
"/uploaded/summernote/202305/30195535fde44e2ef52e775491a3a4ed.png","/images/uploaded/summernote/202305/30195535fde44e2ef52e775491a3a4ed.jpg","PNG→JPG","1","1134x1210","1134x1210","239","115"
"/uploaded/summernote/202305/30bb49818401189fad1866bb5e07096d.png","/images/uploaded/summernote/202305/30bb49818401189fad1866bb5e07096d.jpg","PNG→JPG","1","1134x1210","1134x1210","239","134"
"/uploaded/summernote/202305/34a216e1addfa1c44071884e6d779da5.png","/images/uploaded/summernote/202305/34a216e1addfa1c44071884e6d779da5.jpg","PNG→JPG","1","1080x1080","1080x1080","605","114"
"/uploaded/summernote/202305/364c2806dadae3505bcb070fa156644d.png","/images/uploaded/summernote/202305/364c2806dadae3505bcb070fa156644d.jpg","PNG→JPG","1","1134x1210","1134x1210","381","179"
"/uploaded/summernote/202305/3a0e96e9a8470e675edb7f9b767f0927.png","/images/uploaded/summernote/202305/3a0e96e9a8470e675edb7f9b767f0927.jpg","PNG→JPG","1","1080x1080","1080x1080","606","118"
"/uploaded/summernote/202305/3bf8661d01e5d1ac9ffbd76eff863d8f.png","/images/uploaded/summernote/202305/3bf8661d01e5d1ac9ffbd76eff863d8f.jpg","PNG→JPG","1","1134x1210","1134x1210","223","145"
"/uploaded/summernote/202305/40000369a7cfe340f099786460428f67.png","/images/uploaded/summernote/202305/40000369a7cfe340f099786460428f67.jpg","PNG→JPG","1","1080x1080","1080x1080","605","114"
"/uploaded/summernote/202305/4d08da77b1744d4691d8dc66ea2d1372.png","/images/uploaded/summernote/202305/4d08da77b1744d4691d8dc66ea2d1372.jpg","PNG→JPG","1","1080x1080","1080x1080","702","111"
"/uploaded/summernote/202305/544008e6bfaf33a78fbc1d965a345172.jpg","/images/uploaded/summernote/202305/544008e6bfaf33a78fbc1d965a345172.jpg","JPG 재압축","1","922x1382","922x1382","343","210"
"/uploaded/summernote/202305/640e5577dcc1e92eb36450b842957d04.jpg","/images/uploaded/summernote/202305/640e5577dcc1e92eb36450b842957d04.jpg","JPG 재압축","1","922x1382","922x1382","341","209"
"/uploaded/summernote/202305/67c741084082650e7c06f267a5c05326.png","/images/uploaded/summernote/202305/67c741084082650e7c06f267a5c05326.jpg","PNG→JPG","1","1134x1210","1134x1210","156","125"
"/uploaded/summernote/202305/69c3838fd6719e92697352ade597fe7a.png","/images/uploaded/summernote/202305/69c3838fd6719e92697352ade597fe7a.jpg","PNG→JPG","1","1134x1210","1134x1210","204","103"
"/uploaded/summernote/202305/6c0c89b56d2e701b0dc686416146c42e.png","/images/uploaded/summernote/202305/6c0c89b56d2e701b0dc686416146c42e.jpg","PNG→JPG","1","1134x1210","1134x1210","254","130"
"/uploaded/summernote/202305/714e162de64c0d6a3132985112b3e22d.png","/images/uploaded/summernote/202305/714e162de64c0d6a3132985112b3e22d.jpg","PNG→JPG","1","1080x1080","1080x1080","602","109"
"/uploaded/summernote/202305/738af118f27ef686bf62479313412341.jpg","/images/uploaded/summernote/202305/738af118f27ef686bf62479313412341.jpg","JPG 재압축","1","922x1382","922x1382","343","210"
"/uploaded/summernote/202305/787f275c3aadb154a3375364994c007c.png","/images/uploaded/summernote/202305/787f275c3aadb154a3375364994c007c.jpg","PNG→JPG","1","1080x1080","1080x1080","692","110"
"/uploaded/summernote/202305/7db7489bd12a953155cf7443cd28cf69.png","/images/uploaded/summernote/202305/7db7489bd12a953155cf7443cd28cf69.jpg","PNG→JPG","1","1134x1210","1134x1210","303","164"
"/uploaded/summernote/202305/83b92f26cb9b871a0c80f25f3123490a.png","/images/uploaded/summernote/202305/83b92f26cb9b871a0c80f25f3123490a.jpg","PNG→JPG","1","1080x1080","1080x1080","706","115"
"/uploaded/summernote/202305/83ba1fb94d68d2c1e18249c958b01601.png","/images/uploaded/summernote/202305/83ba1fb94d68d2c1e18249c958b01601.jpg","PNG→JPG","1","1080x1080","1080x1080","706","115"
"/uploaded/summernote/202305/8f9726867cced768477dde41135df7c7.png","/images/uploaded/summernote/202305/8f9726867cced768477dde41135df7c7.jpg","PNG→JPG","1","1134x1210","1134x1210","253","139"
"/uploaded/summernote/202305/97486936da13fc04b3c5fd45df97602f.png","/images/uploaded/summernote/202305/97486936da13fc04b3c5fd45df97602f.jpg","PNG→JPG","1","1134x1210","1134x1210","181","93"
"/uploaded/summernote/202305/9a52e95c402c25784e03445c965466b3.png","/images/uploaded/summernote/202305/9a52e95c402c25784e03445c965466b3.jpg","PNG→JPG","1","1134x1210","1134x1210","360","196"
"/uploaded/summernote/202305/a7f6363dd79d87206f93de49cbc76891.png","/images/uploaded/summernote/202305/a7f6363dd79d87206f93de49cbc76891.jpg","PNG→JPG","1","1134x1210","1134x1210","327","177"
"/uploaded/summernote/202305/c06dfde34decb6d8be1b636ab48b1183.png","/images/uploaded/summernote/202305/c06dfde34decb6d8be1b636ab48b1183.jpg","PNG→JPG","1","1134x1210","1134x1210","387","125"
"/uploaded/summernote/202305/dbd1ed8501d353d6b80e20a3f3de4fab.png","/images/uploaded/summernote/202305/dbd1ed8501d353d6b80e20a3f3de4fab.jpg","PNG→JPG","1","1134x1210","1134x1210","207","103"
"/uploaded/summernote/202305/e262be2c3ba2ebc756b697258c6b4845.png","/images/uploaded/summernote/202305/e262be2c3ba2ebc756b697258c6b4845.jpg","PNG→JPG","1","1134x1210","1134x1210","268","144"
"/uploaded/summernote/202305/e3fcbb5d06ac272916017b568c832657.png","/images/uploaded/summernote/202305/e3fcbb5d06ac272916017b568c832657.jpg","PNG→JPG","1","1134x1210","1134x1210","201","130"
"/uploaded/summernote/202305/eed70c0b9b087488ae6c3f2ebac06c1e.png","/images/uploaded/summernote/202305/eed70c0b9b087488ae6c3f2ebac06c1e.jpg","PNG→JPG","1","1134x1210","1134x1210","243","123"
"/uploaded/summernote/202305/ffdaf2851ac0f7088f18b4448d4f5f16.png","/images/uploaded/summernote/202305/ffdaf2851ac0f7088f18b4448d4f5f16.jpg","PNG→JPG","1","1134x1210","1134x1210","172","130"
"/uploaded/summernote/202306/06316589fb665e39d42bca41de2c0993.png","/images/uploaded/summernote/202306/06316589fb665e39d42bca41de2c0993.jpg","PNG→JPG","1","600x400","600x400","444","35"
"/uploaded/summernote/202306/0649300593c1f3dffeb279315342ef85.png","/images/uploaded/summernote/202306/0649300593c1f3dffeb279315342ef85.jpg","PNG→JPG","1","600x400","600x400","444","35"
"/uploaded/summernote/202306/087811754e42ff44360e052bf3ec60c0.jpg","/images/uploaded/summernote/202306/087811754e42ff44360e052bf3ec60c0.jpg","JPG 재압축","1","793x1121","793x1121","266","209"
"/uploaded/summernote/202306/08e38e6242c03819d19a762df8910f34.jpg","/images/uploaded/summernote/202306/08e38e6242c03819d19a762df8910f34.jpg","JPG 재압축","1","1200x900","1200x900","268","219"
"/uploaded/summernote/202306/0990f7c3ab3eb50c8faffbbf612cb7d9.jpg","/images/uploaded/summernote/202306/0990f7c3ab3eb50c8faffbbf612cb7d9.jpg","JPG 재압축","1","800x600","800x600","91","92"
"/uploaded/summernote/202306/0b0734f32e21aea8c528e7bbf940932b.jpg","/images/uploaded/summernote/202306/0b0734f32e21aea8c528e7bbf940932b.jpg","JPG 재압축","1","1200x560","1200x560","270","223"
"/uploaded/summernote/202306/0b559cd3119fffeedf9eb85a6b2c6bd6.jpg","/images/uploaded/summernote/202306/0b559cd3119fffeedf9eb85a6b2c6bd6.jpg","JPG 재압축","1","1400x1050","1400x1050","286","134"
"/uploaded/summernote/202306/0b66c8a1512516e8a4bef603f1428568.jpg","/images/uploaded/summernote/202306/0b66c8a1512516e8a4bef603f1428568.jpg","JPG 재압축","1","800x379","800x379","63","64"
"/uploaded/summernote/202306/0b9cb5af7b4b7fb3f3dfb45c0345b6cd.jpg","/images/uploaded/summernote/202306/0b9cb5af7b4b7fb3f3dfb45c0345b6cd.jpg","JPG 재압축","1","1200x900","1200x900","330","273"
"/uploaded/summernote/202306/0bef00778d259be9eef0b6b7a4b0adb9.jpg","/images/uploaded/summernote/202306/0bef00778d259be9eef0b6b7a4b0adb9.jpg","JPG 재압축","1","1200x900","1200x900","290","235"
"/uploaded/summernote/202306/0bfd67a9e7eb770009cfc8d360b0cb27.png","/images/uploaded/summernote/202306/0bfd67a9e7eb770009cfc8d360b0cb27.jpg","PNG→JPG","1","613x417","613x417","429","45"
"/uploaded/summernote/202306/0f43be13b8cc36b1030b7153528a15ca.jpg","/images/uploaded/summernote/202306/0f43be13b8cc36b1030b7153528a15ca.jpg","JPG 재압축","1","1200x900","1200x900","290","235"
"/uploaded/summernote/202306/1036bb20cdabf6450fff3e9937489acf.jpg","/images/uploaded/summernote/202306/1036bb20cdabf6450fff3e9937489acf.jpg","JPG 재압축","1","900x1200","900x1200","261","214"
"/uploaded/summernote/202306/10dc7ee3d1337d5552c0e02d9bf67a0a.jpg","/images/uploaded/summernote/202306/10dc7ee3d1337d5552c0e02d9bf67a0a.jpg","JPG 재압축","1","800x600","800x600","75","75"
"/uploaded/summernote/202306/11a306f9c92f475a2950e1e25c85dbb5.png","/images/uploaded/summernote/202306/11a306f9c92f475a2950e1e25c85dbb5.jpg","PNG→JPG","1","1400x1050","1400x1050","1241","160"
"/uploaded/summernote/202306/1216cd3f70423e6eca69b0a0415c6c16.png","/images/uploaded/summernote/202306/1216cd3f70423e6eca69b0a0415c6c16.jpg","PNG→JPG","1","614x417","614x417","278","26"
"/uploaded/summernote/202306/13e723aab5040a6f543d6a9ab48b1f8f.jpg","/images/uploaded/summernote/202306/13e723aab5040a6f543d6a9ab48b1f8f.jpg","JPG 재압축","1","1200x900","1200x900","235","191"
"/uploaded/summernote/202306/153ff9967bb2b9ebcfd9f580f790ef95.jpg","/images/uploaded/summernote/202306/153ff9967bb2b9ebcfd9f580f790ef95.jpg","JPG 재압축","1","900x1200","900x1200","261","214"
"/uploaded/summernote/202306/15d0643d48d681ef92f9f8b1a1a2c210.png","/images/uploaded/summernote/202306/15d0643d48d681ef92f9f8b1a1a2c210.jpg","PNG→JPG","1","600x197","600x197","73","26"
"/uploaded/summernote/202306/16a1de8e3fb3e87f8325cc792877f584.jpg","/images/uploaded/summernote/202306/16a1de8e3fb3e87f8325cc792877f584.jpg","JPG 재압축+회전","6","3024x4032","1050x1400","1864","224"
"/uploaded/summernote/202306/1996cf4b5efa92d32c6634bd5f6c7b1a.png","/images/uploaded/summernote/202306/1996cf4b5efa92d32c6634bd5f6c7b1a.jpg","PNG→JPG","1","1400x1050","1400x1050","1241","160"
"/uploaded/summernote/202306/1b2af363910ea7d7a3757e6d8bf66f34.png","/images/uploaded/summernote/202306/1b2af363910ea7d7a3757e6d8bf66f34.jpg","PNG→JPG","1","614x417","614x417","372","37"
"/uploaded/summernote/202306/1b30b84525fb7c12d8a839b5866584b0.jpg","/images/uploaded/summernote/202306/1b30b84525fb7c12d8a839b5866584b0.jpg","JPG 재압축","1","800x600","800x600","91","91"
"/uploaded/summernote/202306/1e6e4747c3bedfdd7156b89e8cc23f93.jpg","/images/uploaded/summernote/202306/1e6e4747c3bedfdd7156b89e8cc23f93.jpg","JPG 재압축","1","800x379","800x379","61","62"
"/uploaded/summernote/202306/1f9c0a82f04723510c72de3438a96fa9.png","/images/uploaded/summernote/202306/1f9c0a82f04723510c72de3438a96fa9.jpg","PNG→JPG","1","600x400","600x400","444","35"
"/uploaded/summernote/202306/1fea25eadf9ba10f4120695c7968843d.png","/images/uploaded/summernote/202306/1fea25eadf9ba10f4120695c7968843d.jpg","PNG→JPG","1","820x602","820x602","389","43"
"/uploaded/summernote/202306/20fd4c9312ca31991f15ff0792e9474c.jpg","/images/uploaded/summernote/202306/20fd4c9312ca31991f15ff0792e9474c.jpg","JPG 재압축","1","1400x1050","1400x1050","329","153"
"/uploaded/summernote/202306/21f7afd2b83817e3da6fa147698cf1d2.jpg","/images/uploaded/summernote/202306/21f7afd2b83817e3da6fa147698cf1d2.jpg","JPG 재압축","1","864x647","864x647","217","153"
"/uploaded/summernote/202306/229712b19ebf604558f610244f70821e.jpg","/images/uploaded/summernote/202306/229712b19ebf604558f610244f70821e.jpg","JPG 재압축","1","800x600","800x600","91","91"
"/uploaded/summernote/202306/22db63c9b38085ac6af69b9ec255e045.jpg","/images/uploaded/summernote/202306/22db63c9b38085ac6af69b9ec255e045.jpg","JPG 재압축","1","800x599","800x599","73","73"
"/uploaded/summernote/202306/23207d242349cacdbdec5c504155c706.png","/images/uploaded/summernote/202306/23207d242349cacdbdec5c504155c706.jpg","PNG→JPG","1","820x602","820x602","389","43"
"/uploaded/summernote/202306/249e34f1719913038099b900bb1a0ef9.jpg","/images/uploaded/summernote/202306/249e34f1719913038099b900bb1a0ef9.jpg","JPG 재압축","1","800x600","800x600","91","92"
"/uploaded/summernote/202306/2a072f042d9a435585548b70c2c83cbd.jpg","/images/uploaded/summernote/202306/2a072f042d9a435585548b70c2c83cbd.jpg","JPG 재압축","1","800x600","800x600","75","75"
"/uploaded/summernote/202306/2e7ea1646b61c924185cdb68b35ced29.png","/images/uploaded/summernote/202306/2e7ea1646b61c924185cdb68b35ced29.jpg","PNG→JPG","1","1400x1050","1400x1050","1182","153"
"/uploaded/summernote/202306/310e4589404ffaab636d267a9a94ad5f.jpg","/images/uploaded/summernote/202306/310e4589404ffaab636d267a9a94ad5f.jpg","JPG 재압축","1","800x379","800x379","61","62"
"/uploaded/summernote/202306/31473b6ded0c04d32f9034f1f969bc1a.jpg","/images/uploaded/summernote/202306/31473b6ded0c04d32f9034f1f969bc1a.jpg","JPG 재압축","1","1200x560","1200x560","281","232"
"/uploaded/summernote/202306/3153cff20cc555c150f2b4b631b8e448.png","/images/uploaded/summernote/202306/3153cff20cc555c150f2b4b631b8e448.jpg","PNG→JPG","1","1400x1050","1400x1050","1095","134"
"/uploaded/summernote/202306/327683d10b131a4977f128c330edee44.jpg","/images/uploaded/summernote/202306/327683d10b131a4977f128c330edee44.jpg","JPG 재압축","1","900x1200","900x1200","261","214"
"/uploaded/summernote/202306/32da5fce0fd85b55ff737dbf7a989e41.jpg","/images/uploaded/summernote/202306/32da5fce0fd85b55ff737dbf7a989e41.jpg","JPG 재압축","1","1200x560","1200x560","281","232"
"/uploaded/summernote/202306/34873b030f753df7510305d8a250b00a.jpg","/images/uploaded/summernote/202306/34873b030f753df7510305d8a250b00a.jpg","JPG 재압축","1","1200x900","1200x900","235","191"
"/uploaded/summernote/202306/389709acb6e35c53fe9809cbcc19d40a.png","/images/uploaded/summernote/202306/389709acb6e35c53fe9809cbcc19d40a.jpg","PNG→JPG","1","600x197","600x197","73","26"
"/uploaded/summernote/202306/415c2d764bafdde45662abf7651b1879.jpg","/images/uploaded/summernote/202306/415c2d764bafdde45662abf7651b1879.jpg","JPG 재압축","1","1200x900","1200x900","330","273"
"/uploaded/summernote/202306/47296962c5102436ec96b9237fc718f2.jpg","/images/uploaded/summernote/202306/47296962c5102436ec96b9237fc718f2.jpg","JPG 재압축","1","800x450","800x450","83","83"
"/uploaded/summernote/202306/4a2c7335135cf22d1138ec0bdd0e8bca.jpg","/images/uploaded/summernote/202306/4a2c7335135cf22d1138ec0bdd0e8bca.jpg","JPG 재압축","1","1200x900","1200x900","290","235"
"/uploaded/summernote/202306/4c940efcdd66a6834a22cff270e5014e.jpg","/images/uploaded/summernote/202306/4c940efcdd66a6834a22cff270e5014e.jpg","JPG 재압축","1","4032x3024","1400x1050","2381","207"
"/uploaded/summernote/202306/4ea306a139301fda061b16849bc16c6e.jpg","/images/uploaded/summernote/202306/4ea306a139301fda061b16849bc16c6e.jpg","JPG 재압축","1","600x799","600x799","87","88"
"/uploaded/summernote/202306/505ab09c77c5e7e8c74e7dfc928c9156.jpg","/images/uploaded/summernote/202306/505ab09c77c5e7e8c74e7dfc928c9156.jpg","JPG 재압축","1","1200x900","1200x900","330","273"
"/uploaded/summernote/202306/514afd91a9581d124be247154cc8e4d7.jpg","/images/uploaded/summernote/202306/514afd91a9581d124be247154cc8e4d7.jpg","JPG 재압축","1","800x571","800x571","141","92"
"/uploaded/summernote/202306/5378d7837a35a73de822e8e420d53b50.jpg","/images/uploaded/summernote/202306/5378d7837a35a73de822e8e420d53b50.jpg","JPG 재압축","1","600x621","600x621","74","74"
"/uploaded/summernote/202306/56859f39b4b377176f4cdb803533fa63.jpg","/images/uploaded/summernote/202306/56859f39b4b377176f4cdb803533fa63.jpg","JPG 재압축","1","800x599","800x599","73","73"
"/uploaded/summernote/202306/568d5f15a75a6bbe22cbdf03e7ee45f9.jpg","/images/uploaded/summernote/202306/568d5f15a75a6bbe22cbdf03e7ee45f9.jpg","JPG 재압축","1","1200x900","1200x900","268","219"
"/uploaded/summernote/202306/59fc66d66871072a3886e21a9155f9e3.jpg","/images/uploaded/summernote/202306/59fc66d66871072a3886e21a9155f9e3.jpg","JPG 재압축","1","800x600","800x600","91","91"
"/uploaded/summernote/202306/5a22738b6d221ccf3354612d5e4bcb64.jpg","/images/uploaded/summernote/202306/5a22738b6d221ccf3354612d5e4bcb64.jpg","JPG 재압축","1","1200x560","1200x560","281","232"
"/uploaded/summernote/202306/5b020425537bee00592ce20f17fa47fd.jpg","/images/uploaded/summernote/202306/5b020425537bee00592ce20f17fa47fd.jpg","JPG 재압축","1","600x795","600x795","69","69"
"/uploaded/summernote/202306/5d7c5a5e0bab6f9f096f5d8b5b7e4c2f.jpg","/images/uploaded/summernote/202306/5d7c5a5e0bab6f9f096f5d8b5b7e4c2f.jpg","JPG 재압축","1","793x1121","793x1121","204","162"
"/uploaded/summernote/202306/611eb579e6caf5b67537bff4edb04bfd.jpg","/images/uploaded/summernote/202306/611eb579e6caf5b67537bff4edb04bfd.jpg","JPG 재압축","1","1200x900","1200x900","268","219"
"/uploaded/summernote/202306/627607a553a8934fd3750e173bb9b439.jpg","/images/uploaded/summernote/202306/627607a553a8934fd3750e173bb9b439.jpg","JPG 재압축+회전","6","3024x4032","1050x1400","1864","224"
"/uploaded/summernote/202306/62eca7152c76462b985142f6f8d12128.jpg","/images/uploaded/summernote/202306/62eca7152c76462b985142f6f8d12128.jpg","JPG 재압축","1","864x648","864x648","91","91"
"/uploaded/summernote/202306/669264ac5520c46dee4e60826626c93d.png","/images/uploaded/summernote/202306/669264ac5520c46dee4e60826626c93d.jpg","PNG→JPG","1","614x417","614x417","372","37"
"/uploaded/summernote/202306/678bbbd26da61fd3b9a451d672a0a63e.jpg","/images/uploaded/summernote/202306/678bbbd26da61fd3b9a451d672a0a63e.jpg","JPG 재압축","1","600x621","600x621","74","74"
"/uploaded/summernote/202306/695aa204bc23de2cea172b4d06bea9a2.jpg","/images/uploaded/summernote/202306/695aa204bc23de2cea172b4d06bea9a2.jpg","JPG 재압축","1","600x621","600x621","74","74"
"/uploaded/summernote/202306/6aabf6d4c8f3b427f6f2476f5d739111.png","/images/uploaded/summernote/202306/6aabf6d4c8f3b427f6f2476f5d739111.jpg","PNG→JPG","1","600x410","600x410","410","46"
"/uploaded/summernote/202306/6ba380d6974737077e9f42f5873e5f0d.jpg","/images/uploaded/summernote/202306/6ba380d6974737077e9f42f5873e5f0d.jpg","JPG 재압축","1","1400x1050","1400x1050","334","160"
"/uploaded/summernote/202306/6c3ba3b11924b5b406173ab6bcd59a8d.jpg","/images/uploaded/summernote/202306/6c3ba3b11924b5b406173ab6bcd59a8d.jpg","JPG 재압축","1","793x1121","793x1121","172","136"
"/uploaded/summernote/202306/6dc5b33324b5c387ad13f1894c3dfa6b.jpg","/images/uploaded/summernote/202306/6dc5b33324b5c387ad13f1894c3dfa6b.jpg","JPG 재압축","1","800x571","800x571","141","92"
"/uploaded/summernote/202306/7157b0df54c1d7b59a607881fce14e48.jpg","/images/uploaded/summernote/202306/7157b0df54c1d7b59a607881fce14e48.jpg","JPG 재압축","1","1200x900","1200x900","290","235"
"/uploaded/summernote/202306/74b9f685e25e7de579e64f50e1139a98.jpg","/images/uploaded/summernote/202306/74b9f685e25e7de579e64f50e1139a98.jpg","JPG 재압축","1","1280x796","1280x796","231","134"
"/uploaded/summernote/202306/74fcaf2b0395614950716b973f93fa72.png","/images/uploaded/summernote/202306/74fcaf2b0395614950716b973f93fa72.jpg","PNG→JPG","1","614x417","614x417","278","26"
"/uploaded/summernote/202306/7763558898560f50b01de9f4a7600e3a.jpg","/images/uploaded/summernote/202306/7763558898560f50b01de9f4a7600e3a.jpg","JPG 재압축","1","800x379","800x379","63","64"
"/uploaded/summernote/202306/79b7771aa17921496f68479645f86ba1.jpg","/images/uploaded/summernote/202306/79b7771aa17921496f68479645f86ba1.jpg","JPG 재압축","1","1200x560","1200x560","281","232"
"/uploaded/summernote/202306/7e8647ba476d82e1177066941ce7bf1e.jpg","/images/uploaded/summernote/202306/7e8647ba476d82e1177066941ce7bf1e.jpg","JPG 재압축","1","600x799","600x799","87","88"
"/uploaded/summernote/202306/82f735b3a08aee588bdb9bfa02932f68.png","/images/uploaded/summernote/202306/82f735b3a08aee588bdb9bfa02932f68.jpg","PNG→JPG","1","820x602","820x602","389","43"
"/uploaded/summernote/202306/843fa0ad7f7f6c1e5ae27a27d1134746.png","/images/uploaded/summernote/202306/843fa0ad7f7f6c1e5ae27a27d1134746.jpg","PNG→JPG","1","614x416","614x416","470","47"
"/uploaded/summernote/202306/85b3fecbc0e215f7378332c4eff50b0a.png","/images/uploaded/summernote/202306/85b3fecbc0e215f7378332c4eff50b0a.jpg","PNG→JPG","1","1400x1050","1400x1050","1182","153"
"/uploaded/summernote/202306/88bca0d0d48c6dcd9d4263c6276174ab.png","/images/uploaded/summernote/202306/88bca0d0d48c6dcd9d4263c6276174ab.jpg","PNG→JPG","1","600x197","600x197","73","26"
"/uploaded/summernote/202306/8aa999dd378dee8d3985176a9d05ce28.png","/images/uploaded/summernote/202306/8aa999dd378dee8d3985176a9d05ce28.jpg","PNG→JPG","1","600x197","600x197","73","26"
"/uploaded/summernote/202306/8c6ff591daa6d0202646aa4eb1ebb174.png","/images/uploaded/summernote/202306/8c6ff591daa6d0202646aa4eb1ebb174.jpg","PNG→JPG","1","614x417","614x417","372","37"
"/uploaded/summernote/202306/8cf1c92e3973a250f356cc3fa7128520.png","/images/uploaded/summernote/202306/8cf1c92e3973a250f356cc3fa7128520.jpg","PNG→JPG","1","4032x3024","1400x1050","11159","208"
"/uploaded/summernote/202306/8eb6395529f24c73d667f0460803e2d8.png","/images/uploaded/summernote/202306/8eb6395529f24c73d667f0460803e2d8.jpg","PNG→JPG","1","820x602","820x602","389","43"
"/uploaded/summernote/202306/8f9261a97f3b57712e776257564cad5e.jpg","/images/uploaded/summernote/202306/8f9261a97f3b57712e776257564cad5e.jpg","JPG 재압축","1","800x379","800x379","61","62"
"/uploaded/summernote/202306/9326e5b6d3b72206e91d5a688e3e62d6.jpg","/images/uploaded/summernote/202306/9326e5b6d3b72206e91d5a688e3e62d6.jpg","JPG 재압축","1","793x1121","793x1121","262","205"
"/uploaded/summernote/202306/93f90d5466bce84129b4cbfbc73420bd.jpg","/images/uploaded/summernote/202306/93f90d5466bce84129b4cbfbc73420bd.jpg","JPG 재압축","1","864x648","864x648","101","101"
"/uploaded/summernote/202306/943b0d73d1af8bfe4cbdd870d5bfa32d.jpg","/images/uploaded/summernote/202306/943b0d73d1af8bfe4cbdd870d5bfa32d.jpg","JPG 재압축","1","800x571","800x571","141","92"
"/uploaded/summernote/202306/966bbdf5ca8233aa377df698a95ebb64.jpg","/images/uploaded/summernote/202306/966bbdf5ca8233aa377df698a95ebb64.jpg","JPG 재압축","1","800x600","800x600","91","92"
"/uploaded/summernote/202306/9a3d63e69eeefa25ae717e16ebb09f48.jpg","/images/uploaded/summernote/202306/9a3d63e69eeefa25ae717e16ebb09f48.jpg","JPG 재압축","1","1200x900","1200x900","268","219"
"/uploaded/summernote/202306/9c731b147b3abd1decbd197d14e21a65.png","/images/uploaded/summernote/202306/9c731b147b3abd1decbd197d14e21a65.jpg","PNG→JPG","1","1400x1050","1400x1050","1095","134"
"/uploaded/summernote/202306/9ede5d8ee93e3f42d7e909015c374ea1.png","/images/uploaded/summernote/202306/9ede5d8ee93e3f42d7e909015c374ea1.jpg","PNG→JPG","1","4082x4536","1260x1400","1524","275"
"/uploaded/summernote/202306/9f6d2d270327bf24c342ae705223753a.jpg","/images/uploaded/summernote/202306/9f6d2d270327bf24c342ae705223753a.jpg","JPG 재압축","1","1200x900","1200x900","235","191"
"/uploaded/summernote/202306/a147adba3e37a0b0f4334ec5c7a4cb8e.png","/images/uploaded/summernote/202306/a147adba3e37a0b0f4334ec5c7a4cb8e.jpg","PNG→JPG","1","613x417","613x417","429","45"
"/uploaded/summernote/202306/a39dba31f16d1f8a76f1c08d933ac228.jpg","/images/uploaded/summernote/202306/a39dba31f16d1f8a76f1c08d933ac228.jpg","JPG 재압축","1","1280x796","1280x796","204","158"
"/uploaded/summernote/202306/a3dcb6013aa368bf6aa8453fc95a89e3.jpg","/images/uploaded/summernote/202306/a3dcb6013aa368bf6aa8453fc95a89e3.jpg","JPG 재압축","1","800x600","800x600","91","91"
"/uploaded/summernote/202306/a594627504e2075376dfb45eff35ddbd.jpg","/images/uploaded/summernote/202306/a594627504e2075376dfb45eff35ddbd.jpg","JPG 재압축","1","1200x560","1200x560","270","223"
"/uploaded/summernote/202306/a650e61446e207d41b8286c35d09fe2d.jpg","/images/uploaded/summernote/202306/a650e61446e207d41b8286c35d09fe2d.jpg","JPG 재압축","1","800x600","800x600","91","92"
"/uploaded/summernote/202306/a72cfa2f91465e7e706e7294ff3eefef.jpg","/images/uploaded/summernote/202306/a72cfa2f91465e7e706e7294ff3eefef.jpg","JPG 재압축","1","1280x796","1280x796","194","152"
"/uploaded/summernote/202306/a7ab461f803425a30ef7217364f8916d.png","/images/uploaded/summernote/202306/a7ab461f803425a30ef7217364f8916d.jpg","PNG→JPG","1","600x382","600x382","392","43"
"/uploaded/summernote/202306/a963d2a7692791de0aaf924142c91769.png","/images/uploaded/summernote/202306/a963d2a7692791de0aaf924142c91769.jpg","PNG→JPG","1","600x400","600x400","444","35"
"/uploaded/summernote/202306/ae2017a3802b50b65e2773fb019edcca.jpg","/images/uploaded/summernote/202306/ae2017a3802b50b65e2773fb019edcca.jpg","JPG 재압축+회전","6","3024x4032","1050x1400","1864","224"
"/uploaded/summernote/202306/b2a487c066a6652a4f9797897326d3e3.jpg","/images/uploaded/summernote/202306/b2a487c066a6652a4f9797897326d3e3.jpg","JPG 재압축","1","800x600","800x600","75","75"
"/uploaded/summernote/202306/b2fc5400ee37ef570e36b332e95aaffc.png","/images/uploaded/summernote/202306/b2fc5400ee37ef570e36b332e95aaffc.jpg","PNG→JPG","1","613x417","613x417","429","45"
"/uploaded/summernote/202306/b37df6e0051cfd5ddc0c3c83e5afd4fa.jpg","/images/uploaded/summernote/202306/b37df6e0051cfd5ddc0c3c83e5afd4fa.jpg","JPG 재압축","1","1200x560","1200x560","270","223"
"/uploaded/summernote/202306/b380b15de4f6f156d6af1a6d4e4fc3c8.jpg","/images/uploaded/summernote/202306/b380b15de4f6f156d6af1a6d4e4fc3c8.jpg","JPG 재압축+회전","6","3024x4032","1050x1400","1864","224"
"/uploaded/summernote/202306/b516a4d3a6a05b187642e40f295a8e02.jpg","/images/uploaded/summernote/202306/b516a4d3a6a05b187642e40f295a8e02.jpg","JPG 재압축","1","1280x796","1280x796","218","169"
"/uploaded/summernote/202306/b52350171fffcc11d793eba1cfc6125c.png","/images/uploaded/summernote/202306/b52350171fffcc11d793eba1cfc6125c.jpg","PNG→JPG","1","600x382","600x382","392","43"
"/uploaded/summernote/202306/b6902f754510c756a74e6b7227689e82.png","/images/uploaded/summernote/202306/b6902f754510c756a74e6b7227689e82.jpg","PNG→JPG","1","600x382","600x382","392","43"
"/uploaded/summernote/202306/b6985cf76e106406d181af546dcd867e.png","/images/uploaded/summernote/202306/b6985cf76e106406d181af546dcd867e.jpg","PNG→JPG","1","614x417","614x417","278","26"
"/uploaded/summernote/202306/b741f561af2a4bb6b01c3e4f139c622e.jpg","/images/uploaded/summernote/202306/b741f561af2a4bb6b01c3e4f139c622e.jpg","JPG 재압축","1","800x379","800x379","63","64"
"/uploaded/summernote/202306/b7fcddaeedf5c37bc13a3b9dd48ecf0b.jpg","/images/uploaded/summernote/202306/b7fcddaeedf5c37bc13a3b9dd48ecf0b.jpg","JPG 재압축","1","800x599","800x599","73","73"
"/uploaded/summernote/202306/beec1c29cbd256404b994d24e98640be.jpg","/images/uploaded/summernote/202306/beec1c29cbd256404b994d24e98640be.jpg","JPG 재압축","1","600x795","600x795","69","69"
"/uploaded/summernote/202306/c0809948099aa0e7ed339c4e3e01a24a.jpg","/images/uploaded/summernote/202306/c0809948099aa0e7ed339c4e3e01a24a.jpg","JPG 재압축","1","800x599","800x599","73","73"
"/uploaded/summernote/202306/c66755b056d409d992652757f4e62c12.png","/images/uploaded/summernote/202306/c66755b056d409d992652757f4e62c12.jpg","PNG→JPG","1","614x417","614x417","372","37"
"/uploaded/summernote/202306/c7741b57793a86c6629d7f12af2decd4.png","/images/uploaded/summernote/202306/c7741b57793a86c6629d7f12af2decd4.jpg","PNG→JPG","1","614x416","614x416","470","47"
"/uploaded/summernote/202306/c8257a7c3320eef558bd8186bc0df0b2.png","/images/uploaded/summernote/202306/c8257a7c3320eef558bd8186bc0df0b2.jpg","PNG→JPG","1","600x382","600x382","392","43"
"/uploaded/summernote/202306/c956cfbd582e1649549da5694faa16ed.jpg","/images/uploaded/summernote/202306/c956cfbd582e1649549da5694faa16ed.jpg","JPG 재압축","1","1200x900","1200x900","235","191"
"/uploaded/summernote/202306/c96e07a0a7add9328ce2043e5998ec19.png","/images/uploaded/summernote/202306/c96e07a0a7add9328ce2043e5998ec19.jpg","PNG→JPG","1","600x410","600x410","410","46"
"/uploaded/summernote/202306/ccfac821d06bf5103541c8a5af69ccbd.jpg","/images/uploaded/summernote/202306/ccfac821d06bf5103541c8a5af69ccbd.jpg","JPG 재압축","1","900x1200","900x1200","261","214"
"/uploaded/summernote/202306/cdf2cba6932428b3ccc1ad42710ec464.jpg","/images/uploaded/summernote/202306/cdf2cba6932428b3ccc1ad42710ec464.jpg","JPG 재압축","1","600x795","600x795","69","69"
"/uploaded/summernote/202306/cf993b0e97099a04e20ea2c144d0aad3.png","/images/uploaded/summernote/202306/cf993b0e97099a04e20ea2c144d0aad3.jpg","PNG→JPG","1","614x416","614x416","470","47"
"/uploaded/summernote/202306/d18ed89e29acb5aec66d3309591a7242.png","/images/uploaded/summernote/202306/d18ed89e29acb5aec66d3309591a7242.jpg","PNG→JPG","1","614x417","614x417","278","26"
"/uploaded/summernote/202306/d84fe5ade4dc25d02ca14f77236b8204.jpg","/images/uploaded/summernote/202306/d84fe5ade4dc25d02ca14f77236b8204.jpg","JPG 재압축","1","800x450","800x450","83","83"
"/uploaded/summernote/202306/ddbedac02e524dddd33f3d936489c093.jpg","/images/uploaded/summernote/202306/ddbedac02e524dddd33f3d936489c093.jpg","JPG 재압축","1","1200x560","1200x560","270","223"
"/uploaded/summernote/202306/ddec1ed9de1f1927afb0f16017753969.jpg","/images/uploaded/summernote/202306/ddec1ed9de1f1927afb0f16017753969.jpg","JPG 재압축","1","600x799","600x799","87","88"
"/uploaded/summernote/202306/e018843b4fe23109fef36c4005f6107d.jpg","/images/uploaded/summernote/202306/e018843b4fe23109fef36c4005f6107d.jpg","JPG 재압축","1","600x621","600x621","74","74"
"/uploaded/summernote/202306/e32143d9cddc4d2060a5fa85b8a457fb.png","/images/uploaded/summernote/202306/e32143d9cddc4d2060a5fa85b8a457fb.jpg","PNG→JPG","1","614x416","614x416","470","47"
"/uploaded/summernote/202306/e5950dd94d967dc1494ab9b5c23eb6d3.png","/images/uploaded/summernote/202306/e5950dd94d967dc1494ab9b5c23eb6d3.jpg","PNG→JPG","1","600x410","600x410","410","46"
"/uploaded/summernote/202306/e9aa0899f3ace9048601450317303d34.jpg","/images/uploaded/summernote/202306/e9aa0899f3ace9048601450317303d34.jpg","JPG 재압축","1","600x795","600x795","69","69"
"/uploaded/summernote/202306/ea63cd708fba00619cac7cc3ecac60a5.png","/images/uploaded/summernote/202306/ea63cd708fba00619cac7cc3ecac60a5.jpg","PNG→JPG","1","600x410","600x410","410","46"
"/uploaded/summernote/202306/eb561e86e6da825290c841e0365e977b.jpg","/images/uploaded/summernote/202306/eb561e86e6da825290c841e0365e977b.jpg","JPG 재압축","1","1200x900","1200x900","330","273"
"/uploaded/summernote/202306/ebcac53be3b8a2d9911e276b4e8b8679.jpg","/images/uploaded/summernote/202306/ebcac53be3b8a2d9911e276b4e8b8679.jpg","JPG 재압축","1","1280x796","1280x796","194","152"
"/uploaded/summernote/202306/ec7505897248b26deddcf2dabe0c0c49.jpg","/images/uploaded/summernote/202306/ec7505897248b26deddcf2dabe0c0c49.jpg","JPG 재압축","1","864x648","864x648","87","87"
"/uploaded/summernote/202306/f0e9ea7a626f21e850dfa00c89b7a125.jpg","/images/uploaded/summernote/202306/f0e9ea7a626f21e850dfa00c89b7a125.jpg","JPG 재압축","1","800x600","800x600","75","75"
"/uploaded/summernote/202306/f32cf385f30446cbe81103b435ae1248.jpg","/images/uploaded/summernote/202306/f32cf385f30446cbe81103b435ae1248.jpg","JPG 재압축","1","600x799","600x799","87","88"
"/uploaded/summernote/202306/f4ad324edef5cf6ae8e4444fc42c5fe3.jpg","/images/uploaded/summernote/202306/f4ad324edef5cf6ae8e4444fc42c5fe3.jpg","JPG 재압축","1","800x450","800x450","83","83"
"/uploaded/summernote/202306/f74430ed5d816fb667e4b2cc65600f03.png","/images/uploaded/summernote/202306/f74430ed5d816fb667e4b2cc65600f03.jpg","PNG→JPG","1","613x417","613x417","429","45"
"/uploaded/summernote/202306/fce9d22794f1489469f2f0707afc627c.png","/images/uploaded/summernote/202306/fce9d22794f1489469f2f0707afc627c.jpg","PNG→JPG","1","4032x3024","1400x1050","11159","208"
"/uploaded/summernote/202307/0338fd2edf234158eae28e5c9735b6ef.jpg","/images/uploaded/summernote/202307/0338fd2edf234158eae28e5c9735b6ef.jpg","JPG 재압축","1","800x600","800x600","95","96"
"/uploaded/summernote/202307/05d03aca8033e8fb627abb9cd0cecb8e.jpg","/images/uploaded/summernote/202307/05d03aca8033e8fb627abb9cd0cecb8e.jpg","JPG 재압축","1","800x600","800x600","83","83"
"/uploaded/summernote/202307/09e8a2b2b277559e22671fb6e79312de.jpg","/images/uploaded/summernote/202307/09e8a2b2b277559e22671fb6e79312de.jpg","JPG 재압축","1","800x600","800x600","99","100"
"/uploaded/summernote/202307/0eb0ba03f721884bd7ddf966bb61ef5b.jpg","/images/uploaded/summernote/202307/0eb0ba03f721884bd7ddf966bb61ef5b.jpg","JPG 재압축","1","800x600","800x600","87","88"
"/uploaded/summernote/202307/115fa9aac1d783f5d426c1c43345933f.jpg","/images/uploaded/summernote/202307/115fa9aac1d783f5d426c1c43345933f.jpg","JPG 재압축","1","800x600","800x600","82","82"
"/uploaded/summernote/202307/12c5836effc436405f37fc84e8020754.jpg","/images/uploaded/summernote/202307/12c5836effc436405f37fc84e8020754.jpg","JPG 재압축","1","800x600","800x600","87","88"
"/uploaded/summernote/202307/16e5cbfa777928997481ab4fe2a74b29.jpg","/images/uploaded/summernote/202307/16e5cbfa777928997481ab4fe2a74b29.jpg","JPG 재압축","1","800x600","800x600","97","98"
"/uploaded/summernote/202307/19542a718b0592bd376829089c2d08fb.jpg","/images/uploaded/summernote/202307/19542a718b0592bd376829089c2d08fb.jpg","JPG 재압축","1","800x600","800x600","78","78"
"/uploaded/summernote/202307/1b1900da1a4073f3bc3c4f51a5c63261.jpg","/images/uploaded/summernote/202307/1b1900da1a4073f3bc3c4f51a5c63261.jpg","JPG 재압축","1","800x600","800x600","70","70"
"/uploaded/summernote/202307/1dd3dbb56aaf4965999d60fedfe6213d.jpg","/images/uploaded/summernote/202307/1dd3dbb56aaf4965999d60fedfe6213d.jpg","JPG 재압축","1","800x600","800x600","73","73"
"/uploaded/summernote/202307/1e129e9774adad31b16c61935e0597df.jpg","/images/uploaded/summernote/202307/1e129e9774adad31b16c61935e0597df.jpg","JPG 재압축","1","800x600","800x600","112","112"
"/uploaded/summernote/202307/202e0e1c57bdf93ae415361538687c29.jpg","/images/uploaded/summernote/202307/202e0e1c57bdf93ae415361538687c29.jpg","JPG 재압축","1","800x600","800x600","70","70"
"/uploaded/summernote/202307/27675a92aa0064dd24b97c6cd9e3a039.jpg","/images/uploaded/summernote/202307/27675a92aa0064dd24b97c6cd9e3a039.jpg","JPG 재압축","1","800x600","800x600","87","87"
"/uploaded/summernote/202307/2a1fdeb4f7332627621cdb1764ed455b.jpg","/images/uploaded/summernote/202307/2a1fdeb4f7332627621cdb1764ed455b.jpg","JPG 재압축","1","800x600","800x600","74","74"
"/uploaded/summernote/202307/2da9d30be60f51e245505317b0fdd64e.jpg","/images/uploaded/summernote/202307/2da9d30be60f51e245505317b0fdd64e.jpg","JPG 재압축","1","800x600","800x600","70","70"
"/uploaded/summernote/202307/310269a5660dabec2e9bc36fa174aabc.jpg","/images/uploaded/summernote/202307/310269a5660dabec2e9bc36fa174aabc.jpg","JPG 재압축","1","800x600","800x600","97","98"
"/uploaded/summernote/202307/319fb334d109053b1264f5a0f614fd40.jpg","/images/uploaded/summernote/202307/319fb334d109053b1264f5a0f614fd40.jpg","JPG 재압축","1","800x600","800x600","66","66"
"/uploaded/summernote/202307/36394553fe38120d8c8db0bf0e3576c5.jpg","/images/uploaded/summernote/202307/36394553fe38120d8c8db0bf0e3576c5.jpg","JPG 재압축","1","800x600","800x600","70","70"
"/uploaded/summernote/202307/37dc5c97ba5bbda58b0939120a1abddf.jpg","/images/uploaded/summernote/202307/37dc5c97ba5bbda58b0939120a1abddf.jpg","JPG 재압축","1","800x600","800x600","73","73"
"/uploaded/summernote/202307/38e96b82a4ece7529466ad8d948073ee.jpg","/images/uploaded/summernote/202307/38e96b82a4ece7529466ad8d948073ee.jpg","JPG 재압축","1","800x600","800x600","95","96"
"/uploaded/summernote/202307/3f374eebfc95487929d49868edfde8fd.jpg","/images/uploaded/summernote/202307/3f374eebfc95487929d49868edfde8fd.jpg","JPG 재압축","1","800x600","800x600","79","80"
"/uploaded/summernote/202307/41423959e21dc9440ddf651ace07dc64.jpg","/images/uploaded/summernote/202307/41423959e21dc9440ddf651ace07dc64.jpg","JPG 재압축","1","800x600","800x600","95","96"
"/uploaded/summernote/202307/4812cb4fe75366aed12eeb19c7b6dd7a.jpg","/images/uploaded/summernote/202307/4812cb4fe75366aed12eeb19c7b6dd7a.jpg","JPG 재압축","1","800x600","800x600","59","59"
"/uploaded/summernote/202307/57a5d442ebd25d57e30ceaa342fa60d6.jpg","/images/uploaded/summernote/202307/57a5d442ebd25d57e30ceaa342fa60d6.jpg","JPG 재압축","1","800x600","800x600","70","70"
"/uploaded/summernote/202307/57daa8096eea9aaf30ab6423fef63949.jpg","/images/uploaded/summernote/202307/57daa8096eea9aaf30ab6423fef63949.jpg","JPG 재압축","1","800x600","800x600","87","87"
"/uploaded/summernote/202307/6260cb1d1ed090a717002ec6a0b3c832.jpg","/images/uploaded/summernote/202307/6260cb1d1ed090a717002ec6a0b3c832.jpg","JPG 재압축","1","800x600","800x600","67","68"
"/uploaded/summernote/202307/64d2274f53c92c723eca608c39fe6bd9.jpg","/images/uploaded/summernote/202307/64d2274f53c92c723eca608c39fe6bd9.jpg","JPG 재압축","1","800x600","800x600","87","87"
"/uploaded/summernote/202307/662c33f8e536f0629216a6055944f709.jpg","/images/uploaded/summernote/202307/662c33f8e536f0629216a6055944f709.jpg","JPG 재압축","1","800x600","800x600","95","96"
"/uploaded/summernote/202307/7348592e4563f9e19cf12b5ce7d85909.jpg","/images/uploaded/summernote/202307/7348592e4563f9e19cf12b5ce7d85909.jpg","JPG 재압축","1","800x600","800x600","74","74"
"/uploaded/summernote/202307/73e216853047f4738921baed2bee111c.jpg","/images/uploaded/summernote/202307/73e216853047f4738921baed2bee111c.jpg","JPG 재압축","1","800x600","800x600","78","78"
"/uploaded/summernote/202307/8153ef073967de713006507d0b021133.jpg","/images/uploaded/summernote/202307/8153ef073967de713006507d0b021133.jpg","JPG 재압축","1","800x600","800x600","87","88"
"/uploaded/summernote/202307/845cb36834d8e7dc4f74d9261721a590.jpg","/images/uploaded/summernote/202307/845cb36834d8e7dc4f74d9261721a590.jpg","JPG 재압축","1","800x600","800x600","70","70"
"/uploaded/summernote/202307/907899173f31ce70412d56c3e9b42dc5.jpg","/images/uploaded/summernote/202307/907899173f31ce70412d56c3e9b42dc5.jpg","JPG 재압축","1","800x600","800x600","70","70"
"/uploaded/summernote/202307/94009b1c4492910a32f1a3adfb346bd5.jpg","/images/uploaded/summernote/202307/94009b1c4492910a32f1a3adfb346bd5.jpg","JPG 재압축","1","800x600","800x600","70","70"
"/uploaded/summernote/202307/945518b698ce1113b0c1a72c28f9d277.jpg","/images/uploaded/summernote/202307/945518b698ce1113b0c1a72c28f9d277.jpg","JPG 재압축","1","800x600","800x600","70","70"
"/uploaded/summernote/202307/9a3108dd39038a5705a1b9407ba05cd0.jpg","/images/uploaded/summernote/202307/9a3108dd39038a5705a1b9407ba05cd0.jpg","JPG 재압축","1","800x600","800x600","83","83"
"/uploaded/summernote/202307/a2f17dee1e434dff32e1475e18a1955f.jpg","/images/uploaded/summernote/202307/a2f17dee1e434dff32e1475e18a1955f.jpg","JPG 재압축","1","800x600","800x600","73","73"
"/uploaded/summernote/202307/a51691c0c7335b13f09697cec66bcbb2.jpg","/images/uploaded/summernote/202307/a51691c0c7335b13f09697cec66bcbb2.jpg","JPG 재압축","1","800x600","800x600","79","80"
"/uploaded/summernote/202307/a85fbb02a289e6db2b70566522a84359.jpg","/images/uploaded/summernote/202307/a85fbb02a289e6db2b70566522a84359.jpg","JPG 재압축","1","800x600","800x600","83","83"
"/uploaded/summernote/202307/ac4a8df595b4de11c59d9b3b20cc5fc1.jpg","/images/uploaded/summernote/202307/ac4a8df595b4de11c59d9b3b20cc5fc1.jpg","JPG 재압축","1","800x600","800x600","70","70"
"/uploaded/summernote/202307/b1e2d845f738facdd94ab51649177519.jpg","/images/uploaded/summernote/202307/b1e2d845f738facdd94ab51649177519.jpg","JPG 재압축","1","800x600","800x600","73","73"
"/uploaded/summernote/202307/b5b0b41b6dfe88deb2c1aba80fe5e70a.jpg","/images/uploaded/summernote/202307/b5b0b41b6dfe88deb2c1aba80fe5e70a.jpg","JPG 재압축","1","800x600","800x600","93","94"
"/uploaded/summernote/202307/befaadf6bb0fb0b97b191e2bcc3db4c9.jpg","/images/uploaded/summernote/202307/befaadf6bb0fb0b97b191e2bcc3db4c9.jpg","JPG 재압축","1","800x600","800x600","97","98"
"/uploaded/summernote/202307/c104446c5045226c71a229e4713a2974.jpg","/images/uploaded/summernote/202307/c104446c5045226c71a229e4713a2974.jpg","JPG 재압축","1","800x600","800x600","74","74"
"/uploaded/summernote/202307/c5aa6f546edef8639b7d6bac7528e090.jpg","/images/uploaded/summernote/202307/c5aa6f546edef8639b7d6bac7528e090.jpg","JPG 재압축","1","800x600","800x600","74","74"
"/uploaded/summernote/202307/d1da34bea6e7e622df619fe21527c1fd.jpg","/images/uploaded/summernote/202307/d1da34bea6e7e622df619fe21527c1fd.jpg","JPG 재압축","1","800x600","800x600","70","70"
"/uploaded/summernote/202307/d246a32019ee4dd65c8ff4c31a2e7a09.jpg","/images/uploaded/summernote/202307/d246a32019ee4dd65c8ff4c31a2e7a09.jpg","JPG 재압축","1","800x600","800x600","74","74"
"/uploaded/summernote/202307/dea49bd44bdcfdc5b08c965e4e8d03e2.jpg","/images/uploaded/summernote/202307/dea49bd44bdcfdc5b08c965e4e8d03e2.jpg","JPG 재압축","1","800x600","800x600","70","70"
"/uploaded/summernote/202307/df4e1878d7d836760b24f391976b7a5e.jpg","/images/uploaded/summernote/202307/df4e1878d7d836760b24f391976b7a5e.jpg","JPG 재압축","1","800x600","800x600","87","88"
"/uploaded/summernote/202307/e7ae35458bf14960edb7f196163d8512.jpg","/images/uploaded/summernote/202307/e7ae35458bf14960edb7f196163d8512.jpg","JPG 재압축","1","800x600","800x600","97","98"
"/uploaded/summernote/202307/eaf45492cd0d0e28544fb427bcfd29e0.jpg","/images/uploaded/summernote/202307/eaf45492cd0d0e28544fb427bcfd29e0.jpg","JPG 재압축","1","800x600","800x600","79","80"
"/uploaded/summernote/202307/f1018f3389e835a397b55a70ec2800a1.jpg","/images/uploaded/summernote/202307/f1018f3389e835a397b55a70ec2800a1.jpg","JPG 재압축","1","800x600","800x600","73","73"
"/uploaded/summernote/202307/f567edf9c475880afc3b691f2c83e9f9.png","/images/uploaded/summernote/202307/f567edf9c475880afc3b691f2c83e9f9.jpg","PNG→JPG","1","1225x1361","1225x1361","369","247"
"/uploaded/summernote/202307/f984ba5dc3450804651640ba07e18e12.jpg","/images/uploaded/summernote/202307/f984ba5dc3450804651640ba07e18e12.jpg","JPG 재압축","1","800x600","800x600","79","80"
"/uploaded/summernote/202307/f9b6bc534d6a8ff37811fff59e3a8057.jpg","/images/uploaded/summernote/202307/f9b6bc534d6a8ff37811fff59e3a8057.jpg","JPG 재압축","1","800x600","800x600","87","87"
"/uploaded/summernote/202307/fcdc66aeba7c880d1f21180e8ae87849.jpg","/images/uploaded/summernote/202307/fcdc66aeba7c880d1f21180e8ae87849.jpg","JPG 재압축","1","800x600","800x600","78","78"
"/uploaded/summernote/202307/fe0964b7357e30a52be8edef08d65e4a.jpg","/images/uploaded/summernote/202307/fe0964b7357e30a52be8edef08d65e4a.jpg","JPG 재압축","1","800x600","800x600","78","78"
"/uploaded/summernote/202308/05fe81db34054d6eed88745e2b7560be.jpg","/images/uploaded/summernote/202308/05fe81db34054d6eed88745e2b7560be.jpg","JPG 재압축","1","800x600","800x600","82","82"
"/uploaded/summernote/202308/094993d2b97ed22e56a0d6d0164b1af2.jpg","/images/uploaded/summernote/202308/094993d2b97ed22e56a0d6d0164b1af2.jpg","JPG 재압축","1","800x600","800x600","112","112"
"/uploaded/summernote/202308/130e0abbc7738b437b36c1865656179d.jpg","/images/uploaded/summernote/202308/130e0abbc7738b437b36c1865656179d.jpg","JPG 재압축","1","800x600","800x600","82","82"
"/uploaded/summernote/202308/14bb0e5392a309f1c1e873c4f4b49c70.jpg","/images/uploaded/summernote/202308/14bb0e5392a309f1c1e873c4f4b49c70.jpg","JPG 재압축","1","800x600","800x600","66","66"
"/uploaded/summernote/202308/171446ab7d410f0dee2e1eb8f8c3538a.jpg","/images/uploaded/summernote/202308/171446ab7d410f0dee2e1eb8f8c3538a.jpg","JPG 재압축","1","800x600","800x600","258","54"
"/uploaded/summernote/202308/2888044e0cd36fc6429e7197a8b74431.jpg","/images/uploaded/summernote/202308/2888044e0cd36fc6429e7197a8b74431.jpg","JPG 재압축","1","800x600","800x600","284","61"
"/uploaded/summernote/202308/2aefafcd2405bfacb59a5ccd2fec7e8a.jpg","/images/uploaded/summernote/202308/2aefafcd2405bfacb59a5ccd2fec7e8a.jpg","JPG 재압축","1","800x600","800x600","284","61"
"/uploaded/summernote/202308/2cf90e5b85760bfc838e8dcc72068691.jpg","/images/uploaded/summernote/202308/2cf90e5b85760bfc838e8dcc72068691.jpg","JPG 재압축","1","800x600","800x600","256","55"
"/uploaded/summernote/202308/30ec10e171a13965b6a347e8e38bc7e3.jpg","/images/uploaded/summernote/202308/30ec10e171a13965b6a347e8e38bc7e3.jpg","JPG 재압축","1","800x600","800x600","93","94"
"/uploaded/summernote/202308/314b90dba918ee47b81bdb322b87e5d2.jpg","/images/uploaded/summernote/202308/314b90dba918ee47b81bdb322b87e5d2.jpg","JPG 재압축","1","800x600","800x600","59","59"
"/uploaded/summernote/202308/3224079853c8e4757d5c5fbfcdd03e1f.jpg","/images/uploaded/summernote/202308/3224079853c8e4757d5c5fbfcdd03e1f.jpg","JPG 재압축","1","800x600","800x600","74","74"
"/uploaded/summernote/202308/341e5a28c8cfbda19f8f6404db3e7a99.jpg","/images/uploaded/summernote/202308/341e5a28c8cfbda19f8f6404db3e7a99.jpg","JPG 재압축","1","800x600","800x600","83","83"
"/uploaded/summernote/202308/35a7caa3cf6938bc892e9c70377f592e.jpg","/images/uploaded/summernote/202308/35a7caa3cf6938bc892e9c70377f592e.jpg","JPG 재압축","1","4082x4536","1260x1400","1540","264"
"/uploaded/summernote/202308/43b14b628cb53f08fcbb1e9a099efb8c.jpg","/images/uploaded/summernote/202308/43b14b628cb53f08fcbb1e9a099efb8c.jpg","JPG 재압축","1","800x600","800x600","74","74"
"/uploaded/summernote/202308/460493a9f52bc0f711de45ec53153b49.jpg","/images/uploaded/summernote/202308/460493a9f52bc0f711de45ec53153b49.jpg","JPG 재압축","1","800x600","800x600","66","66"
"/uploaded/summernote/202308/488461bfde88fdf4a8ce4254ddc78ae4.jpg","/images/uploaded/summernote/202308/488461bfde88fdf4a8ce4254ddc78ae4.jpg","JPG 재압축","1","800x600","800x600","93","94"
"/uploaded/summernote/202308/523344a55998d65c7db384c744a690a9.jpg","/images/uploaded/summernote/202308/523344a55998d65c7db384c744a690a9.jpg","JPG 재압축","1","800x600","800x600","99","100"
"/uploaded/summernote/202308/5dbfcf864f69fbeed28bebde597e72c0.jpg","/images/uploaded/summernote/202308/5dbfcf864f69fbeed28bebde597e72c0.jpg","JPG 재압축","1","800x600","800x600","82","82"
"/uploaded/summernote/202308/5eed98827439a39cc5a51dccf8f1115c.jpg","/images/uploaded/summernote/202308/5eed98827439a39cc5a51dccf8f1115c.jpg","JPG 재압축","1","800x600","800x600","258","54"
"/uploaded/summernote/202308/630b334ba72741e90baea52746bee363.jpg","/images/uploaded/summernote/202308/630b334ba72741e90baea52746bee363.jpg","JPG 재압축","1","800x600","800x600","313","76"
"/uploaded/summernote/202308/66e6941816ee6e49c0c36523f9c7d20d.jpg","/images/uploaded/summernote/202308/66e6941816ee6e49c0c36523f9c7d20d.jpg","JPG 재압축","1","800x600","800x600","284","61"
"/uploaded/summernote/202308/678e70dd0e2a86e771b11b261e5bbf96.jpg","/images/uploaded/summernote/202308/678e70dd0e2a86e771b11b261e5bbf96.jpg","JPG 재압축","1","800x600","800x600","83","83"
"/uploaded/summernote/202308/6b684a521cdc6855e1133611b09455d8.jpg","/images/uploaded/summernote/202308/6b684a521cdc6855e1133611b09455d8.jpg","JPG 재압축","1","800x600","800x600","83","83"
"/uploaded/summernote/202308/6bd83a7baeb43b55fd0787a343af6e71.jpg","/images/uploaded/summernote/202308/6bd83a7baeb43b55fd0787a343af6e71.jpg","JPG 재압축","1","800x600","800x600","83","83"
"/uploaded/summernote/202308/6c7caa1cb7f9c4e167b04dec223fea7f.jpg","/images/uploaded/summernote/202308/6c7caa1cb7f9c4e167b04dec223fea7f.jpg","JPG 재압축","1","800x600","800x600","73","73"
"/uploaded/summernote/202308/74758a16ef3019beaeabf23e1e881c1a.jpg","/images/uploaded/summernote/202308/74758a16ef3019beaeabf23e1e881c1a.jpg","JPG 재압축","1","800x600","800x600","73","73"
"/uploaded/summernote/202308/74997c97c09a8d53bfd5815cb065d4c6.jpg","/images/uploaded/summernote/202308/74997c97c09a8d53bfd5815cb065d4c6.jpg","JPG 재압축","1","800x600","800x600","67","68"
"/uploaded/summernote/202308/78d0bc931fc5599503adfd181d0349ef.jpg","/images/uploaded/summernote/202308/78d0bc931fc5599503adfd181d0349ef.jpg","JPG 재압축","1","800x600","800x600","112","112"
"/uploaded/summernote/202308/796081c543d1ab4b4b0337b2d90f0257.jpg","/images/uploaded/summernote/202308/796081c543d1ab4b4b0337b2d90f0257.jpg","JPG 재압축","1","800x600","800x600","74","74"
"/uploaded/summernote/202308/7b3c2f1671b0935e9f0b14dc206a4ace.jpg","/images/uploaded/summernote/202308/7b3c2f1671b0935e9f0b14dc206a4ace.jpg","JPG 재압축","1","800x600","800x600","99","100"
"/uploaded/summernote/202308/909fb458827040f17ffef48e8f61a5ac.jpg","/images/uploaded/summernote/202308/909fb458827040f17ffef48e8f61a5ac.jpg","JPG 재압축","1","800x600","800x600","313","76"
"/uploaded/summernote/202308/9e0776a6c1080087cecb45435db94bc2.jpg","/images/uploaded/summernote/202308/9e0776a6c1080087cecb45435db94bc2.jpg","JPG 재압축","1","800x600","800x600","258","54"
"/uploaded/summernote/202308/9ef63a8dfeba265f086e907c9ac19f59.jpg","/images/uploaded/summernote/202308/9ef63a8dfeba265f086e907c9ac19f59.jpg","JPG 재압축","1","800x600","800x600","99","100"
"/uploaded/summernote/202308/a79bae0ff5bd9cab0884af81b6a875d5.jpg","/images/uploaded/summernote/202308/a79bae0ff5bd9cab0884af81b6a875d5.jpg","JPG 재압축","1","800x600","800x600","256","55"
"/uploaded/summernote/202308/a84c3223cd18dcc9eee6c13ce3316c33.png","/images/uploaded/summernote/202308/a84c3223cd18dcc9eee6c13ce3316c33.jpg","PNG→JPG","1","776x3694","294x1400","5700","101"
"/uploaded/summernote/202308/aaf6992022ec8024dbdb11854fadd80f.jpg","/images/uploaded/summernote/202308/aaf6992022ec8024dbdb11854fadd80f.jpg","JPG 재압축","1","800x600","800x600","112","112"
"/uploaded/summernote/202308/b1c6e5db6323fd33f63b453acd77e781.jpg","/images/uploaded/summernote/202308/b1c6e5db6323fd33f63b453acd77e781.jpg","JPG 재압축","1","800x600","800x600","256","55"
"/uploaded/summernote/202308/b71f19e14f2a5bb377326463cafd1f6a.jpg","/images/uploaded/summernote/202308/b71f19e14f2a5bb377326463cafd1f6a.jpg","JPG 재압축","1","800x600","800x600","284","61"
"/uploaded/summernote/202308/be9618e31653b3c8d63acdc2a2fcaf62.jpg","/images/uploaded/summernote/202308/be9618e31653b3c8d63acdc2a2fcaf62.jpg","JPG 재압축","1","800x600","800x600","83","83"
"/uploaded/summernote/202308/c9dea6da2165bfb0f7741ceab3ff2f3c.jpg","/images/uploaded/summernote/202308/c9dea6da2165bfb0f7741ceab3ff2f3c.jpg","JPG 재압축","1","800x600","800x600","73","73"
"/uploaded/summernote/202308/c9f568d7aef11aab5fb8fcf0ed81a945.jpg","/images/uploaded/summernote/202308/c9f568d7aef11aab5fb8fcf0ed81a945.jpg","JPG 재압축","1","800x600","800x600","83","83"
"/uploaded/summernote/202308/ca3ea02445858b7d2c949fd6a9b9719b.jpg","/images/uploaded/summernote/202308/ca3ea02445858b7d2c949fd6a9b9719b.jpg","JPG 재압축","1","800x600","800x600","256","55"
"/uploaded/summernote/202308/d15091785362e02c35dc12a783ec6941.jpg","/images/uploaded/summernote/202308/d15091785362e02c35dc12a783ec6941.jpg","JPG 재압축","1","800x600","800x600","258","54"
"/uploaded/summernote/202308/d1dbb033701ff0a51010ac04b5dc1e8a.jpg","/images/uploaded/summernote/202308/d1dbb033701ff0a51010ac04b5dc1e8a.jpg","JPG 재압축","1","800x600","800x600","59","59"
"/uploaded/summernote/202308/d6b9b5314c84e1be1aa154258654e356.jpg","/images/uploaded/summernote/202308/d6b9b5314c84e1be1aa154258654e356.jpg","JPG 재압축","1","800x600","800x600","67","68"
"/uploaded/summernote/202308/decbf9961addad21d4939e3a9a89e15e.jpg","/images/uploaded/summernote/202308/decbf9961addad21d4939e3a9a89e15e.jpg","JPG 재압축","1","800x600","800x600","93","94"
"/uploaded/summernote/202308/e20c2505f71d00ed4016f026eb50c72e.png","/images/uploaded/summernote/202308/e20c2505f71d00ed4016f026eb50c72e.jpg","PNG→JPG","1","776x3694","294x1400","5700","101"
"/uploaded/summernote/202308/ed1d3e524f5fa2abe673ffb24991288a.jpg","/images/uploaded/summernote/202308/ed1d3e524f5fa2abe673ffb24991288a.jpg","JPG 재압축","1","800x600","800x600","313","76"
"/uploaded/summernote/202308/f044a4c9eaee06dc69e35a7ba0f34094.png","/images/uploaded/summernote/202308/f044a4c9eaee06dc69e35a7ba0f34094.jpg","PNG→JPG","1","776x3694","294x1400","5700","101"
"/uploaded/summernote/202308/f0fc2c4331cb8139f050ac3bb12f69c3.jpg","/images/uploaded/summernote/202308/f0fc2c4331cb8139f050ac3bb12f69c3.jpg","JPG 재압축","1","800x600","800x600","59","59"
"/uploaded/summernote/202308/f13536c3d2b764831a5eec95866586b3.png","/images/uploaded/summernote/202308/f13536c3d2b764831a5eec95866586b3.jpg","PNG→JPG","1","776x3694","294x1400","5700","101"
"/uploaded/summernote/202308/f3e27afd5a3f2119b074c6dcd6777e9e.jpg","/images/uploaded/summernote/202308/f3e27afd5a3f2119b074c6dcd6777e9e.jpg","JPG 재압축","1","800x600","800x600","67","68"
"/uploaded/summernote/202308/f9c8044c5f8a1be48274e23e9a0f5b68.jpg","/images/uploaded/summernote/202308/f9c8044c5f8a1be48274e23e9a0f5b68.jpg","JPG 재압축","1","800x600","800x600","313","76"
"/uploaded/summernote/202308/fddab8f8d8688666e2a9c2445894e1d3.jpg","/images/uploaded/summernote/202308/fddab8f8d8688666e2a9c2445894e1d3.jpg","JPG 재압축","1","800x600","800x600","66","66"
"/uploaded/summernote/202309/029827d5a48da4dd6ef580187eb4a614.png","/images/uploaded/summernote/202309/029827d5a48da4dd6ef580187eb4a614.jpg","PNG→JPG","1","1133x1400","1133x1400","3518","280"
"/uploaded/summernote/202309/3b2cfb68c911d6eaead0b52f503290d2.png","/images/uploaded/summernote/202309/3b2cfb68c911d6eaead0b52f503290d2.jpg","PNG→JPG","1","1133x1400","1133x1400","3518","280"
"/uploaded/summernote/202309/49f628eae9b5a30732cf85aa5f589a47.jpg","/images/uploaded/summernote/202309/49f628eae9b5a30732cf85aa5f589a47.jpg","JPG 재압축","1","4082x4536","1260x1400","1542","264"
"/uploaded/summernote/202309/dcc2f0bbe8f005b062d636b63072178d.png","/images/uploaded/summernote/202309/dcc2f0bbe8f005b062d636b63072178d.jpg","PNG→JPG","1","1133x1400","1133x1400","3518","280"
"/uploaded/summernote/202310/0c9e7f1216598a676ace502042316d33.png","/images/uploaded/summernote/202310/0c9e7f1216598a676ace502042316d33.jpg","PNG→JPG","1","1250x703","1250x703","1705","134"
"/uploaded/summernote/202310/495f93dca2cc6fffc74ff08d0bdeab5a.png","/images/uploaded/summernote/202310/495f93dca2cc6fffc74ff08d0bdeab5a.jpg","PNG→JPG","1","800x450","800x450","695","62"
"/uploaded/summernote/202310/5258237ff3d921b8564a7f1f02f315e6.png","/images/uploaded/summernote/202310/5258237ff3d921b8564a7f1f02f315e6.jpg","PNG→JPG","1","1250x703","1250x703","1706","111"
"/uploaded/summernote/202310/5b564b6850fa350ed5ae308475975858.png","/images/uploaded/summernote/202310/5b564b6850fa350ed5ae308475975858.jpg","PNG→JPG","1","1250x703","1250x703","1432","106"
"/uploaded/summernote/202310/6de6d8a96bace07530301de0336125f1.png","/images/uploaded/summernote/202310/6de6d8a96bace07530301de0336125f1.jpg","PNG→JPG","1","1250x703","1250x703","1432","106"
"/uploaded/summernote/202310/8ddc02d9f5339efc793c3e89b4be462d.png","/images/uploaded/summernote/202310/8ddc02d9f5339efc793c3e89b4be462d.jpg","PNG→JPG","1","800x450","800x450","599","54"
"/uploaded/summernote/202310/9822efab59cad23c9e3bab1fc6de4c5f.png","/images/uploaded/summernote/202310/9822efab59cad23c9e3bab1fc6de4c5f.jpg","PNG→JPG","1","1250x703","1250x703","1706","111"
"/uploaded/summernote/202310/a43c1e9d2f1d87882d2243fe4cfa77e6.png","/images/uploaded/summernote/202310/a43c1e9d2f1d87882d2243fe4cfa77e6.jpg","PNG→JPG","1","800x450","800x450","695","62"
"/uploaded/summernote/202310/a4b42ac3db691228e035607659db34c6.png","/images/uploaded/summernote/202310/a4b42ac3db691228e035607659db34c6.jpg","PNG→JPG","1","800x450","800x450","684","66"
"/uploaded/summernote/202310/abeede3513510a3b84d4b910e1d368e3.png","/images/uploaded/summernote/202310/abeede3513510a3b84d4b910e1d368e3.jpg","PNG→JPG","1","800x450","800x450","684","66"
"/uploaded/summernote/202310/e804be02db34e4a471e9e50b5df9cfc9.png","/images/uploaded/summernote/202310/e804be02db34e4a471e9e50b5df9cfc9.jpg","PNG→JPG","1","1250x703","1250x703","1705","134"
"/uploaded/summernote/202310/f4b09f178aeca492aeccf0491c4432d3.png","/images/uploaded/summernote/202310/f4b09f178aeca492aeccf0491c4432d3.jpg","PNG→JPG","1","1250x703","1250x703","1432","106"
"/uploaded/summernote/202310/faf83cf756eb8ac2a0410c8c56380e6e.png","/images/uploaded/summernote/202310/faf83cf756eb8ac2a0410c8c56380e6e.jpg","PNG→JPG","1","800x450","800x450","599","54"
"/uploaded/summernote/202311/01d244ee8543e8bd0a00872761f2ee2e.png","/images/uploaded/summernote/202311/01d244ee8543e8bd0a00872761f2ee2e.jpg","PNG→JPG","1","800x450","800x450","606","53"
"/uploaded/summernote/202311/02d163670414ad8d5831c223b90e2cd1.png","/images/uploaded/summernote/202311/02d163670414ad8d5831c223b90e2cd1.jpg","PNG→JPG","1","800x450","800x450","682","56"
"/uploaded/summernote/202311/03143f24593caf1beb28e5a3d5417b5c.png","/images/uploaded/summernote/202311/03143f24593caf1beb28e5a3d5417b5c.jpg","PNG→JPG","1","800x450","800x450","584","55"
"/uploaded/summernote/202311/0548dd2596e6a54114f2f4f8db2747c7.png","/images/uploaded/summernote/202311/0548dd2596e6a54114f2f4f8db2747c7.jpg","PNG→JPG","1","800x450","800x450","710","64"
"/uploaded/summernote/202311/0581fd5c45e91d9b21e16a8cf673df71.png","/images/uploaded/summernote/202311/0581fd5c45e91d9b21e16a8cf673df71.jpg","PNG→JPG","1","800x450","800x450","458","43"
"/uploaded/summernote/202311/087abbc869d39012cb0b6e7888e2a8e1.jpg","/images/uploaded/summernote/202311/087abbc869d39012cb0b6e7888e2a8e1.jpg","JPG 재압축","1","3295x2598","1400x1104","1319","156"
"/uploaded/summernote/202311/0901f50acc03233f41040b9d455009e7.png","/images/uploaded/summernote/202311/0901f50acc03233f41040b9d455009e7.jpg","PNG→JPG","1","800x450","800x450","596","55"
"/uploaded/summernote/202311/0915831ebb60bd446fe8f92223da33e7.png","/images/uploaded/summernote/202311/0915831ebb60bd446fe8f92223da33e7.jpg","PNG→JPG","1","800x450","800x450","610","43"
"/uploaded/summernote/202311/0a410f7fd5607fb19447f1093c4fca3e.png","/images/uploaded/summernote/202311/0a410f7fd5607fb19447f1093c4fca3e.jpg","PNG→JPG","1","800x450","800x450","632","54"
"/uploaded/summernote/202311/0a6f8aa6edbb1006f7398daa79684c7a.png","/images/uploaded/summernote/202311/0a6f8aa6edbb1006f7398daa79684c7a.jpg","PNG→JPG","1","800x450","800x450","700","63"
"/uploaded/summernote/202311/0b47b43c237297a45e3b905800d9305c.png","/images/uploaded/summernote/202311/0b47b43c237297a45e3b905800d9305c.jpg","PNG→JPG","1","800x450","800x450","499","48"
"/uploaded/summernote/202311/0b96d3489f0fe0dd79db78cc1a73e76a.png","/images/uploaded/summernote/202311/0b96d3489f0fe0dd79db78cc1a73e76a.jpg","PNG→JPG","1","800x450","800x450","529","42"
"/uploaded/summernote/202311/0ea94ebe248832aa0cdde264947be32e.png","/images/uploaded/summernote/202311/0ea94ebe248832aa0cdde264947be32e.jpg","PNG→JPG","1","800x450","800x450","600","54"
"/uploaded/summernote/202311/0f9bc65661d174d7674bd2449c533727.png","/images/uploaded/summernote/202311/0f9bc65661d174d7674bd2449c533727.jpg","PNG→JPG","1","800x450","800x450","477","52"
"/uploaded/summernote/202311/0fd926abccf41a7b368c1072d8015d04.png","/images/uploaded/summernote/202311/0fd926abccf41a7b368c1072d8015d04.jpg","PNG→JPG","1","800x450","800x450","433","43"
"/uploaded/summernote/202311/10242e9791c6c9914f5b32e1663cfe0e.png","/images/uploaded/summernote/202311/10242e9791c6c9914f5b32e1663cfe0e.jpg","PNG→JPG","1","800x450","800x450","625","55"
"/uploaded/summernote/202311/10b5cc4ed6ee80e2ef37dfb44c3476d4.png","/images/uploaded/summernote/202311/10b5cc4ed6ee80e2ef37dfb44c3476d4.jpg","PNG→JPG","1","800x450","800x450","548","52"
"/uploaded/summernote/202311/11ba5c5d77b2ee371f1ec8e95fee6866.png","/images/uploaded/summernote/202311/11ba5c5d77b2ee371f1ec8e95fee6866.jpg","PNG→JPG","1","800x450","800x450","548","52"
"/uploaded/summernote/202311/11d078304a71d03a9fde0e048446d4e5.png","/images/uploaded/summernote/202311/11d078304a71d03a9fde0e048446d4e5.jpg","PNG→JPG","1","800x450","800x450","514","46"
"/uploaded/summernote/202311/125109a80caca6fc49240a96632f7442.png","/images/uploaded/summernote/202311/125109a80caca6fc49240a96632f7442.jpg","PNG→JPG","1","800x450","800x450","606","53"
"/uploaded/summernote/202311/14a6318ba8127d01c0b4cd4724d1bb82.png","/images/uploaded/summernote/202311/14a6318ba8127d01c0b4cd4724d1bb82.jpg","PNG→JPG","1","800x450","800x450","500","53"
"/uploaded/summernote/202311/153798e0104d3307c672edad305141f7.png","/images/uploaded/summernote/202311/153798e0104d3307c672edad305141f7.jpg","PNG→JPG","1","800x450","800x450","597","59"
"/uploaded/summernote/202311/16db2c54e1c9e589f46927e964906d23.png","/images/uploaded/summernote/202311/16db2c54e1c9e589f46927e964906d23.jpg","PNG→JPG","1","800x450","800x450","519","51"
"/uploaded/summernote/202311/16f68d45c4092a4435ddcde433d5a41c.png","/images/uploaded/summernote/202311/16f68d45c4092a4435ddcde433d5a41c.jpg","PNG→JPG","1","800x450","800x450","548","46"
"/uploaded/summernote/202311/173f26a5ad57dbd7035f4ab013290d29.png","/images/uploaded/summernote/202311/173f26a5ad57dbd7035f4ab013290d29.jpg","PNG→JPG","1","800x450","800x450","544","55"
"/uploaded/summernote/202311/193d5213c82704ddf27b1140ac3939dc.png","/images/uploaded/summernote/202311/193d5213c82704ddf27b1140ac3939dc.jpg","PNG→JPG","1","800x450","800x450","761","61"
"/uploaded/summernote/202311/195b7fc12a60639f39db300d2328adfb.png","/images/uploaded/summernote/202311/195b7fc12a60639f39db300d2328adfb.jpg","PNG→JPG","1","800x450","800x450","869","74"
"/uploaded/summernote/202311/1ad10e35be30222c81a112dc35a963ed.png","/images/uploaded/summernote/202311/1ad10e35be30222c81a112dc35a963ed.jpg","PNG→JPG","1","800x450","800x450","539","49"
"/uploaded/summernote/202311/1b418d1031a10ddff06f0b13690a7f6c.png","/images/uploaded/summernote/202311/1b418d1031a10ddff06f0b13690a7f6c.jpg","PNG→JPG","1","800x450","800x450","458","43"
"/uploaded/summernote/202311/1bc1439cad05cbf891039c7411a401aa.png","/images/uploaded/summernote/202311/1bc1439cad05cbf891039c7411a401aa.jpg","PNG→JPG","1","800x450","800x450","628","62"
"/uploaded/summernote/202311/1c12dee735879acfedac80be26f4c120.png","/images/uploaded/summernote/202311/1c12dee735879acfedac80be26f4c120.jpg","PNG→JPG","1","800x450","800x450","433","43"
"/uploaded/summernote/202311/1cfcd6cc511e5c1f50f6241b58ad700e.jpg","/images/uploaded/summernote/202311/1cfcd6cc511e5c1f50f6241b58ad700e.jpg","JPG 재압축","1","3352x2334","1400x975","1642","155"
"/uploaded/summernote/202311/1e5c22e528235a062283016d16bd284d.png","/images/uploaded/summernote/202311/1e5c22e528235a062283016d16bd284d.jpg","PNG→JPG","1","800x450","800x450","494","42"
"/uploaded/summernote/202311/1f09ab32b8afa122c111446b571053f4.png","/images/uploaded/summernote/202311/1f09ab32b8afa122c111446b571053f4.jpg","PNG→JPG","1","800x450","800x450","554","49"
"/uploaded/summernote/202311/1fca4d0f6f5a05fdf28dadbb67c5395d.png","/images/uploaded/summernote/202311/1fca4d0f6f5a05fdf28dadbb67c5395d.jpg","PNG→JPG","1","800x450","800x450","590","54"
"/uploaded/summernote/202311/23283624711ef3c04570ff3cd4e5a7e6.png","/images/uploaded/summernote/202311/23283624711ef3c04570ff3cd4e5a7e6.jpg","PNG→JPG","1","800x450","800x450","491","42"
"/uploaded/summernote/202311/24d46a0f4d60c0868b38ef2efceab9ac.png","/images/uploaded/summernote/202311/24d46a0f4d60c0868b38ef2efceab9ac.jpg","PNG→JPG","1","800x450","800x450","494","42"
"/uploaded/summernote/202311/256ce03c285bf2d61c7f8fc03500e295.png","/images/uploaded/summernote/202311/256ce03c285bf2d61c7f8fc03500e295.jpg","PNG→JPG","1","800x450","800x450","572","47"
"/uploaded/summernote/202311/261367e3b8e8bb35f96962a186bb80be.png","/images/uploaded/summernote/202311/261367e3b8e8bb35f96962a186bb80be.jpg","PNG→JPG","1","800x450","800x450","574","54"
"/uploaded/summernote/202311/2ae86b7a644078beaefb4328149640e6.png","/images/uploaded/summernote/202311/2ae86b7a644078beaefb4328149640e6.jpg","PNG→JPG","1","800x450","800x450","539","49"
"/uploaded/summernote/202311/2b2cd9ab14ebeb1d5eae475b03957ed9.png","/images/uploaded/summernote/202311/2b2cd9ab14ebeb1d5eae475b03957ed9.jpg","PNG→JPG","1","800x450","800x450","632","54"
"/uploaded/summernote/202311/2c2202de18ae936a3475e6b17eb91a0c.png","/images/uploaded/summernote/202311/2c2202de18ae936a3475e6b17eb91a0c.jpg","PNG→JPG","1","800x450","800x450","588","69"
"/uploaded/summernote/202311/2c76e40d7ddac3aa9229cfcbe6a2aa43.png","/images/uploaded/summernote/202311/2c76e40d7ddac3aa9229cfcbe6a2aa43.jpg","PNG→JPG","1","800x450","800x450","628","62"
"/uploaded/summernote/202311/2c8029436c299b17ca36240d4e927b03.png","/images/uploaded/summernote/202311/2c8029436c299b17ca36240d4e927b03.jpg","PNG→JPG","1","800x450","800x450","592","59"
"/uploaded/summernote/202311/2cf2e9835d00dbc59e424df557044a22.jpg","/images/uploaded/summernote/202311/2cf2e9835d00dbc59e424df557044a22.jpg","JPG 재압축","1","3595x2466","1400x960","1292","151"
"/uploaded/summernote/202311/2d5e537f63799192ba0514cc8f550f50.png","/images/uploaded/summernote/202311/2d5e537f63799192ba0514cc8f550f50.jpg","PNG→JPG","1","800x450","800x450","864","72"
"/uploaded/summernote/202311/2e3e0f91b2e1c56d996323cea5408138.png","/images/uploaded/summernote/202311/2e3e0f91b2e1c56d996323cea5408138.jpg","PNG→JPG","1","800x450","800x450","499","48"
"/uploaded/summernote/202311/2fbca9f0e1177eda8f1c93ec5487e86e.png","/images/uploaded/summernote/202311/2fbca9f0e1177eda8f1c93ec5487e86e.jpg","PNG→JPG","1","800x450","800x450","558","44"
"/uploaded/summernote/202311/2fc147125da3feb3ffb2ff70d5739a1c.png","/images/uploaded/summernote/202311/2fc147125da3feb3ffb2ff70d5739a1c.jpg","PNG→JPG","1","800x450","800x450","494","42"
"/uploaded/summernote/202311/305fccdc49638ee1b1d9cbd0c64a898e.png","/images/uploaded/summernote/202311/305fccdc49638ee1b1d9cbd0c64a898e.jpg","PNG→JPG","1","800x450","800x450","554","49"
"/uploaded/summernote/202311/30df214194cde7039064bf00d3c2cf44.png","/images/uploaded/summernote/202311/30df214194cde7039064bf00d3c2cf44.jpg","PNG→JPG","1","800x450","800x450","592","59"
"/uploaded/summernote/202311/329a8e8fa3b07879a470e27e5d7fab88.png","/images/uploaded/summernote/202311/329a8e8fa3b07879a470e27e5d7fab88.jpg","PNG→JPG","1","800x450","800x450","584","55"
"/uploaded/summernote/202311/333bc4e5b7b1ccdabd7d7dc58527b204.png","/images/uploaded/summernote/202311/333bc4e5b7b1ccdabd7d7dc58527b204.jpg","PNG→JPG","1","800x450","800x450","433","43"
"/uploaded/summernote/202311/33d60d588156e6d05cdcc51cdce54384.png","/images/uploaded/summernote/202311/33d60d588156e6d05cdcc51cdce54384.jpg","PNG→JPG","1","800x450","800x450","554","49"
"/uploaded/summernote/202311/349eb1bc1a0758db5335f7bf39da4671.jpg","/images/uploaded/summernote/202311/349eb1bc1a0758db5335f7bf39da4671.jpg","JPG 재압축","1","3595x2466","1400x960","1292","151"
"/uploaded/summernote/202311/36544379db510edd5b4953d337f22faa.png","/images/uploaded/summernote/202311/36544379db510edd5b4953d337f22faa.jpg","PNG→JPG","1","800x450","800x450","869","74"
"/uploaded/summernote/202311/36b12aeb78d64842846630a234dafa60.png","/images/uploaded/summernote/202311/36b12aeb78d64842846630a234dafa60.jpg","PNG→JPG","1","800x450","800x450","628","57"
"/uploaded/summernote/202311/370eafb8f444bd78e3b7e42e45ce7aa1.png","/images/uploaded/summernote/202311/370eafb8f444bd78e3b7e42e45ce7aa1.jpg","PNG→JPG","1","800x450","800x450","503","45"
"/uploaded/summernote/202311/37fb8210b6ab01b7582061195fcb3f6a.png","/images/uploaded/summernote/202311/37fb8210b6ab01b7582061195fcb3f6a.jpg","PNG→JPG","1","800x450","800x450","721","58"
"/uploaded/summernote/202311/38dc485aef97ac0777e8ae2cdb8a6023.png","/images/uploaded/summernote/202311/38dc485aef97ac0777e8ae2cdb8a6023.jpg","PNG→JPG","1","800x450","800x450","641","47"
"/uploaded/summernote/202311/3a7f0fdfaa937849c550b501d496218b.png","/images/uploaded/summernote/202311/3a7f0fdfaa937849c550b501d496218b.jpg","PNG→JPG","1","800x450","800x450","498","46"
"/uploaded/summernote/202311/3aef75d6861f1a779331910fd30b5417.png","/images/uploaded/summernote/202311/3aef75d6861f1a779331910fd30b5417.jpg","PNG→JPG","1","800x450","800x450","554","54"
"/uploaded/summernote/202311/3bc2373a1508e8bed03e1145d9a6a5b8.png","/images/uploaded/summernote/202311/3bc2373a1508e8bed03e1145d9a6a5b8.jpg","PNG→JPG","1","800x450","800x450","539","49"
"/uploaded/summernote/202311/3c4311bc575e8787d245321e6bb98b8d.png","/images/uploaded/summernote/202311/3c4311bc575e8787d245321e6bb98b8d.jpg","PNG→JPG","1","800x450","800x450","529","42"
"/uploaded/summernote/202311/3ce238705f9aa060e835ce848bcbe2f9.png","/images/uploaded/summernote/202311/3ce238705f9aa060e835ce848bcbe2f9.jpg","PNG→JPG","1","800x450","800x450","463","41"
"/uploaded/summernote/202311/3d802cd4a27012fed9f111ada6654fba.jpg","/images/uploaded/summernote/202311/3d802cd4a27012fed9f111ada6654fba.jpg","JPG 재압축","1","3595x2466","1400x960","1292","151"
"/uploaded/summernote/202311/3df36d6f8062f3367be6c46e4e1d32a4.png","/images/uploaded/summernote/202311/3df36d6f8062f3367be6c46e4e1d32a4.jpg","PNG→JPG","1","800x450","800x450","761","61"
"/uploaded/summernote/202311/40a6a9b9c1df1838be460187c3a8d333.png","/images/uploaded/summernote/202311/40a6a9b9c1df1838be460187c3a8d333.jpg","PNG→JPG","1","800x450","800x450","600","54"
"/uploaded/summernote/202311/40c98e104a99dde0b4dc770e890e453d.png","/images/uploaded/summernote/202311/40c98e104a99dde0b4dc770e890e453d.jpg","PNG→JPG","1","800x450","800x450","862","69"
"/uploaded/summernote/202311/42bf3c89adb7696eba99acb3625ed5dd.png","/images/uploaded/summernote/202311/42bf3c89adb7696eba99acb3625ed5dd.jpg","PNG→JPG","1","800x450","800x450","788","72"
"/uploaded/summernote/202311/42da21eeef77e930e3a0508466ba7970.png","/images/uploaded/summernote/202311/42da21eeef77e930e3a0508466ba7970.jpg","PNG→JPG","1","800x450","800x450","862","69"
"/uploaded/summernote/202311/42ff856663e2e84c8270b0fe415f4a5f.png","/images/uploaded/summernote/202311/42ff856663e2e84c8270b0fe415f4a5f.jpg","PNG→JPG","1","800x450","800x450","572","47"
"/uploaded/summernote/202311/43a5a0ba141760b2f3465a1a7b5b8872.png","/images/uploaded/summernote/202311/43a5a0ba141760b2f3465a1a7b5b8872.jpg","PNG→JPG","1","800x450","800x450","869","74"
"/uploaded/summernote/202311/43d90d621efa786686db46cd1147e478.png","/images/uploaded/summernote/202311/43d90d621efa786686db46cd1147e478.jpg","PNG→JPG","1","800x450","800x450","628","62"
"/uploaded/summernote/202311/442f026cc667c6bef181ba544c77882e.png","/images/uploaded/summernote/202311/442f026cc667c6bef181ba544c77882e.jpg","PNG→JPG","1","800x450","800x450","606","53"
"/uploaded/summernote/202311/473d34544bfad9bea627b3d421efb611.png","/images/uploaded/summernote/202311/473d34544bfad9bea627b3d421efb611.jpg","PNG→JPG","1","800x450","800x450","590","54"
"/uploaded/summernote/202311/48ec6e2e8d2a21203bcbff8d472751bb.png","/images/uploaded/summernote/202311/48ec6e2e8d2a21203bcbff8d472751bb.jpg","PNG→JPG","1","800x450","800x450","463","41"
"/uploaded/summernote/202311/4b3e35c892fcb1b34bdb97b8798b68c8.png","/images/uploaded/summernote/202311/4b3e35c892fcb1b34bdb97b8798b68c8.jpg","PNG→JPG","1","800x450","800x450","524","43"
"/uploaded/summernote/202311/4b4a5e178410ee508f436274ca12c038.png","/images/uploaded/summernote/202311/4b4a5e178410ee508f436274ca12c038.jpg","PNG→JPG","1","800x450","800x450","520","47"
"/uploaded/summernote/202311/4b543a905d0ef54e0c39fe86dfea0e9b.png","/images/uploaded/summernote/202311/4b543a905d0ef54e0c39fe86dfea0e9b.jpg","PNG→JPG","1","800x450","800x450","574","54"
"/uploaded/summernote/202311/4baa36b25fbcb819fcef2a300dc2f362.png","/images/uploaded/summernote/202311/4baa36b25fbcb819fcef2a300dc2f362.jpg","PNG→JPG","1","800x450","800x450","710","64"
"/uploaded/summernote/202311/4bc392bf3e9db2fd11648eed3740b6e7.png","/images/uploaded/summernote/202311/4bc392bf3e9db2fd11648eed3740b6e7.jpg","PNG→JPG","1","800x450","800x450","596","55"
"/uploaded/summernote/202311/4e3813094a209932ba9005dd1280da92.jpg","/images/uploaded/summernote/202311/4e3813094a209932ba9005dd1280da92.jpg","JPG 재압축","1","3352x2334","1400x975","1642","155"
"/uploaded/summernote/202311/4f7d7b5bf453a4dbfeaf87beaf209c95.png","/images/uploaded/summernote/202311/4f7d7b5bf453a4dbfeaf87beaf209c95.jpg","PNG→JPG","1","800x450","800x450","463","41"
"/uploaded/summernote/202311/52712b0b6332a35ae894f0e86e06b2a3.png","/images/uploaded/summernote/202311/52712b0b6332a35ae894f0e86e06b2a3.jpg","PNG→JPG","1","800x450","800x450","503","45"
"/uploaded/summernote/202311/52a9129a539843ca71feaecae58cc5a2.png","/images/uploaded/summernote/202311/52a9129a539843ca71feaecae58cc5a2.jpg","PNG→JPG","1","800x450","800x450","691","56"
"/uploaded/summernote/202311/5330e29f706e0dca56385ce58c1a46be.png","/images/uploaded/summernote/202311/5330e29f706e0dca56385ce58c1a46be.jpg","PNG→JPG","1","800x450","800x450","457","52"
"/uploaded/summernote/202311/53712ec8dc7a10e9427683c59e237ea4.png","/images/uploaded/summernote/202311/53712ec8dc7a10e9427683c59e237ea4.jpg","PNG→JPG","1","800x450","800x450","668","69"
"/uploaded/summernote/202311/54151b51e7d5b657aa84db294c0484a5.jpg","/images/uploaded/summernote/202311/54151b51e7d5b657aa84db294c0484a5.jpg","JPG 재압축","1","3295x2598","1400x1104","1319","156"
"/uploaded/summernote/202311/571a620870554dc37a451e1b1f13a920.png","/images/uploaded/summernote/202311/571a620870554dc37a451e1b1f13a920.jpg","PNG→JPG","1","800x450","800x450","628","45"
"/uploaded/summernote/202311/57d2b9a36390245a0fb7bd2a48a29907.png","/images/uploaded/summernote/202311/57d2b9a36390245a0fb7bd2a48a29907.jpg","PNG→JPG","1","800x450","800x450","691","56"
"/uploaded/summernote/202311/57faf5a57968f7e29934148d2261a1f8.png","/images/uploaded/summernote/202311/57faf5a57968f7e29934148d2261a1f8.jpg","PNG→JPG","1","800x450","800x450","626","58"
"/uploaded/summernote/202311/591c05b7b48925e482aecef9b4882dd5.png","/images/uploaded/summernote/202311/591c05b7b48925e482aecef9b4882dd5.jpg","PNG→JPG","1","800x450","800x450","524","43"
"/uploaded/summernote/202311/596ab1e7c4aae4db7aca28decdcfe2a8.png","/images/uploaded/summernote/202311/596ab1e7c4aae4db7aca28decdcfe2a8.jpg","PNG→JPG","1","800x450","800x450","788","72"
"/uploaded/summernote/202311/5a41b607d6c019db17c488876d9bcf42.png","/images/uploaded/summernote/202311/5a41b607d6c019db17c488876d9bcf42.jpg","PNG→JPG","1","800x450","800x450","463","41"
"/uploaded/summernote/202311/5d4fd82d80c47c1f86d16f4ace66d1c8.png","/images/uploaded/summernote/202311/5d4fd82d80c47c1f86d16f4ace66d1c8.jpg","PNG→JPG","1","800x450","800x450","588","69"
"/uploaded/summernote/202311/5ddb83116b1aba8d1adfa8c25ef2b3d5.png","/images/uploaded/summernote/202311/5ddb83116b1aba8d1adfa8c25ef2b3d5.jpg","PNG→JPG","1","800x450","800x450","572","47"
"/uploaded/summernote/202311/5f4e997b56ab205ccb74ecbd735a1259.png","/images/uploaded/summernote/202311/5f4e997b56ab205ccb74ecbd735a1259.jpg","PNG→JPG","1","800x450","800x450","864","72"
"/uploaded/summernote/202311/5fb706cfc307c9dd228cbed964481fb6.png","/images/uploaded/summernote/202311/5fb706cfc307c9dd228cbed964481fb6.jpg","PNG→JPG","1","800x450","800x450","519","51"
"/uploaded/summernote/202311/60bb75cd6ace4dd4debce4bb657e60b3.png","/images/uploaded/summernote/202311/60bb75cd6ace4dd4debce4bb657e60b3.jpg","PNG→JPG","1","800x450","800x450","864","72"
"/uploaded/summernote/202311/64c61a42b8d18976b0b97f37ae05e0b6.png","/images/uploaded/summernote/202311/64c61a42b8d18976b0b97f37ae05e0b6.jpg","PNG→JPG","1","800x450","800x450","929","126"
"/uploaded/summernote/202311/66b874c59082b710cc47be7cea997fad.png","/images/uploaded/summernote/202311/66b874c59082b710cc47be7cea997fad.jpg","PNG→JPG","1","800x450","800x450","548","46"
"/uploaded/summernote/202311/6710df7e44e94d078d17768c64f4ec96.png","/images/uploaded/summernote/202311/6710df7e44e94d078d17768c64f4ec96.jpg","PNG→JPG","1","800x450","800x450","491","42"
"/uploaded/summernote/202311/6773c7e853a8fa5a6823d03969e93b4d.png","/images/uploaded/summernote/202311/6773c7e853a8fa5a6823d03969e93b4d.jpg","PNG→JPG","1","800x450","800x450","491","42"
"/uploaded/summernote/202311/69dfc4cf580a7b0061fc8a19f02fefcb.png","/images/uploaded/summernote/202311/69dfc4cf580a7b0061fc8a19f02fefcb.jpg","PNG→JPG","1","800x450","800x450","625","55"
"/uploaded/summernote/202311/6ef76a5a915820b037bd1f00cb0d3867.png","/images/uploaded/summernote/202311/6ef76a5a915820b037bd1f00cb0d3867.jpg","PNG→JPG","1","800x450","800x450","592","59"
"/uploaded/summernote/202311/6fde7aa52d71bf78b0b28b131ebf6a87.png","/images/uploaded/summernote/202311/6fde7aa52d71bf78b0b28b131ebf6a87.jpg","PNG→JPG","1","800x450","800x450","682","56"
"/uploaded/summernote/202311/719124d5ebd1e4371fc5630742503d54.png","/images/uploaded/summernote/202311/719124d5ebd1e4371fc5630742503d54.jpg","PNG→JPG","1","800x450","800x450","548","52"
"/uploaded/summernote/202311/74043d04ccf0c1e4017755df1fb75893.png","/images/uploaded/summernote/202311/74043d04ccf0c1e4017755df1fb75893.jpg","PNG→JPG","1","800x450","800x450","544","55"
"/uploaded/summernote/202311/78396783181c8a3b5891378053464605.png","/images/uploaded/summernote/202311/78396783181c8a3b5891378053464605.jpg","PNG→JPG","1","800x450","800x450","503","45"
"/uploaded/summernote/202311/78b8d2214e9841b06f551c93e1742c74.png","/images/uploaded/summernote/202311/78b8d2214e9841b06f551c93e1742c74.jpg","PNG→JPG","1","800x450","800x450","721","58"
"/uploaded/summernote/202311/7b8a60ad819f9fed25a3177c5d07b692.png","/images/uploaded/summernote/202311/7b8a60ad819f9fed25a3177c5d07b692.jpg","PNG→JPG","1","800x450","800x450","694","55"
"/uploaded/summernote/202311/7bdcff7882bdecf316912cca541fb6b0.png","/images/uploaded/summernote/202311/7bdcff7882bdecf316912cca541fb6b0.jpg","PNG→JPG","1","800x450","800x450","495","42"
"/uploaded/summernote/202311/7d9bc493bc3ac7d1cfd0b0f4e18a8f23.png","/images/uploaded/summernote/202311/7d9bc493bc3ac7d1cfd0b0f4e18a8f23.jpg","PNG→JPG","1","800x450","800x450","529","42"
"/uploaded/summernote/202311/7df656cc8a242b880e50fe7dba06c641.jpg","/images/uploaded/summernote/202311/7df656cc8a242b880e50fe7dba06c641.jpg","JPG 재압축","1","3352x2334","1400x975","1642","155"
"/uploaded/summernote/202311/7e887896430356e85d69e3f2cab5d14b.png","/images/uploaded/summernote/202311/7e887896430356e85d69e3f2cab5d14b.jpg","PNG→JPG","1","800x450","800x450","721","58"
"/uploaded/summernote/202311/7f2e31ee87600a7c985ea40ab0677329.png","/images/uploaded/summernote/202311/7f2e31ee87600a7c985ea40ab0677329.jpg","PNG→JPG","1","800x450","800x450","600","54"
"/uploaded/summernote/202311/7ff77bff99aef17a498e142ce8a215c0.png","/images/uploaded/summernote/202311/7ff77bff99aef17a498e142ce8a215c0.jpg","PNG→JPG","1","800x450","800x450","524","43"
"/uploaded/summernote/202311/8047dbfb4fe229712d834ea3a330c7af.png","/images/uploaded/summernote/202311/8047dbfb4fe229712d834ea3a330c7af.jpg","PNG→JPG","1","800x450","800x450","626","58"
"/uploaded/summernote/202311/80c8ea138528b2eca8abb076663c49dc.png","/images/uploaded/summernote/202311/80c8ea138528b2eca8abb076663c49dc.jpg","PNG→JPG","1","800x450","800x450","529","42"
"/uploaded/summernote/202311/81f0f38ba55c4f509db85fd72c6f975d.png","/images/uploaded/summernote/202311/81f0f38ba55c4f509db85fd72c6f975d.jpg","PNG→JPG","1","800x450","800x450","788","72"
"/uploaded/summernote/202311/842b2ff97e52d0656a0be958c96d9e84.png","/images/uploaded/summernote/202311/842b2ff97e52d0656a0be958c96d9e84.jpg","PNG→JPG","1","800x450","800x450","592","59"
"/uploaded/summernote/202311/8663376aa6d410fc50a2d78f47976304.png","/images/uploaded/summernote/202311/8663376aa6d410fc50a2d78f47976304.jpg","PNG→JPG","1","800x450","800x450","498","46"
"/uploaded/summernote/202311/86e6392cd02881f102a70b7a39fdb6cd.png","/images/uploaded/summernote/202311/86e6392cd02881f102a70b7a39fdb6cd.jpg","PNG→JPG","1","800x450","800x450","624","53"
"/uploaded/summernote/202311/871aa95218af7539ec821bc3ea454767.png","/images/uploaded/summernote/202311/871aa95218af7539ec821bc3ea454767.jpg","PNG→JPG","1","800x450","800x450","499","51"
"/uploaded/summernote/202311/87d6e499c9d849a9ff7da71a31e4c1e0.png","/images/uploaded/summernote/202311/87d6e499c9d849a9ff7da71a31e4c1e0.jpg","PNG→JPG","1","800x450","800x450","637","66"
"/uploaded/summernote/202311/87fc9ab576161e971592c5843688e350.png","/images/uploaded/summernote/202311/87fc9ab576161e971592c5843688e350.jpg","PNG→JPG","1","800x450","800x450","929","126"
"/uploaded/summernote/202311/88978279ff55bad57374d9dcd0c7dc21.png","/images/uploaded/summernote/202311/88978279ff55bad57374d9dcd0c7dc21.jpg","PNG→JPG","1","800x450","800x450","862","69"
"/uploaded/summernote/202311/88e4b811ed62afe8a604a9e5afe5ac06.png","/images/uploaded/summernote/202311/88e4b811ed62afe8a604a9e5afe5ac06.jpg","PNG→JPG","1","800x450","800x450","554","54"
"/uploaded/summernote/202311/89209edee4bbda8495ac0063af5a777d.png","/images/uploaded/summernote/202311/89209edee4bbda8495ac0063af5a777d.jpg","PNG→JPG","1","800x450","800x450","519","51"
"/uploaded/summernote/202311/8b18a141875af8a7b11410cf233f5cf3.png","/images/uploaded/summernote/202311/8b18a141875af8a7b11410cf233f5cf3.jpg","PNG→JPG","1","800x450","800x450","520","47"
"/uploaded/summernote/202311/8bea009fc9ec562c09ac3ed953b258f3.png","/images/uploaded/summernote/202311/8bea009fc9ec562c09ac3ed953b258f3.jpg","PNG→JPG","1","800x450","800x450","626","58"
"/uploaded/summernote/202311/8ca66dc1b1821049e2316b7c7837e851.png","/images/uploaded/summernote/202311/8ca66dc1b1821049e2316b7c7837e851.jpg","PNG→JPG","1","800x450","800x450","458","43"
"/uploaded/summernote/202311/8d16920b6a28787278693652f50f04cb.png","/images/uploaded/summernote/202311/8d16920b6a28787278693652f50f04cb.jpg","PNG→JPG","1","800x450","800x450","539","49"
"/uploaded/summernote/202311/8d515e85e80431ae84242a4cdd3a06c2.png","/images/uploaded/summernote/202311/8d515e85e80431ae84242a4cdd3a06c2.jpg","PNG→JPG","1","800x450","800x450","637","66"
"/uploaded/summernote/202311/8e82ebe56934fa6362382ab774c04d5d.png","/images/uploaded/summernote/202311/8e82ebe56934fa6362382ab774c04d5d.jpg","PNG→JPG","1","800x450","800x450","495","42"
"/uploaded/summernote/202311/8eb04a4fb8e60f3208d3723929dbe140.png","/images/uploaded/summernote/202311/8eb04a4fb8e60f3208d3723929dbe140.jpg","PNG→JPG","1","800x450","800x450","548","46"
"/uploaded/summernote/202311/90511450a66ce5725d771e2bb042497e.png","/images/uploaded/summernote/202311/90511450a66ce5725d771e2bb042497e.jpg","PNG→JPG","1","800x450","800x450","694","55"
"/uploaded/summernote/202311/90adfe4f8dc4f28adedda00272970cd4.png","/images/uploaded/summernote/202311/90adfe4f8dc4f28adedda00272970cd4.jpg","PNG→JPG","1","800x450","800x450","520","40"
"/uploaded/summernote/202311/912100e717d95bc675def7d18e410d14.png","/images/uploaded/summernote/202311/912100e717d95bc675def7d18e410d14.jpg","PNG→JPG","1","800x450","800x450","624","53"
"/uploaded/summernote/202311/916ace23d554abf94c44ee5cb5097fe9.png","/images/uploaded/summernote/202311/916ace23d554abf94c44ee5cb5097fe9.jpg","PNG→JPG","1","800x450","800x450","514","46"
"/uploaded/summernote/202311/921f413c08416cdd69ee5332167f2a69.png","/images/uploaded/summernote/202311/921f413c08416cdd69ee5332167f2a69.jpg","PNG→JPG","1","800x450","800x450","465","42"
"/uploaded/summernote/202311/93525118077569eb9145ac05de77f5b5.png","/images/uploaded/summernote/202311/93525118077569eb9145ac05de77f5b5.jpg","PNG→JPG","1","800x450","800x450","864","72"
"/uploaded/summernote/202311/953d6b0f3c5eae93c4808f28bbb0d63c.png","/images/uploaded/summernote/202311/953d6b0f3c5eae93c4808f28bbb0d63c.jpg","PNG→JPG","1","800x450","800x450","668","69"
"/uploaded/summernote/202311/963ce6d81661fe546fc44ed6e55b743e.png","/images/uploaded/summernote/202311/963ce6d81661fe546fc44ed6e55b743e.jpg","PNG→JPG","1","800x450","800x450","590","54"
"/uploaded/summernote/202311/99a356d7f2e9c12e05c9b12659ab80da.png","/images/uploaded/summernote/202311/99a356d7f2e9c12e05c9b12659ab80da.jpg","PNG→JPG","1","800x450","800x450","682","56"
"/uploaded/summernote/202311/9a730ce5219195834324870f63ada50c.png","/images/uploaded/summernote/202311/9a730ce5219195834324870f63ada50c.jpg","PNG→JPG","1","800x450","800x450","579","53"
"/uploaded/summernote/202311/9aa2302df5c5e760c764951d594eacd0.png","/images/uploaded/summernote/202311/9aa2302df5c5e760c764951d594eacd0.jpg","PNG→JPG","1","800x450","800x450","433","43"
"/uploaded/summernote/202311/9b9ced67bafd5f645f659ccbf052ac29.png","/images/uploaded/summernote/202311/9b9ced67bafd5f645f659ccbf052ac29.jpg","PNG→JPG","1","800x450","800x450","623","55"
"/uploaded/summernote/202311/9c5f65a0148a94add4042502d6336f0e.png","/images/uploaded/summernote/202311/9c5f65a0148a94add4042502d6336f0e.jpg","PNG→JPG","1","800x450","800x450","644","47"
"/uploaded/summernote/202311/9cf815ebcab9831edb73e3be9d6bdf97.png","/images/uploaded/summernote/202311/9cf815ebcab9831edb73e3be9d6bdf97.jpg","PNG→JPG","1","800x450","800x450","637","66"
"/uploaded/summernote/202311/9f8306a63ef35e9d0415538d235b6f10.png","/images/uploaded/summernote/202311/9f8306a63ef35e9d0415538d235b6f10.jpg","PNG→JPG","1","800x450","800x450","694","55"
"/uploaded/summernote/202311/9fb707ec521aa4957ae50c9f0ac5afac.png","/images/uploaded/summernote/202311/9fb707ec521aa4957ae50c9f0ac5afac.jpg","PNG→JPG","1","800x450","800x450","548","52"
"/uploaded/summernote/202311/9fff1325f427e5ce3ffc399a881321c5.png","/images/uploaded/summernote/202311/9fff1325f427e5ce3ffc399a881321c5.jpg","PNG→JPG","1","800x450","800x450","869","74"
"/uploaded/summernote/202311/a1f1b1782d60acb3aab923daa7d35aaf.png","/images/uploaded/summernote/202311/a1f1b1782d60acb3aab923daa7d35aaf.jpg","PNG→JPG","1","800x450","800x450","457","47"
"/uploaded/summernote/202311/a391fd35e568d3a130ce89a69443d767.png","/images/uploaded/summernote/202311/a391fd35e568d3a130ce89a69443d767.jpg","PNG→JPG","1","800x450","800x450","520","47"
"/uploaded/summernote/202311/a40308dc56cf7571c3f15093178d72f3.png","/images/uploaded/summernote/202311/a40308dc56cf7571c3f15093178d72f3.jpg","PNG→JPG","1","800x450","800x450","628","62"
"/uploaded/summernote/202311/a4b5d6f77db08b9186b70fd9412ba83e.png","/images/uploaded/summernote/202311/a4b5d6f77db08b9186b70fd9412ba83e.jpg","PNG→JPG","1","800x450","800x450","710","64"
"/uploaded/summernote/202311/a5195bdaa17a2a8cc3756c6b8a6f1f70.png","/images/uploaded/summernote/202311/a5195bdaa17a2a8cc3756c6b8a6f1f70.jpg","PNG→JPG","1","800x450","800x450","499","51"
"/uploaded/summernote/202311/a692ad4287b1057976a4bc9f5591c21b.png","/images/uploaded/summernote/202311/a692ad4287b1057976a4bc9f5591c21b.jpg","PNG→JPG","1","800x450","800x450","584","55"
"/uploaded/summernote/202311/a7593d13f363bb21a11e6fa5ff64d14f.png","/images/uploaded/summernote/202311/a7593d13f363bb21a11e6fa5ff64d14f.jpg","PNG→JPG","1","800x450","800x450","623","55"
"/uploaded/summernote/202311/a91afbf84d508fc55c2f4c9954565d57.png","/images/uploaded/summernote/202311/a91afbf84d508fc55c2f4c9954565d57.jpg","PNG→JPG","1","800x450","800x450","628","45"
"/uploaded/summernote/202311/a97a17177cf75843852b0887d59afc78.png","/images/uploaded/summernote/202311/a97a17177cf75843852b0887d59afc78.jpg","PNG→JPG","1","800x450","800x450","691","56"
"/uploaded/summernote/202311/aac391c0eb35e563a0759b9ae8398c36.png","/images/uploaded/summernote/202311/aac391c0eb35e563a0759b9ae8398c36.jpg","PNG→JPG","1","800x450","800x450","465","42"
"/uploaded/summernote/202311/aad87939bfa11b9405d9e6a7ceb58705.png","/images/uploaded/summernote/202311/aad87939bfa11b9405d9e6a7ceb58705.jpg","PNG→JPG","1","800x450","800x450","500","53"
"/uploaded/summernote/202311/abb62597a03600450e6b99708d15ce35.png","/images/uploaded/summernote/202311/abb62597a03600450e6b99708d15ce35.jpg","PNG→JPG","1","800x450","800x450","694","55"
"/uploaded/summernote/202311/acd181b5c91391d20dd47c24168d24b4.jpg","/images/uploaded/summernote/202311/acd181b5c91391d20dd47c24168d24b4.jpg","JPG 재압축","1","3295x2598","1400x1104","1319","156"
"/uploaded/summernote/202311/af4c7e0614050ee83490f7570d5343bc.png","/images/uploaded/summernote/202311/af4c7e0614050ee83490f7570d5343bc.jpg","PNG→JPG","1","800x450","800x450","495","42"
"/uploaded/summernote/202311/b173b99a6bb7832efbe1e3168beb353d.png","/images/uploaded/summernote/202311/b173b99a6bb7832efbe1e3168beb353d.jpg","PNG→JPG","1","800x450","800x450","524","43"
"/uploaded/summernote/202311/b2250756051d7626d59143b902a2ee03.png","/images/uploaded/summernote/202311/b2250756051d7626d59143b902a2ee03.jpg","PNG→JPG","1","800x450","800x450","457","52"
"/uploaded/summernote/202311/b2dc01ad3cbb41ca2f8dce1dd8354a5a.png","/images/uploaded/summernote/202311/b2dc01ad3cbb41ca2f8dce1dd8354a5a.jpg","PNG→JPG","1","800x450","800x450","929","126"
"/uploaded/summernote/202311/b331329614423d74f77e98bc1092326a.png","/images/uploaded/summernote/202311/b331329614423d74f77e98bc1092326a.jpg","PNG→JPG","1","800x450","800x450","624","53"
"/uploaded/summernote/202311/b36d679c875a54ad936674349941d1a4.png","/images/uploaded/summernote/202311/b36d679c875a54ad936674349941d1a4.jpg","PNG→JPG","1","800x450","800x450","668","69"
"/uploaded/summernote/202311/b40a6cd1a9608fb6843562caec9170db.png","/images/uploaded/summernote/202311/b40a6cd1a9608fb6843562caec9170db.jpg","PNG→JPG","1","800x450","800x450","457","52"
"/uploaded/summernote/202311/b71fa5e3513f3071cb5e37c10341e47a.png","/images/uploaded/summernote/202311/b71fa5e3513f3071cb5e37c10341e47a.jpg","PNG→JPG","1","800x450","800x450","579","53"
"/uploaded/summernote/202311/b893ac77bba682cab614677b5acb66c1.png","/images/uploaded/summernote/202311/b893ac77bba682cab614677b5acb66c1.jpg","PNG→JPG","1","800x450","800x450","596","55"
"/uploaded/summernote/202311/b9432e4256ff2c7eaf47a26d6d5cebe6.png","/images/uploaded/summernote/202311/b9432e4256ff2c7eaf47a26d6d5cebe6.jpg","PNG→JPG","1","800x450","800x450","596","55"
"/uploaded/summernote/202311/baef921c9be26a9584adf9f365b2501b.png","/images/uploaded/summernote/202311/baef921c9be26a9584adf9f365b2501b.jpg","PNG→JPG","1","800x450","800x450","558","44"
"/uploaded/summernote/202311/bce6f473f9c70a3d84675b36284bfc61.png","/images/uploaded/summernote/202311/bce6f473f9c70a3d84675b36284bfc61.jpg","PNG→JPG","1","800x450","800x450","632","54"
"/uploaded/summernote/202311/c069422e34af2e75afa14909c5d96fbd.png","/images/uploaded/summernote/202311/c069422e34af2e75afa14909c5d96fbd.jpg","PNG→JPG","1","800x450","800x450","457","47"
"/uploaded/summernote/202311/c113964db6cb60a6b79214d5d42286bb.png","/images/uploaded/summernote/202311/c113964db6cb60a6b79214d5d42286bb.jpg","PNG→JPG","1","800x450","800x450","628","45"
"/uploaded/summernote/202311/c1b5b649bbcbc3bfd662e453351c09ae.png","/images/uploaded/summernote/202311/c1b5b649bbcbc3bfd662e453351c09ae.jpg","PNG→JPG","1","800x450","800x450","572","47"
"/uploaded/summernote/202311/c23812be0e43aedef1e77ac4b17a447c.png","/images/uploaded/summernote/202311/c23812be0e43aedef1e77ac4b17a447c.jpg","PNG→JPG","1","800x450","800x450","761","61"
"/uploaded/summernote/202311/c2781c846a5a1809c199799041309b96.png","/images/uploaded/summernote/202311/c2781c846a5a1809c199799041309b96.jpg","PNG→JPG","1","800x450","800x450","558","44"
"/uploaded/summernote/202311/c412b986b42c137e7f18e014672de9d2.png","/images/uploaded/summernote/202311/c412b986b42c137e7f18e014672de9d2.jpg","PNG→JPG","1","800x450","800x450","457","47"
"/uploaded/summernote/202311/c458b5978b604b4c0eb98833fb24ea54.png","/images/uploaded/summernote/202311/c458b5978b604b4c0eb98833fb24ea54.jpg","PNG→JPG","1","800x450","800x450","862","69"
"/uploaded/summernote/202311/c63583314edf0e53dca149bf40f3bf8d.jpg","/images/uploaded/summernote/202311/c63583314edf0e53dca149bf40f3bf8d.jpg","JPG 재압축","1","3595x2466","1400x960","1292","151"
"/uploaded/summernote/202311/c65f19ec89c3b01de831d62adb0ae680.png","/images/uploaded/summernote/202311/c65f19ec89c3b01de831d62adb0ae680.jpg","PNG→JPG","1","800x450","800x450","721","58"
"/uploaded/summernote/202311/c6ef0da328acc55dad4428fdad9fbe39.png","/images/uploaded/summernote/202311/c6ef0da328acc55dad4428fdad9fbe39.jpg","PNG→JPG","1","800x450","800x450","465","42"
"/uploaded/summernote/202311/c6fb64c5212423580ec05d290eea512f.png","/images/uploaded/summernote/202311/c6fb64c5212423580ec05d290eea512f.jpg","PNG→JPG","1","800x450","800x450","625","55"
"/uploaded/summernote/202311/c72e25d3861c745a080c4c4cd6791eb3.png","/images/uploaded/summernote/202311/c72e25d3861c745a080c4c4cd6791eb3.jpg","PNG→JPG","1","800x450","800x450","588","69"
"/uploaded/summernote/202311/c784bb67fe36c8880f1ca579cc63c028.png","/images/uploaded/summernote/202311/c784bb67fe36c8880f1ca579cc63c028.jpg","PNG→JPG","1","800x450","800x450","499","51"
"/uploaded/summernote/202311/c815731c8bc3e5614b53f6314c2a7811.png","/images/uploaded/summernote/202311/c815731c8bc3e5614b53f6314c2a7811.jpg","PNG→JPG","1","800x450","800x450","491","42"
"/uploaded/summernote/202311/c8511d8d8d8f68486f64c67661c530c2.png","/images/uploaded/summernote/202311/c8511d8d8d8f68486f64c67661c530c2.jpg","PNG→JPG","1","800x450","800x450","625","55"
"/uploaded/summernote/202311/ca262c28e93d3d390e68ad16af91fd03.png","/images/uploaded/summernote/202311/ca262c28e93d3d390e68ad16af91fd03.jpg","PNG→JPG","1","800x450","800x450","503","45"
"/uploaded/summernote/202311/ccd2727df413914e3fab73f963a8547b.png","/images/uploaded/summernote/202311/ccd2727df413914e3fab73f963a8547b.jpg","PNG→JPG","1","800x450","800x450","554","54"
"/uploaded/summernote/202311/cd33401021ad872ee63727ff2804caa3.png","/images/uploaded/summernote/202311/cd33401021ad872ee63727ff2804caa3.jpg","PNG→JPG","1","800x450","800x450","929","126"
"/uploaded/summernote/202311/ce40259b6d03e85b7e8d97b53a017df1.png","/images/uploaded/summernote/202311/ce40259b6d03e85b7e8d97b53a017df1.jpg","PNG→JPG","1","800x450","800x450","658","54"
"/uploaded/summernote/202311/ce7bf4de9490540c91cf719a8ad115d6.png","/images/uploaded/summernote/202311/ce7bf4de9490540c91cf719a8ad115d6.jpg","PNG→JPG","1","800x450","800x450","494","42"
"/uploaded/summernote/202311/cefc0d294d8565d3d9354175481aad14.png","/images/uploaded/summernote/202311/cefc0d294d8565d3d9354175481aad14.jpg","PNG→JPG","1","800x450","800x450","597","59"
"/uploaded/summernote/202311/d2f08d8ca5ba1f9277ae5dcfe6584fcb.png","/images/uploaded/summernote/202311/d2f08d8ca5ba1f9277ae5dcfe6584fcb.jpg","PNG→JPG","1","800x450","800x450","499","48"
"/uploaded/summernote/202311/d3dfeb0b46683045bc023bb4352d8b86.png","/images/uploaded/summernote/202311/d3dfeb0b46683045bc023bb4352d8b86.jpg","PNG→JPG","1","800x450","800x450","548","46"
"/uploaded/summernote/202311/d431b08d47683e94f3859421363af0c5.png","/images/uploaded/summernote/202311/d431b08d47683e94f3859421363af0c5.jpg","PNG→JPG","1","800x450","800x450","514","46"
"/uploaded/summernote/202311/d4e0007db1df0928796bc3446ebba92f.png","/images/uploaded/summernote/202311/d4e0007db1df0928796bc3446ebba92f.jpg","PNG→JPG","1","800x450","800x450","499","51"
"/uploaded/summernote/202311/d572a114e265f4ffc2e069cdd1363cb6.png","/images/uploaded/summernote/202311/d572a114e265f4ffc2e069cdd1363cb6.jpg","PNG→JPG","1","800x450","800x450","495","42"
"/uploaded/summernote/202311/d6f6b5e5ff226a4217f05b2855d162dc.png","/images/uploaded/summernote/202311/d6f6b5e5ff226a4217f05b2855d162dc.jpg","PNG→JPG","1","800x450","800x450","641","47"
"/uploaded/summernote/202311/d904c43cc976d6d4a3dbbc6fbfa671ab.png","/images/uploaded/summernote/202311/d904c43cc976d6d4a3dbbc6fbfa671ab.jpg","PNG→JPG","1","800x450","800x450","520","47"
"/uploaded/summernote/202311/d975eabc4473dd1bbb1f7d165d6c45db.png","/images/uploaded/summernote/202311/d975eabc4473dd1bbb1f7d165d6c45db.jpg","PNG→JPG","1","800x450","800x450","610","43"
"/uploaded/summernote/202311/da71268c1a9efb44d5b484b46b4dbbb2.png","/images/uploaded/summernote/202311/da71268c1a9efb44d5b484b46b4dbbb2.jpg","PNG→JPG","1","800x450","800x450","558","44"
"/uploaded/summernote/202311/db04e3acf24e8d6922590e9283aaf439.png","/images/uploaded/summernote/202311/db04e3acf24e8d6922590e9283aaf439.jpg","PNG→JPG","1","800x450","800x450","632","54"
"/uploaded/summernote/202311/dc2081f3a62816c0dc7dc672298c7527.png","/images/uploaded/summernote/202311/dc2081f3a62816c0dc7dc672298c7527.jpg","PNG→JPG","1","800x450","800x450","761","61"
"/uploaded/summernote/202311/dc82d489b3061eeeb7d77c19fa6cc14b.png","/images/uploaded/summernote/202311/dc82d489b3061eeeb7d77c19fa6cc14b.jpg","PNG→JPG","1","800x450","800x450","606","53"
"/uploaded/summernote/202311/dca65a418e222c6f19b63b8bd7fe0db9.png","/images/uploaded/summernote/202311/dca65a418e222c6f19b63b8bd7fe0db9.jpg","PNG→JPG","1","800x450","800x450","609","44"
"/uploaded/summernote/202311/dcaf47f99f251f6f0d369340e9e7a88f.png","/images/uploaded/summernote/202311/dcaf47f99f251f6f0d369340e9e7a88f.jpg","PNG→JPG","1","800x450","800x450","514","46"
"/uploaded/summernote/202311/de2032d42b8c7fb6cf10eb06d5b51c35.png","/images/uploaded/summernote/202311/de2032d42b8c7fb6cf10eb06d5b51c35.jpg","PNG→JPG","1","800x450","800x450","624","53"
"/uploaded/summernote/202311/e1173a29230796cf9bea0a1e69b17ed4.png","/images/uploaded/summernote/202311/e1173a29230796cf9bea0a1e69b17ed4.jpg","PNG→JPG","1","800x450","800x450","610","43"
"/uploaded/summernote/202311/e31289fd528754dedb570f2f9c5ccfc6.png","/images/uploaded/summernote/202311/e31289fd528754dedb570f2f9c5ccfc6.jpg","PNG→JPG","1","800x450","800x450","500","53"
"/uploaded/summernote/202311/e34b55e41c955508e7f59b7713c75bb8.png","/images/uploaded/summernote/202311/e34b55e41c955508e7f59b7713c75bb8.jpg","PNG→JPG","1","800x450","800x450","544","55"
"/uploaded/summernote/202311/e510a8eda4ff2b87465391928c5be534.png","/images/uploaded/summernote/202311/e510a8eda4ff2b87465391928c5be534.jpg","PNG→JPG","1","800x450","800x450","641","47"
"/uploaded/summernote/202311/e55b5de783ddcc9c0606f4b38056c70c.png","/images/uploaded/summernote/202311/e55b5de783ddcc9c0606f4b38056c70c.jpg","PNG→JPG","1","800x450","800x450","554","49"
"/uploaded/summernote/202311/e6513a0517faba34c3da4dfc1401f5fb.png","/images/uploaded/summernote/202311/e6513a0517faba34c3da4dfc1401f5fb.jpg","PNG→JPG","1","800x450","800x450","600","54"
"/uploaded/summernote/202311/e703c452d7b94442dfcfaad339943c77.png","/images/uploaded/summernote/202311/e703c452d7b94442dfcfaad339943c77.jpg","PNG→JPG","1","800x450","800x450","465","42"
"/uploaded/summernote/202311/ea1cf880a73fcea7053cce2f438ae07f.png","/images/uploaded/summernote/202311/ea1cf880a73fcea7053cce2f438ae07f.jpg","PNG→JPG","1","800x450","800x450","500","53"
"/uploaded/summernote/202311/ebe520c3dbeedf53fec4d3990eab84f7.jpg","/images/uploaded/summernote/202311/ebe520c3dbeedf53fec4d3990eab84f7.jpg","JPG 재압축","1","3295x2598","1400x1104","1319","156"
"/uploaded/summernote/202311/ee59c23f02ef431c5ab77cf4c3572029.jpg","/images/uploaded/summernote/202311/ee59c23f02ef431c5ab77cf4c3572029.jpg","JPG 재압축","1","3352x2334","1400x975","1642","155"
"/uploaded/summernote/202311/ef01d979cd4557a3484ce32b22a27d45.png","/images/uploaded/summernote/202311/ef01d979cd4557a3484ce32b22a27d45.jpg","PNG→JPG","1","800x450","800x450","499","48"
"/uploaded/summernote/202311/ef45f630b69125ccb3bba48cdf8737ea.png","/images/uploaded/summernote/202311/ef45f630b69125ccb3bba48cdf8737ea.jpg","PNG→JPG","1","800x450","800x450","544","55"
"/uploaded/summernote/202311/efce9afdfc248d96cfc7431bae170fa2.png","/images/uploaded/summernote/202311/efce9afdfc248d96cfc7431bae170fa2.jpg","PNG→JPG","1","800x450","800x450","668","69"
"/uploaded/summernote/202311/f22b243624c1cd16292f00e66f464d49.png","/images/uploaded/summernote/202311/f22b243624c1cd16292f00e66f464d49.jpg","PNG→JPG","1","800x450","800x450","498","46"
"/uploaded/summernote/202311/f28db2056ef725a002cf3eef3c1ea855.png","/images/uploaded/summernote/202311/f28db2056ef725a002cf3eef3c1ea855.jpg","PNG→JPG","1","800x450","800x450","458","43"
"/uploaded/summernote/202311/f35905a3c4235d4a12c37182d8ad4f3c.png","/images/uploaded/summernote/202311/f35905a3c4235d4a12c37182d8ad4f3c.jpg","PNG→JPG","1","800x450","800x450","623","55"
"/uploaded/summernote/202311/f3f4fed1cd34429a056686cf07be14f6.png","/images/uploaded/summernote/202311/f3f4fed1cd34429a056686cf07be14f6.jpg","PNG→JPG","1","800x450","800x450","597","59"
"/uploaded/summernote/202311/f43a794fceeea7afa2a0d49f82122dfd.png","/images/uploaded/summernote/202311/f43a794fceeea7afa2a0d49f82122dfd.jpg","PNG→JPG","1","800x450","800x450","788","72"
"/uploaded/summernote/202311/f51f1380e9bc3dabcde69ee96f75e25e.png","/images/uploaded/summernote/202311/f51f1380e9bc3dabcde69ee96f75e25e.jpg","PNG→JPG","1","800x450","800x450","598","53"
"/uploaded/summernote/202311/f60fecda819123a9ad8391ed1a8206f1.png","/images/uploaded/summernote/202311/f60fecda819123a9ad8391ed1a8206f1.jpg","PNG→JPG","1","800x450","800x450","519","51"
"/uploaded/summernote/202311/f692288a7e7f9cfd2bc911edab58943c.png","/images/uploaded/summernote/202311/f692288a7e7f9cfd2bc911edab58943c.jpg","PNG→JPG","1","800x450","800x450","554","54"
"/uploaded/summernote/202311/f83cf4ba318386d69be8550aca5621eb.png","/images/uploaded/summernote/202311/f83cf4ba318386d69be8550aca5621eb.jpg","PNG→JPG","1","800x450","800x450","590","54"
"/uploaded/summernote/202311/f8b5a391975c204d59ad202843fb8c7f.png","/images/uploaded/summernote/202311/f8b5a391975c204d59ad202843fb8c7f.jpg","PNG→JPG","1","800x450","800x450","597","59"
"/uploaded/summernote/202311/f8f1ee25cceda83b50578c203422bba3.png","/images/uploaded/summernote/202311/f8f1ee25cceda83b50578c203422bba3.jpg","PNG→JPG","1","800x450","800x450","457","47"
"/uploaded/summernote/202311/f8faa15060925bfc6e052b19dfe387ce.png","/images/uploaded/summernote/202311/f8faa15060925bfc6e052b19dfe387ce.jpg","PNG→JPG","1","800x450","800x450","623","55"
"/uploaded/summernote/202311/faadd0792937f5ad769347aa74ad80fe.png","/images/uploaded/summernote/202311/faadd0792937f5ad769347aa74ad80fe.jpg","PNG→JPG","1","800x450","800x450","637","66"
"/uploaded/summernote/202311/fc988e41863d781e3b66797c7b82ad87.png","/images/uploaded/summernote/202311/fc988e41863d781e3b66797c7b82ad87.jpg","PNG→JPG","1","800x450","800x450","498","46"
"/uploaded/summernote/202311/fd0f8e8070441c6cbe85b31d9c6a04bb.png","/images/uploaded/summernote/202311/fd0f8e8070441c6cbe85b31d9c6a04bb.jpg","PNG→JPG","1","800x450","800x450","588","69"
"/uploaded/summernote/202311/fdfd5889e422e6d53a25f593c0269dd1.png","/images/uploaded/summernote/202311/fdfd5889e422e6d53a25f593c0269dd1.jpg","PNG→JPG","1","800x450","800x450","584","55"
"/uploaded/summernote/202312/7a535a1dd93dce6c1555f927ca51514c.png","/images/uploaded/summernote/202312/7a535a1dd93dce6c1555f927ca51514c.jpg","PNG→JPG","1","1361x1928","988x1400","1533","243"
"/uploaded/summernote/202312/c4f0b850175d534037b733559cdcf0dd.png","/images/uploaded/summernote/202312/c4f0b850175d534037b733559cdcf0dd.jpg","PNG→JPG","1","1361x1928","988x1400","1379","230"
"/uploaded/summernote/202401/04e61f9b7209c57045f4b64d19fd28a5.jpg","/images/uploaded/summernote/202401/04e61f9b7209c57045f4b64d19fd28a5.jpg","JPG 재압축","1","1200x900","1200x900","261","215"
"/uploaded/summernote/202401/0d975ccb1d9b373918008df52a006ec7.jpg","/images/uploaded/summernote/202401/0d975ccb1d9b373918008df52a006ec7.jpg","JPG 재압축","1","1200x900","1200x900","240","198"
"/uploaded/summernote/202401/154d0966790c04e1e33342932525a405.jpg","/images/uploaded/summernote/202401/154d0966790c04e1e33342932525a405.jpg","JPG 재압축","1","1200x900","1200x900","261","215"
"/uploaded/summernote/202401/20c7ac7daf40788dae76cfa51127d7f6.jpg","/images/uploaded/summernote/202401/20c7ac7daf40788dae76cfa51127d7f6.jpg","JPG 재압축","1","1200x900","1200x900","278","226"
"/uploaded/summernote/202401/28263bdff350c54bde05a3a3da7d4873.jpg","/images/uploaded/summernote/202401/28263bdff350c54bde05a3a3da7d4873.jpg","JPG 재압축","1","1200x900","1200x900","278","226"
"/uploaded/summernote/202401/2844ea797cd785a9009d295a60c80ebf.jpg","/images/uploaded/summernote/202401/2844ea797cd785a9009d295a60c80ebf.jpg","JPG 재압축","1","1200x900","1200x900","240","198"
"/uploaded/summernote/202401/2a6a62be78504eaeb5a761f16aae8357.jpg","/images/uploaded/summernote/202401/2a6a62be78504eaeb5a761f16aae8357.jpg","JPG 재압축","1","1200x900","1200x900","240","198"
"/uploaded/summernote/202401/2a7326362ff58f895a44ff4ac3f31d58.jpg","/images/uploaded/summernote/202401/2a7326362ff58f895a44ff4ac3f31d58.jpg","JPG 재압축","1","1200x900","1200x900","247","205"
"/uploaded/summernote/202401/2bd1499b9c061526d5c814dad1e5d6c0.jpg","/images/uploaded/summernote/202401/2bd1499b9c061526d5c814dad1e5d6c0.jpg","JPG 재압축","1","1200x900","1200x900","274","224"
"/uploaded/summernote/202401/34178838c0a16052e68fe157c842f743.jpg","/images/uploaded/summernote/202401/34178838c0a16052e68fe157c842f743.jpg","JPG 재압축","1","1200x900","1200x900","252","209"
"/uploaded/summernote/202401/3650438f5310178947a6a2a66e33cfbc.jpg","/images/uploaded/summernote/202401/3650438f5310178947a6a2a66e33cfbc.jpg","JPG 재압축","1","1200x900","1200x900","227","187"
"/uploaded/summernote/202401/494832e970d90c6d34bb77725b4afe20.jpg","/images/uploaded/summernote/202401/494832e970d90c6d34bb77725b4afe20.jpg","JPG 재압축","1","1200x900","1200x900","227","187"
"/uploaded/summernote/202401/4e8463a67f85f6905d71def4da97f0f1.jpg","/images/uploaded/summernote/202401/4e8463a67f85f6905d71def4da97f0f1.jpg","JPG 재압축","1","1200x900","1200x900","295","245"
"/uploaded/summernote/202401/5f45889ae1c8e3f054242380384d0fc5.jpg","/images/uploaded/summernote/202401/5f45889ae1c8e3f054242380384d0fc5.jpg","JPG 재압축","1","1200x900","1200x900","252","209"
"/uploaded/summernote/202401/5faef292040bed89727bcfae147a375f.jpg","/images/uploaded/summernote/202401/5faef292040bed89727bcfae147a375f.jpg","JPG 재압축","1","1200x900","1200x900","252","209"
"/uploaded/summernote/202401/65a3feaf7797179fbfb2311a37d6e387.jpg","/images/uploaded/summernote/202401/65a3feaf7797179fbfb2311a37d6e387.jpg","JPG 재압축","1","1200x900","1200x900","227","187"
"/uploaded/summernote/202401/6e220ef71d4d3d5c3e3e584da2736238.jpg","/images/uploaded/summernote/202401/6e220ef71d4d3d5c3e3e584da2736238.jpg","JPG 재압축","1","1200x900","1200x900","247","205"
"/uploaded/summernote/202401/6fc2c373b239a3648b09518f3701c77a.jpg","/images/uploaded/summernote/202401/6fc2c373b239a3648b09518f3701c77a.jpg","JPG 재압축","1","1200x900","1200x900","278","226"
"/uploaded/summernote/202401/740c22e52823de2a85028557d67b4cbb.jpg","/images/uploaded/summernote/202401/740c22e52823de2a85028557d67b4cbb.jpg","JPG 재압축","1","1200x900","1200x900","261","215"
"/uploaded/summernote/202401/779ddf336bbdc3992b8d89f18e3b04f3.jpg","/images/uploaded/summernote/202401/779ddf336bbdc3992b8d89f18e3b04f3.jpg","JPG 재압축","1","1200x900","1200x900","295","245"
"/uploaded/summernote/202401/829972bea45a9fc9192f97b5b68c1013.jpg","/images/uploaded/summernote/202401/829972bea45a9fc9192f97b5b68c1013.jpg","JPG 재압축","1","1200x900","1200x900","247","205"
"/uploaded/summernote/202401/83fb32f563d354b2b44095728bf6593b.jpg","/images/uploaded/summernote/202401/83fb32f563d354b2b44095728bf6593b.jpg","JPG 재압축","1","1200x900","1200x900","261","215"
"/uploaded/summernote/202401/895bbd7e1584459716529a37f39f6daf.jpg","/images/uploaded/summernote/202401/895bbd7e1584459716529a37f39f6daf.jpg","JPG 재압축","1","1200x900","1200x900","247","205"
"/uploaded/summernote/202401/8a89c500c5784a4c0c110ebd6d695d54.jpg","/images/uploaded/summernote/202401/8a89c500c5784a4c0c110ebd6d695d54.jpg","JPG 재압축","1","1200x900","1200x900","240","197"
"/uploaded/summernote/202401/a2c77e2b61ab73fb1bbe42202e523f8e.jpg","/images/uploaded/summernote/202401/a2c77e2b61ab73fb1bbe42202e523f8e.jpg","JPG 재압축","1","1200x900","1200x900","274","224"
"/uploaded/summernote/202401/adc7026d587e182edabd1085c7916908.jpg","/images/uploaded/summernote/202401/adc7026d587e182edabd1085c7916908.jpg","JPG 재압축","1","1200x900","1200x900","278","226"
"/uploaded/summernote/202401/b22a11e795dad3a94023325b1ecc3dc2.jpg","/images/uploaded/summernote/202401/b22a11e795dad3a94023325b1ecc3dc2.jpg","JPG 재압축","1","1200x900","1200x900","295","245"
"/uploaded/summernote/202401/c60e6e7ab01b9838582e6ed7e6635e02.jpg","/images/uploaded/summernote/202401/c60e6e7ab01b9838582e6ed7e6635e02.jpg","JPG 재압축","1","1200x900","1200x900","252","209"
"/uploaded/summernote/202401/ccbafac7f73f72ce24d853ea15e770b1.jpg","/images/uploaded/summernote/202401/ccbafac7f73f72ce24d853ea15e770b1.jpg","JPG 재압축","1","1200x900","1200x900","274","224"
"/uploaded/summernote/202401/cdebb4bc0ef70212a25f7a96a6cb82f4.jpg","/images/uploaded/summernote/202401/cdebb4bc0ef70212a25f7a96a6cb82f4.jpg","JPG 재압축","1","1200x900","1200x900","227","187"
"/uploaded/summernote/202401/d4680d905d29392e2cbbb9dfdc51f969.jpg","/images/uploaded/summernote/202401/d4680d905d29392e2cbbb9dfdc51f969.jpg","JPG 재압축","1","1200x900","1200x900","295","245"
"/uploaded/summernote/202401/e0d36d3dc8cb296b3e9c8fcca71f5d09.jpg","/images/uploaded/summernote/202401/e0d36d3dc8cb296b3e9c8fcca71f5d09.jpg","JPG 재압축","1","1200x900","1200x900","240","198"
"/uploaded/summernote/202401/e6bbdcb097f6e043b356ba0ea8155291.jpg","/images/uploaded/summernote/202401/e6bbdcb097f6e043b356ba0ea8155291.jpg","JPG 재압축","1","1200x900","1200x900","240","197"
"/uploaded/summernote/202401/e827e83c2ba99d6373cda5a4e90f3ae7.jpg","/images/uploaded/summernote/202401/e827e83c2ba99d6373cda5a4e90f3ae7.jpg","JPG 재압축","1","1200x900","1200x900","240","197"
"/uploaded/summernote/202401/ea9bc04156cadb033d0fd8bfdb6c1cbb.jpg","/images/uploaded/summernote/202401/ea9bc04156cadb033d0fd8bfdb6c1cbb.jpg","JPG 재압축","1","1200x900","1200x900","240","197"
"/uploaded/summernote/202401/f6126f5a05716e2a823a1bd5121bd719.jpg","/images/uploaded/summernote/202401/f6126f5a05716e2a823a1bd5121bd719.jpg","JPG 재압축","1","1200x900","1200x900","274","224"
"/uploaded/summernote/202403/272d9d4bfe60b020fe938e23ba493cd6.jpg","/images/uploaded/summernote/202403/272d9d4bfe60b020fe938e23ba493cd6.jpg","JPG 재압축","1","607x395","607x395","29","29"
"/uploaded/summernote/202403/2f77d5cc654e0e3622969626824258d1.png","/images/uploaded/summernote/202403/2f77d5cc654e0e3622969626824258d1.jpg","PNG→JPG","1","360x520","360x520","253","43"
"/uploaded/summernote/202403/85588d454df513d3650d7d16421cb678.jpg","/images/uploaded/summernote/202403/85588d454df513d3650d7d16421cb678.jpg","JPG 재압축","1","360x520","360x520","42","43"
"/uploaded/summernote/202403/b42e405b29e264fc36271bb56daffd32.jpg","/images/uploaded/summernote/202403/b42e405b29e264fc36271bb56daffd32.jpg","JPG 재압축","1","360x520","360x520","47","48"
"/uploaded/summernote/202403/e29b7c9041b1bdbcaf8c916557a6c624.jpg","/images/uploaded/summernote/202403/e29b7c9041b1bdbcaf8c916557a6c624.jpg","JPG 재압축","1","360x520","360x520","47","48"
"/uploaded/summernote/202403/f29172f3bc65c4a270c4da8949b84906.jpg","/images/uploaded/summernote/202403/f29172f3bc65c4a270c4da8949b84906.jpg","JPG 재압축","1","607x395","607x395","29","29"
"/uploaded/summernote/202403/f5bcc1c6ca8490299b5b53e8b69afb85.jpg","/images/uploaded/summernote/202403/f5bcc1c6ca8490299b5b53e8b69afb85.jpg","JPG 재압축","1","607x395","607x395","29","29"
"/uploaded/summernote/202404/0a2eb82f42884251c5fe6967295b7234.jpg","/images/uploaded/summernote/202404/0a2eb82f42884251c5fe6967295b7234.jpg","JPG 재압축","1","720x625","720x625","115","92"
"/uploaded/summernote/202404/63f63c45da494cd3b736f8e53b1e87c1.jpg","/images/uploaded/summernote/202404/63f63c45da494cd3b736f8e53b1e87c1.jpg","JPG 재압축","1","720x603","720x603","114","91"
"/uploaded/summernote/202404/b7b9c1f639246a39f4287af4714513e0.jpg","/images/uploaded/summernote/202404/b7b9c1f639246a39f4287af4714513e0.jpg","JPG 재압축","1","720x589","720x589","97","77"
"/uploaded/summernote/202404/d3eea5fb9350da1e757dc1ee3d150abb.jpg","/images/uploaded/summernote/202404/d3eea5fb9350da1e757dc1ee3d150abb.jpg","JPG 재압축","1","720x589","720x589","97","77"
"/uploaded/summernote/202405/0982472dc8d789e15cb894b9b1ab7bbe.png","/images/uploaded/summernote/202405/0982472dc8d789e15cb894b9b1ab7bbe.jpg","PNG→JPG","1","745x745","745x745","199","77"
"/uploaded/summernote/202405/1520712ffecaac2fcc743154e37144f7.png","/images/uploaded/summernote/202405/1520712ffecaac2fcc743154e37144f7.jpg","PNG→JPG","1","3x18","3x18","0","1"
"/uploaded/summernote/202405/196ae6dfb6c9be834fac737b78167b40.png","/images/uploaded/summernote/202405/196ae6dfb6c9be834fac737b78167b40.jpg","PNG→JPG","1","745x745","745x745","736","113"
"/uploaded/summernote/202405/1b733e5e30eae93daf4ade3227710ef6.png","/images/uploaded/summernote/202405/1b733e5e30eae93daf4ade3227710ef6.jpg","PNG→JPG","1","745x745","745x745","367","46"
"/uploaded/summernote/202405/1bc368e0b9d1fde6588a8de2a9369a77.png","/images/uploaded/summernote/202405/1bc368e0b9d1fde6588a8de2a9369a77.jpg","PNG→JPG","1","745x745","745x745","373","48"
"/uploaded/summernote/202405/1cb128cbb80772b777974a25b9ff7582.jpg","/images/uploaded/summernote/202405/1cb128cbb80772b777974a25b9ff7582.jpg","JPG 재압축","1","1086x610","1086x610","160","130"
"/uploaded/summernote/202405/216c04c1952477f50b39862ce7580bfe.png","/images/uploaded/summernote/202405/216c04c1952477f50b39862ce7580bfe.jpg","PNG→JPG","1","3x18","3x18","0","1"
"/uploaded/summernote/202405/21cedc94b6e1eb0745e4d398e470b213.jpg","/images/uploaded/summernote/202405/21cedc94b6e1eb0745e4d398e470b213.jpg","JPG 재압축","1","1086x610","1086x610","120","97"
"/uploaded/summernote/202405/293efcb3765aefb7ca99e3077e0b4dfd.png","/images/uploaded/summernote/202405/293efcb3765aefb7ca99e3077e0b4dfd.jpg","PNG→JPG","1","745x745","745x745","394","57"
"/uploaded/summernote/202405/2f1c82a9b11d4284972ce14f67bcc1fc.png","/images/uploaded/summernote/202405/2f1c82a9b11d4284972ce14f67bcc1fc.jpg","PNG→JPG","1","874x833","874x833","733","116"
"/uploaded/summernote/202405/3b4a87e6f9abef074f7cc5260106708d.png","/images/uploaded/summernote/202405/3b4a87e6f9abef074f7cc5260106708d.jpg","PNG→JPG","1","745x745","745x745","710","100"
"/uploaded/summernote/202405/48d62eecc1f085dcebf7306b69761f5b.png","/images/uploaded/summernote/202405/48d62eecc1f085dcebf7306b69761f5b.jpg","PNG→JPG","1","745x745","745x745","263","58"
"/uploaded/summernote/202405/51f428d311af5d307c16323b2e53fc22.png","/images/uploaded/summernote/202405/51f428d311af5d307c16323b2e53fc22.jpg","PNG→JPG","1","983x802","983x802","118","196"
"/uploaded/summernote/202405/526d922ad8a7592e49d404d58c867767.png","/images/uploaded/summernote/202405/526d922ad8a7592e49d404d58c867767.jpg","PNG→JPG","1","881x740","881x740","662","102"
"/uploaded/summernote/202405/55ebeb424ce08ffe5d75348d1f28fbc4.png","/images/uploaded/summernote/202405/55ebeb424ce08ffe5d75348d1f28fbc4.jpg","PNG→JPG","1","798x597","798x597","286","127"
"/uploaded/summernote/202405/5d11b181f90a6030cddcaa65dd1142c8.jpg","/images/uploaded/summernote/202405/5d11b181f90a6030cddcaa65dd1142c8.jpg","JPG 재압축","1","1086x610","1086x610","120","97"
"/uploaded/summernote/202405/68f8f6c3f7987583c263b7aa01e8e858.png","/images/uploaded/summernote/202405/68f8f6c3f7987583c263b7aa01e8e858.jpg","PNG→JPG","1","745x745","745x745","228","94"
"/uploaded/summernote/202405/69b0ff7e0f9ad483d2d5cdac5bcbbbad.png","/images/uploaded/summernote/202405/69b0ff7e0f9ad483d2d5cdac5bcbbbad.jpg","PNG→JPG","1","745x745","745x745","179","90"
"/uploaded/summernote/202405/6c699557fb445564cf647893b0452715.png","/images/uploaded/summernote/202405/6c699557fb445564cf647893b0452715.jpg","PNG→JPG","1","745x745","745x745","282","63"
"/uploaded/summernote/202405/71befdbd7da7aba89fe2853c82dcb2ce.png","/images/uploaded/summernote/202405/71befdbd7da7aba89fe2853c82dcb2ce.jpg","PNG→JPG","1","745x745","745x745","213","81"
"/uploaded/summernote/202405/822276702f8a84dd17188eb8b25dd33c.png","/images/uploaded/summernote/202405/822276702f8a84dd17188eb8b25dd33c.jpg","PNG→JPG","1","745x745","745x745","282","63"
"/uploaded/summernote/202405/84ab860c4bed2038e09d41f3aa3ef265.png","/images/uploaded/summernote/202405/84ab860c4bed2038e09d41f3aa3ef265.jpg","PNG→JPG","1","745x745","745x745","721","106"
"/uploaded/summernote/202405/84e51e483e6385903e0f0f2936bd91a8.jpg","/images/uploaded/summernote/202405/84e51e483e6385903e0f0f2936bd91a8.jpg","JPG 재압축","1","1086x610","1086x610","160","130"
"/uploaded/summernote/202405/859c2e34a08379166b70da4146127ebc.png","/images/uploaded/summernote/202405/859c2e34a08379166b70da4146127ebc.jpg","PNG→JPG","1","874x833","874x833","733","116"
"/uploaded/summernote/202405/8c60c3831d5027952450e89004ec1c3c.png","/images/uploaded/summernote/202405/8c60c3831d5027952450e89004ec1c3c.jpg","PNG→JPG","1","260x75","260x75","9","5"
"/uploaded/summernote/202405/8e79be4c1e2c759ee2bded864695781c.png","/images/uploaded/summernote/202405/8e79be4c1e2c759ee2bded864695781c.jpg","PNG→JPG","1","745x745","745x745","199","75"
"/uploaded/summernote/202405/9671d8e83b87bbf25587418239be1942.png","/images/uploaded/summernote/202405/9671d8e83b87bbf25587418239be1942.jpg","PNG→JPG","1","400x27","400x27","7","4"
"/uploaded/summernote/202405/9ad6a2055b8990190776c78e71e707bf.png","/images/uploaded/summernote/202405/9ad6a2055b8990190776c78e71e707bf.jpg","PNG→JPG","1","745x745","745x745","394","57"
"/uploaded/summernote/202405/9d04b11489575f3c5484dbed6e53248b.png","/images/uploaded/summernote/202405/9d04b11489575f3c5484dbed6e53248b.jpg","PNG→JPG","1","745x745","745x745","228","94"
"/uploaded/summernote/202405/a030d9b6222d335a193a3cd11be22799.png","/images/uploaded/summernote/202405/a030d9b6222d335a193a3cd11be22799.jpg","PNG→JPG","1","400x27","400x27","7","4"
"/uploaded/summernote/202405/ab2167a5dab222f71fad0a9f4f1ad47a.png","/images/uploaded/summernote/202405/ab2167a5dab222f71fad0a9f4f1ad47a.jpg","PNG→JPG","1","745x745","745x745","199","77"
"/uploaded/summernote/202405/ad09119fffea3609b5c789880bedca1e.png","/images/uploaded/summernote/202405/ad09119fffea3609b5c789880bedca1e.jpg","PNG→JPG","1","382x50","382x50","16","6"
"/uploaded/summernote/202405/b668b2ff58949c196d70eb4298773d37.png","/images/uploaded/summernote/202405/b668b2ff58949c196d70eb4298773d37.jpg","PNG→JPG","1","797x493","797x493","73","122"
"/uploaded/summernote/202405/b6b4174511f36f857e6f4d0c6caefbf6.png","/images/uploaded/summernote/202405/b6b4174511f36f857e6f4d0c6caefbf6.jpg","PNG→JPG","1","745x745","745x745","254","55"
"/uploaded/summernote/202405/b8440366d14cfe84e3529ef01eb71062.png","/images/uploaded/summernote/202405/b8440366d14cfe84e3529ef01eb71062.jpg","PNG→JPG","1","745x745","745x745","143","71"
"/uploaded/summernote/202405/bca081fb15b2cd970054d0b773f511ee.png","/images/uploaded/summernote/202405/bca081fb15b2cd970054d0b773f511ee.jpg","PNG→JPG","1","745x745","745x745","150","73"
"/uploaded/summernote/202405/c52f28071cdfb954af3966602b1df225.png","/images/uploaded/summernote/202405/c52f28071cdfb954af3966602b1df225.jpg","PNG→JPG","1","745x745","745x745","179","90"
"/uploaded/summernote/202405/caa2a1e227d9b44cb6b87e6b013e774d.png","/images/uploaded/summernote/202405/caa2a1e227d9b44cb6b87e6b013e774d.jpg","PNG→JPG","1","260x75","260x75","9","5"
"/uploaded/summernote/202405/cce63429812768d385d1cf7f71542be1.png","/images/uploaded/summernote/202405/cce63429812768d385d1cf7f71542be1.jpg","PNG→JPG","1","881x740","881x740","662","102"
"/uploaded/summernote/202405/d6cc81f5725c6b2375f729eca6511bc8.png","/images/uploaded/summernote/202405/d6cc81f5725c6b2375f729eca6511bc8.jpg","PNG→JPG","1","745x745","745x745","166","54"
"/uploaded/summernote/202405/e12d7f5b4ba3f89d67a2dd3b3bcf277a.png","/images/uploaded/summernote/202405/e12d7f5b4ba3f89d67a2dd3b3bcf277a.jpg","PNG→JPG","1","878x497","878x497","213","66"
"/uploaded/summernote/202405/e391894c8a4bcf6133fc0633ed8e43b6.png","/images/uploaded/summernote/202405/e391894c8a4bcf6133fc0633ed8e43b6.jpg","PNG→JPG","1","382x50","382x50","16","6"
"/uploaded/summernote/202405/f48faea63bc35a19e33cf01a88ff29c3.png","/images/uploaded/summernote/202405/f48faea63bc35a19e33cf01a88ff29c3.jpg","PNG→JPG","1","745x745","745x745","736","113"
"/uploaded/summernote/202405/faa0f5e62760ecbed1a3be166014450d.png","/images/uploaded/summernote/202405/faa0f5e62760ecbed1a3be166014450d.jpg","PNG→JPG","1","745x745","745x745","182","62"
"/uploaded/summernote/202405/fac5ac0a78dfac5ce06210dfd97dca19.png","/images/uploaded/summernote/202405/fac5ac0a78dfac5ce06210dfd97dca19.jpg","PNG→JPG","1","878x497","878x497","213","66"
"/uploaded/summernote/202406/832bd53a5842fbf44e2d4f10ab8ce950.png","/images/uploaded/summernote/202406/832bd53a5842fbf44e2d4f10ab8ce950.jpg","PNG→JPG","1","1008x1344","1008x1344","1371","200"
"/uploaded/summernote/202406/8decd97c619750cb836551a303241cc0.png","/images/uploaded/summernote/202406/8decd97c619750cb836551a303241cc0.jpg","PNG→JPG","1","1008x1344","1008x1344","1396","230"
"/uploaded/summernote/202406/8f2300aeba229cbcb8354437ccc52e22.png","/images/uploaded/summernote/202406/8f2300aeba229cbcb8354437ccc52e22.jpg","PNG→JPG","1","1008x1344","1008x1344","1396","230"
"/uploaded/summernote/202406/a3fa7adb066597c4819c02db3cad3424.png","/images/uploaded/summernote/202406/a3fa7adb066597c4819c02db3cad3424.jpg","PNG→JPG","1","1008x1344","1008x1344","1371","200"
"/uploaded/summernote/202407/0d1aa9d1fa32b94c6cd3ea1c8a6d472d.png","/images/uploaded/summernote/202407/0d1aa9d1fa32b94c6cd3ea1c8a6d472d.jpg","PNG→JPG","1","960x1280","960x1280","2409","231"
"/uploaded/summernote/202407/0d5c3723b5778752d674538de637b858.png","/images/uploaded/summernote/202407/0d5c3723b5778752d674538de637b858.jpg","PNG→JPG","1","1280x960","1280x960","2437","219"
"/uploaded/summernote/202407/0d5fdc74159e2561876c72fd2e6788b2.png","/images/uploaded/summernote/202407/0d5fdc74159e2561876c72fd2e6788b2.jpg","PNG→JPG","1","1280x960","1280x960","2335","204"
"/uploaded/summernote/202407/1700369df54871bbc1f05978aec98bed.png","/images/uploaded/summernote/202407/1700369df54871bbc1f05978aec98bed.jpg","PNG→JPG","1","960x1280","960x1280","2238","196"
"/uploaded/summernote/202407/18b548bb5a93bb4b0bb124bba1d840ff.png","/images/uploaded/summernote/202407/18b548bb5a93bb4b0bb124bba1d840ff.jpg","PNG→JPG","1","960x1260","960x1260","2090","175"
"/uploaded/summernote/202407/1a2c8390ccf12fc4b4d6a80f0e712b93.png","/images/uploaded/summernote/202407/1a2c8390ccf12fc4b4d6a80f0e712b93.jpg","PNG→JPG","1","1280x960","1280x960","2546","201"
"/uploaded/summernote/202407/20c58acaf796edc04388a752b332031f.png","/images/uploaded/summernote/202407/20c58acaf796edc04388a752b332031f.jpg","PNG→JPG","1","960x1280","960x1280","2238","196"
"/uploaded/summernote/202407/29ea9a9c45d5e0bf8e21068c8c02b850.png","/images/uploaded/summernote/202407/29ea9a9c45d5e0bf8e21068c8c02b850.jpg","PNG→JPG","1","1280x960","1280x960","1837","174"
"/uploaded/summernote/202407/2db46de002cfc44a4883e6830162ca10.png","/images/uploaded/summernote/202407/2db46de002cfc44a4883e6830162ca10.jpg","PNG→JPG","1","1280x960","1280x960","2546","201"
"/uploaded/summernote/202407/35fb92e07b8305f127a72d43736d1f87.png","/images/uploaded/summernote/202407/35fb92e07b8305f127a72d43736d1f87.jpg","PNG→JPG","1","2048x1536","1400x1050","4005","189"
"/uploaded/summernote/202407/3f89d2be92f05cc1d3190f4f75bbbd31.png","/images/uploaded/summernote/202407/3f89d2be92f05cc1d3190f4f75bbbd31.jpg","PNG→JPG","1","1280x960","1280x960","2437","219"
"/uploaded/summernote/202407/4153fd6fac90798caa949854cbbc80f0.png","/images/uploaded/summernote/202407/4153fd6fac90798caa949854cbbc80f0.jpg","PNG→JPG","1","960x1280","960x1280","2046","158"
"/uploaded/summernote/202407/41ca9968d6b1f4ae6774c540143e6b7e.png","/images/uploaded/summernote/202407/41ca9968d6b1f4ae6774c540143e6b7e.jpg","PNG→JPG","1","1536x2048","1050x1400","3917","194"
"/uploaded/summernote/202407/42e1fb0fbdc15b911128837df16530c9.png","/images/uploaded/summernote/202407/42e1fb0fbdc15b911128837df16530c9.jpg","PNG→JPG","1","1280x960","1280x960","2739","234"
"/uploaded/summernote/202407/4602bd834fa2f973592631b5d65cb163.png","/images/uploaded/summernote/202407/4602bd834fa2f973592631b5d65cb163.jpg","PNG→JPG","1","1280x960","1280x960","2006","187"
"/uploaded/summernote/202407/4d4baf2ed69701468b6ea0ac48a80ee6.png","/images/uploaded/summernote/202407/4d4baf2ed69701468b6ea0ac48a80ee6.jpg","PNG→JPG","1","1280x960","1280x960","2335","204"
"/uploaded/summernote/202407/4f4962a866e667eea58fa42b33bcc8b6.png","/images/uploaded/summernote/202407/4f4962a866e667eea58fa42b33bcc8b6.jpg","PNG→JPG","1","1280x960","1280x960","2739","234"
"/uploaded/summernote/202407/5fc3e900d01ae0f76777206ed109e5c2.png","/images/uploaded/summernote/202407/5fc3e900d01ae0f76777206ed109e5c2.jpg","PNG→JPG","1","960x1280","960x1280","2409","231"
"/uploaded/summernote/202407/6605a3fcfd93f7c72e890e3b4210a1a0.png","/images/uploaded/summernote/202407/6605a3fcfd93f7c72e890e3b4210a1a0.jpg","PNG→JPG","1","1280x960","1280x960","2546","201"
"/uploaded/summernote/202407/6d354dcddcf5d1eee364dbd81f917a31.png","/images/uploaded/summernote/202407/6d354dcddcf5d1eee364dbd81f917a31.jpg","PNG→JPG","1","1016x1439","988x1400","378","209"
"/uploaded/summernote/202407/6d46a7aa02653f23cc5b8d07713480fa.png","/images/uploaded/summernote/202407/6d46a7aa02653f23cc5b8d07713480fa.jpg","PNG→JPG","1","1280x960","1280x960","2453","234"
"/uploaded/summernote/202407/751f3dff8f46d78d02b3eb2a39529e91.png","/images/uploaded/summernote/202407/751f3dff8f46d78d02b3eb2a39529e91.jpg","PNG→JPG","1","960x1280","960x1280","2409","231"
"/uploaded/summernote/202407/77f1085871fe880ece26d69026246fef.png","/images/uploaded/summernote/202407/77f1085871fe880ece26d69026246fef.jpg","PNG→JPG","1","1536x2048","1050x1400","2977","159"
"/uploaded/summernote/202407/7e0192575c633da7d66c68a35431d09c.png","/images/uploaded/summernote/202407/7e0192575c633da7d66c68a35431d09c.jpg","PNG→JPG","1","1280x960","1280x960","2437","219"
"/uploaded/summernote/202407/82319221515dcb553a4c4b55537790fd.png","/images/uploaded/summernote/202407/82319221515dcb553a4c4b55537790fd.jpg","PNG→JPG","1","960x1280","960x1280","1305","114"
"/uploaded/summernote/202407/8e4bfac828a3cffbe99045a41013707a.png","/images/uploaded/summernote/202407/8e4bfac828a3cffbe99045a41013707a.jpg","PNG→JPG","1","1503x960","1400x894","2229","152"
"/uploaded/summernote/202407/93485a0354457d38727f6ba13d8f1f91.png","/images/uploaded/summernote/202407/93485a0354457d38727f6ba13d8f1f91.jpg","PNG→JPG","1","1280x960","1280x960","2453","234"
"/uploaded/summernote/202407/956d8e1dd1f5461ce2a830c1f3bdee27.png","/images/uploaded/summernote/202407/956d8e1dd1f5461ce2a830c1f3bdee27.jpg","PNG→JPG","1","1280x960","1280x960","2776","263"
"/uploaded/summernote/202407/9c514fa18c306f0fda8b9f8e846d67a4.png","/images/uploaded/summernote/202407/9c514fa18c306f0fda8b9f8e846d67a4.jpg","PNG→JPG","1","1536x2048","1050x1400","4746","217"
"/uploaded/summernote/202407/9e01fb4447bc2af0a028563cc094bf98.png","/images/uploaded/summernote/202407/9e01fb4447bc2af0a028563cc094bf98.jpg","PNG→JPG","1","1280x960","1280x960","2546","201"
"/uploaded/summernote/202407/9ef70230bb7908b196f83f7da770f01f.png","/images/uploaded/summernote/202407/9ef70230bb7908b196f83f7da770f01f.jpg","PNG→JPG","1","960x1280","960x1280","2238","196"
"/uploaded/summernote/202407/a995582442c9f580b087fa8517f393f3.png","/images/uploaded/summernote/202407/a995582442c9f580b087fa8517f393f3.jpg","PNG→JPG","1","1280x960","1280x960","1837","174"
"/uploaded/summernote/202407/ab9deb983cbb5bbcab50f62d91c15ec5.png","/images/uploaded/summernote/202407/ab9deb983cbb5bbcab50f62d91c15ec5.jpg","PNG→JPG","1","1664x2048","1138x1400","6752","357"
"/uploaded/summernote/202407/b0f7c92fc180cf7f0febd8ea2542c22f.png","/images/uploaded/summernote/202407/b0f7c92fc180cf7f0febd8ea2542c22f.jpg","PNG→JPG","1","1280x960","1280x960","1837","174"
"/uploaded/summernote/202407/c0b7465a8c4e2787247689bdcc90ef85.png","/images/uploaded/summernote/202407/c0b7465a8c4e2787247689bdcc90ef85.jpg","PNG→JPG","1","1280x960","1280x960","2437","219"
"/uploaded/summernote/202407/cef063191cd5141f5ca598af78a72eac.png","/images/uploaded/summernote/202407/cef063191cd5141f5ca598af78a72eac.jpg","PNG→JPG","1","1462x2048","999x1400","2840","135"
"/uploaded/summernote/202407/d3f5ce649bf5ff15412f105cb62ad93a.png","/images/uploaded/summernote/202407/d3f5ce649bf5ff15412f105cb62ad93a.jpg","PNG→JPG","1","1280x960","1280x960","2776","263"
"/uploaded/summernote/202407/da645ee83e0300b63b830c33f9ae32a5.png","/images/uploaded/summernote/202407/da645ee83e0300b63b830c33f9ae32a5.jpg","PNG→JPG","1","1280x960","1280x960","2739","234"
"/uploaded/summernote/202407/dcf70d923618d12624ad1cb19c7a51d5.png","/images/uploaded/summernote/202407/dcf70d923618d12624ad1cb19c7a51d5.jpg","PNG→JPG","1","1280x960","1280x960","1837","174"
"/uploaded/summernote/202407/dda6ae355cfc8fd4a0b4833cd4c881ff.png","/images/uploaded/summernote/202407/dda6ae355cfc8fd4a0b4833cd4c881ff.jpg","PNG→JPG","1","1280x960","1280x960","2017","193"
"/uploaded/summernote/202407/de9c41178af0c5dd08f2d097f6574fc9.png","/images/uploaded/summernote/202407/de9c41178af0c5dd08f2d097f6574fc9.jpg","PNG→JPG","1","1280x960","1280x960","2453","234"
"/uploaded/summernote/202407/e085a7de7e9dbaabcea3f48f84b84070.png","/images/uploaded/summernote/202407/e085a7de7e9dbaabcea3f48f84b84070.jpg","PNG→JPG","1","960x1280","960x1280","2409","231"
"/uploaded/summernote/202407/e419a0bc1a6b06777177d05e46b88d50.png","/images/uploaded/summernote/202407/e419a0bc1a6b06777177d05e46b88d50.jpg","PNG→JPG","1","1280x960","1280x960","2776","263"
"/uploaded/summernote/202407/e4b0248e03a3f6900e21c76e9bfd7858.png","/images/uploaded/summernote/202407/e4b0248e03a3f6900e21c76e9bfd7858.jpg","PNG→JPG","1","1280x960","1280x960","2739","234"
"/uploaded/summernote/202407/e50fce1aa8bf571537add9d298a4339b.png","/images/uploaded/summernote/202407/e50fce1aa8bf571537add9d298a4339b.jpg","PNG→JPG","1","2048x1586","1400x1084","4481","214"
"/uploaded/summernote/202407/e980431ffe472775e7557016b601fa6f.png","/images/uploaded/summernote/202407/e980431ffe472775e7557016b601fa6f.jpg","PNG→JPG","1","1280x960","1280x960","2776","263"
"/uploaded/summernote/202407/eba1cb3acef6acc56e3a1e423a0b2ef0.png","/images/uploaded/summernote/202407/eba1cb3acef6acc56e3a1e423a0b2ef0.jpg","PNG→JPG","1","1280x960","1280x960","2335","204"
"/uploaded/summernote/202407/f00cf2ac22b33e00b648b4a136622872.png","/images/uploaded/summernote/202407/f00cf2ac22b33e00b648b4a136622872.jpg","PNG→JPG","1","960x1280","960x1280","2238","196"
"/uploaded/summernote/202407/f0e469ceb8205c2baf9c9bd105a2c320.png","/images/uploaded/summernote/202407/f0e469ceb8205c2baf9c9bd105a2c320.jpg","PNG→JPG","1","1280x960","1280x960","2453","234"
"/uploaded/summernote/202407/fb3cfed5f5f0325e4caa9d49e7de8e7a.png","/images/uploaded/summernote/202407/fb3cfed5f5f0325e4caa9d49e7de8e7a.jpg","PNG→JPG","1","1280x720","1280x720","1414","104"
"/uploaded/summernote/202407/fb983a35d87307f3710a99dc6b835f5a.png","/images/uploaded/summernote/202407/fb983a35d87307f3710a99dc6b835f5a.jpg","PNG→JPG","1","1280x960","1280x960","2335","204"
"/uploaded/summernote/202407/ff3d5466c672eca4b86a24e6c46e0f33.png","/images/uploaded/summernote/202407/ff3d5466c672eca4b86a24e6c46e0f33.jpg","PNG→JPG","1","843x1238","843x1238","1476","122"
"/uploaded/summernote/202409/055ee94e8056e45359dab18e5b8d378c.png","/images/uploaded/summernote/202409/055ee94e8056e45359dab18e5b8d378c.jpg","PNG→JPG","1","1600x1066","1400x933","2973","167"
"/uploaded/summernote/202409/08dd9feee2364364416e24e2c277aff6.png","/images/uploaded/summernote/202409/08dd9feee2364364416e24e2c277aff6.jpg","PNG→JPG","1","1421x947","1400x933","1754","112"
"/uploaded/summernote/202409/0f37ac19815eb195039f9b85054b93a1.png","/images/uploaded/summernote/202409/0f37ac19815eb195039f9b85054b93a1.jpg","PNG→JPG","1","1600x1066","1400x933","2973","167"
"/uploaded/summernote/202409/1bf97b760273b4a79df78cf1f6859688.png","/images/uploaded/summernote/202409/1bf97b760273b4a79df78cf1f6859688.jpg","PNG→JPG","1","1919x1280","1400x934","2523","93"
"/uploaded/summernote/202409/4383e97994d2c1134f06eeef1e204ba9.png","/images/uploaded/summernote/202409/4383e97994d2c1134f06eeef1e204ba9.jpg","PNG→JPG","1","1919x1280","1400x934","2523","93"
"/uploaded/summernote/202409/4a2acdf09d2d016568cf96d4f8826f01.png","/images/uploaded/summernote/202409/4a2acdf09d2d016568cf96d4f8826f01.jpg","PNG→JPG","1","1600x1066","1400x933","2973","167"
"/uploaded/summernote/202409/9f94ade8f97f241f35232b6e510ae4f6.png","/images/uploaded/summernote/202409/9f94ade8f97f241f35232b6e510ae4f6.jpg","PNG→JPG","1","1421x947","1400x933","1754","112"
"/uploaded/summernote/202409/a178991999f121ce76039fbc1d955c58.png","/images/uploaded/summernote/202409/a178991999f121ce76039fbc1d955c58.jpg","PNG→JPG","1","1421x947","1400x933","1754","112"
"/uploaded/summernote/202409/b0bc788a424b7f248153466f4ed8a595.png","/images/uploaded/summernote/202409/b0bc788a424b7f248153466f4ed8a595.jpg","PNG→JPG","1","1421x947","1400x933","1754","112"
"/uploaded/summernote/202409/c6ad6b72d33920d1abebe4e825d20e25.png","/images/uploaded/summernote/202409/c6ad6b72d33920d1abebe4e825d20e25.jpg","PNG→JPG","1","1600x1066","1400x933","2973","167"
"/uploaded/summernote/202409/e08fb8d4a000c13842b493b0d897e377.png","/images/uploaded/summernote/202409/e08fb8d4a000c13842b493b0d897e377.jpg","PNG→JPG","1","1919x1280","1400x934","2523","93"
"/uploaded/summernote/202409/e0e87049dfacec45e7b2ba8863371d0d.png","/images/uploaded/summernote/202409/e0e87049dfacec45e7b2ba8863371d0d.jpg","PNG→JPG","1","1919x1280","1400x934","2523","93"
"/uploaded/summernote/202409/e5df233131396a89dc9b9c8b0fcb45f6.png","/images/uploaded/summernote/202409/e5df233131396a89dc9b9c8b0fcb45f6.jpg","PNG→JPG","1","1421x947","1400x933","1754","112"
"/uploaded/summernote/202412/52334ef114e8fddfccaca3f9eb6be8d2.png","/images/uploaded/summernote/202412/52334ef114e8fddfccaca3f9eb6be8d2.jpg","PNG→JPG","1","1123x1587","991x1400","370","205"
"/uploaded/summernote/202501/e4c365ae1e8a3bdc6e609f282575babd.png","/images/uploaded/summernote/202501/e4c365ae1e8a3bdc6e609f282575babd.jpg","PNG→JPG","1","1123x1587","991x1400","391","205"
"/uploaded/summernote/202503/011d186f3d84f531abb05207ebfdcb7c.png","/images/uploaded/summernote/202503/011d186f3d84f531abb05207ebfdcb7c.jpg","PNG→JPG","1","260x347","260x347","103","26"
"/uploaded/summernote/202503/0a3e5b4c04acee6db1e5d32a3d385b8c.png","/images/uploaded/summernote/202503/0a3e5b4c04acee6db1e5d32a3d385b8c.jpg","PNG→JPG","1","467x583","467x583","168","55"
"/uploaded/summernote/202503/1b1dbc45923b06023599efc2d1b78633.png","/images/uploaded/summernote/202503/1b1dbc45923b06023599efc2d1b78633.jpg","PNG→JPG","1","467x583","467x583","168","55"
"/uploaded/summernote/202503/555af13b6bd78178c1b7eeb9e71be8dc.png","/images/uploaded/summernote/202503/555af13b6bd78178c1b7eeb9e71be8dc.jpg","PNG→JPG","1","265x353","265x353","126","27"
"/uploaded/summernote/202503/7a4b3e755a8ff6be017898f4e8c000ed.png","/images/uploaded/summernote/202503/7a4b3e755a8ff6be017898f4e8c000ed.jpg","PNG→JPG","1","467x583","467x583","168","55"
"/uploaded/summernote/202503/84dab19010020dc592f90487220f9851.png","/images/uploaded/summernote/202503/84dab19010020dc592f90487220f9851.jpg","PNG→JPG","1","466x583","466x583","161","56"
"/uploaded/summernote/202503/8742e1cf6baf0b3b2447a6c282af38c5.png","/images/uploaded/summernote/202503/8742e1cf6baf0b3b2447a6c282af38c5.jpg","PNG→JPG","1","466x583","466x583","227","72"
"/uploaded/summernote/202503/88b01e0c4773a974b500d56c72de46c1.png","/images/uploaded/summernote/202503/88b01e0c4773a974b500d56c72de46c1.jpg","PNG→JPG","1","250x353","250x353","110","25"
"/uploaded/summernote/202503/88b98ab2a852d09500683fc99c842bdf.png","/images/uploaded/summernote/202503/88b98ab2a852d09500683fc99c842bdf.jpg","PNG→JPG","1","250x353","250x353","110","25"
"/uploaded/summernote/202503/89e9738790e3bfcde2e0c15662b26b14.png","/images/uploaded/summernote/202503/89e9738790e3bfcde2e0c15662b26b14.jpg","PNG→JPG","1","250x353","250x353","110","25"
"/uploaded/summernote/202503/9776d97d62bd0a8ac734d1b0e23caf80.png","/images/uploaded/summernote/202503/9776d97d62bd0a8ac734d1b0e23caf80.jpg","PNG→JPG","1","265x353","265x353","129","27"
"/uploaded/summernote/202503/a5f2bc5434bc7b4c2b9833c54de16f8a.png","/images/uploaded/summernote/202503/a5f2bc5434bc7b4c2b9833c54de16f8a.jpg","PNG→JPG","1","466x583","466x583","219","74"
"/uploaded/summernote/202503/d8fe595711ec7f8842f315c58690f6aa.png","/images/uploaded/summernote/202503/d8fe595711ec7f8842f315c58690f6aa.jpg","PNG→JPG","1","466x583","466x583","227","72"
"/uploaded/summernote/202503/d98238a5fd35ce6a4f5d6e458737c2f3.png","/images/uploaded/summernote/202503/d98238a5fd35ce6a4f5d6e458737c2f3.jpg","PNG→JPG","1","265x353","265x353","129","27"
"/uploaded/summernote/202503/ebf84d0465e10ac9b712891fd4d92ccc.png","/images/uploaded/summernote/202503/ebf84d0465e10ac9b712891fd4d92ccc.jpg","PNG→JPG","1","466x583","466x583","227","72"
"/uploaded/summernote/202503/ec814b51110ddea1f7c0f9ba3c5c7d3b.png","/images/uploaded/summernote/202503/ec814b51110ddea1f7c0f9ba3c5c7d3b.jpg","PNG→JPG","1","250x353","250x353","90","26"
"/uploaded/summernote/202504/0e59f73748057101a224437da50ab1f0.png","/images/uploaded/summernote/202504/0e59f73748057101a224437da50ab1f0.jpg","PNG→JPG","1","1080x1349","1080x1349","316","179"
"/uploaded/summernote/202504/0ee6e07073d6e9480d5850d5cde4dabc.png","/images/uploaded/summernote/202504/0ee6e07073d6e9480d5850d5cde4dabc.jpg","PNG→JPG","1","1080x1349","1080x1349","339","235"
"/uploaded/summernote/202504/269aa851cb1378cd5efe1393b1210149.png","/images/uploaded/summernote/202504/269aa851cb1378cd5efe1393b1210149.jpg","PNG→JPG","1","1080x1349","1080x1349","316","179"
"/uploaded/summernote/202504/7118a183c2a2bafc1a81f8f0d3ea3f55.png","/images/uploaded/summernote/202504/7118a183c2a2bafc1a81f8f0d3ea3f55.jpg","PNG→JPG","1","1080x1349","1080x1349","331","205"
"/uploaded/summernote/202504/afa909ad7a661183eb09947139331798.png","/images/uploaded/summernote/202504/afa909ad7a661183eb09947139331798.jpg","PNG→JPG","1","2268x3780","840x1400","1800","275"
"/uploaded/summernote/202505/0c62ddf944778c3fd2c6740d6dbc3490.png","/images/uploaded/summernote/202505/0c62ddf944778c3fd2c6740d6dbc3490.jpg","PNG→JPG","1","926x694","926x694","1504","149"
"/uploaded/summernote/202505/12c6704926ce396fa4a5992038faaea9.png","/images/uploaded/summernote/202505/12c6704926ce396fa4a5992038faaea9.jpg","PNG→JPG","1","924x693","924x693","1454","131"
"/uploaded/summernote/202505/1837333843cc287f18214b4697e982a3.png","/images/uploaded/summernote/202505/1837333843cc287f18214b4697e982a3.jpg","PNG→JPG","1","462x616","462x616","657","63"
"/uploaded/summernote/202505/1c4cec4e97a7ebb9ef1e13ae695a95d7.png","/images/uploaded/summernote/202505/1c4cec4e97a7ebb9ef1e13ae695a95d7.jpg","PNG→JPG","1","2268x4195","757x1400","1841","265"
"/uploaded/summernote/202505/339ad78101d72ad97c2537603dd63ff9.png","/images/uploaded/summernote/202505/339ad78101d72ad97c2537603dd63ff9.jpg","PNG→JPG","1","940x705","940x705","1560","128"
"/uploaded/summernote/202505/56da02cfbed2d131c5974f84d363904c.png","/images/uploaded/summernote/202505/56da02cfbed2d131c5974f84d363904c.jpg","PNG→JPG","1","940x705","940x705","1613","139"
"/uploaded/summernote/202505/6a0e20f4820cbb7a27e155b20c6ac6b0.png","/images/uploaded/summernote/202505/6a0e20f4820cbb7a27e155b20c6ac6b0.jpg","PNG→JPG","1","2268x4195","757x1400","1854","259"
"/uploaded/summernote/202505/7d6659c6c8e1bb0e755a94add6d29816.png","/images/uploaded/summernote/202505/7d6659c6c8e1bb0e755a94add6d29816.jpg","PNG→JPG","1","940x705","940x705","1609","132"
"/uploaded/summernote/202505/884721d01706ab22c812ca2e4122ba5e.png","/images/uploaded/summernote/202505/884721d01706ab22c812ca2e4122ba5e.jpg","PNG→JPG","1","2268x4195","757x1400","1841","265"
"/uploaded/summernote/202505/a09a4c8dc3b10a2ba4866d813de46bae.png","/images/uploaded/summernote/202505/a09a4c8dc3b10a2ba4866d813de46bae.jpg","PNG→JPG","1","921x691","921x691","1612","126"
"/uploaded/summernote/202505/a1364fdd936f5f09c529b4cd26a7486d.png","/images/uploaded/summernote/202505/a1364fdd936f5f09c529b4cd26a7486d.jpg","PNG→JPG","1","464x619","464x619","695","60"
"/uploaded/summernote/202505/abfa0d52c65d23f7fc8f48cc717a9a6e.png","/images/uploaded/summernote/202505/abfa0d52c65d23f7fc8f48cc717a9a6e.jpg","PNG→JPG","1","469x626","469x626","760","73"
"/uploaded/summernote/202505/ac19a62b1a17532e5d155a1ba879ebed.png","/images/uploaded/summernote/202505/ac19a62b1a17532e5d155a1ba879ebed.jpg","PNG→JPG","1","458x626","458x626","701","76"
"/uploaded/summernote/202505/cedc857aa0a4387b49c8757dc34faaf1.png","/images/uploaded/summernote/202505/cedc857aa0a4387b49c8757dc34faaf1.jpg","PNG→JPG","1","921x691","921x691","1757","163"
"/uploaded/summernote/202512/dc0238102b11291500d639acbd3181cf.png","/images/uploaded/summernote/202512/dc0238102b11291500d639acbd3181cf.jpg","PNG→JPG","1","891x1260","891x1260","629","200"
"/uploaded/summernote/202602/fd81f54ab6d3c6cb2ed67edd8089815f.jpg","/images/uploaded/summernote/202602/fd81f54ab6d3c6cb2ed67edd8089815f.jpg","JPG 재압축","1","1080x1080","1080x1080","148","155"
"/uploaded/summernote/202603/03cf3cb6f37382d1703310ae0214ac8e.jpg","/images/uploaded/summernote/202603/03cf3cb6f37382d1703310ae0214ac8e.jpg","JPG 재압축","1","1080x1350","1080x1350","222","229"
"/uploaded/summernote/202603/2406be2f53a3598adb08bf027b6463a0.jpg","/images/uploaded/summernote/202603/2406be2f53a3598adb08bf027b6463a0.jpg","JPG 재압축","1","1080x1080","1080x1080","175","182"
"/uploaded/summernote/202603/4efaa0381cf0c8b4097fcda52bf23441.jpg","/images/uploaded/summernote/202603/4efaa0381cf0c8b4097fcda52bf23441.jpg","JPG 재압축","1","1080x1350","1080x1350","248","255"
"/uploaded/summernote/202603/61c32295429227a38ac3d304a23317c5.jpg","/images/uploaded/summernote/202603/61c32295429227a38ac3d304a23317c5.jpg","JPG 재압축","1","1080x1350","1080x1350","243","250"
"/uploaded/summernote/202603/7c96ffa4a1f635bf6a878d807145055d.jpg","/images/uploaded/summernote/202603/7c96ffa4a1f635bf6a878d807145055d.jpg","JPG 재압축","1","1080x1350","1080x1350","222","229"
"/uploaded/summernote/202603/88a94b11f55997b3dbd6494b08764233.jpg","/images/uploaded/summernote/202603/88a94b11f55997b3dbd6494b08764233.jpg","JPG 재압축","1","1080x1080","1080x1080","158","165"
"/uploaded/summernote/202603/8a1dcf2a38e4776b7efadafd57713be0.jpg","/images/uploaded/summernote/202603/8a1dcf2a38e4776b7efadafd57713be0.jpg","JPG 재압축","1","1080x1080","1080x1080","171","178"
"/uploaded/summernote/202603/b84955e9d794aac9239528a75408ae95.jpg","/images/uploaded/summernote/202603/b84955e9d794aac9239528a75408ae95.jpg","JPG 재압축","1","1080x1080","1080x1080","154","161"
"/uploaded/summernote/202603/c66758c5b64009022d0158dade983e48.jpg","/images/uploaded/summernote/202603/c66758c5b64009022d0158dade983e48.jpg","JPG 재압축","1","1080x1080","1080x1080","145","151"
"/uploaded/summernote/202603/ca5ea58ed91f4b2931d796e114622f76.jpg","/images/uploaded/summernote/202603/ca5ea58ed91f4b2931d796e114622f76.jpg","JPG 재압축","1","1080x1080","1080x1080","154","161"
"/uploaded/summernote/202603/df5e0de61e4deae9e426845427b6cc78.jpg","/images/uploaded/summernote/202603/df5e0de61e4deae9e426845427b6cc78.jpg","JPG 재압축","1","1080x1080","1080x1080","162","168"
"/uploaded/summernote/202604/430127e24ed690ec05eb62eddc367b09.png","/images/uploaded/summernote/202604/430127e24ed690ec05eb62eddc367b09.jpg","PNG→JPG","1","2160x2700","1120x1400","2316","256"
"/uploaded/summernote/202604/7f9141d82b8defdd176653334d2197d9.png","/images/uploaded/summernote/202604/7f9141d82b8defdd176653334d2197d9.jpg","PNG→JPG","1","2160x3840","788x1400","2451","258"
"/uploaded/summernote/202604/d85452c9a224154a828235709f0b3555.png","/images/uploaded/summernote/202604/d85452c9a224154a828235709f0b3555.jpg","PNG→JPG","1","2160x2700","1120x1400","2365","276"
"/uploaded/summernote/202604/e13f1a25e23bceb6386cd12e557a3e0c.png","/images/uploaded/summernote/202604/e13f1a25e23bceb6386cd12e557a3e0c.jpg","PNG→JPG","1","2160x3840","788x1400","2507","266"
"/uploaded/summernote/202604/f8cad32dcbb12a54977997d1535ddbb9.png","/images/uploaded/summernote/202604/f8cad32dcbb12a54977997d1535ddbb9.jpg","PNG→JPG","1","2160x3840","788x1400","2433","243"
"/uploaded/summernote/202606/4349a0af55d297bbfcd22ba6355d3e5f.jpg","/images/uploaded/summernote/202606/4349a0af55d297bbfcd22ba6355d3e5f.jpg","JPG 재압축","1","4032x3024","1400x1050","3257","246"
"/uploaded/summernote/202606/e4298f205d016fb4ae8f658a8f837190.png","/images/uploaded/summernote/202606/e4298f205d016fb4ae8f658a8f837190.jpg","PNG→JPG","1","1590x851","1400x749","1218","94"
"/uploaded/summernote/202609/25a61080722ccdafbad367a21dbecae1.png","/images/uploaded/summernote/202609/25a61080722ccdafbad367a21dbecae1.jpg","PNG→JPG","1","822x620","822x620","716","85"
"/uploaded/summernote/202609/370f53c56bb7b721f9d84965211a5ef7.png","/images/uploaded/summernote/202609/370f53c56bb7b721f9d84965211a5ef7.jpg","PNG→JPG","1","3240x2700","1400x1167","835","223"
"/uploaded/summernote/202609/82218f3951adcef5329971368b273249.png","/images/uploaded/summernote/202609/82218f3951adcef5329971368b273249.jpg","PNG→JPG","1","820x456","820x456","428","47"
"/uploaded/summernote/202609/92584a4d7bf85186a46bbd12a75fbbf9.png","/images/uploaded/summernote/202609/92584a4d7bf85186a46bbd12a75fbbf9.jpg","PNG→JPG","1","822x620","822x620","716","85"
"/uploaded/summernote/202609/96f5b13f80de20aa6099c5ed2215517e.png","/images/uploaded/summernote/202609/96f5b13f80de20aa6099c5ed2215517e.jpg","PNG→JPG","1","1998x1724","1400x1208","1009","212"
"/uploaded/summernote/202609/d8b6e103d944ef01fb8b0f161a563b03.jpg","/images/uploaded/summernote/202609/d8b6e103d944ef01fb8b0f161a563b03.jpg","JPG 재압축","1","794x1122","794x1122","216","170"
"/uploaded/summernote/202609/fb55d7872c91d57b8c3fcfe9a2dd23ed.png","/images/uploaded/summernote/202609/fb55d7872c91d57b8c3fcfe9a2dd23ed.jpg","PNG→JPG","1","820x456","820x456","428","47"
"/uploaded/summernote/202302/acb69ed73cc0c205fa34ba5936a2045c.png","/images/uploaded/summernote/202302/acb69ed73cc0c205fa34ba5936a2045c.jpg","절대주소보정","1","","","0","0"
"/uploaded/summernote/202302/d37a055f9626e9e65066fa434312b5ca.png","/images/uploaded/summernote/202302/d37a055f9626e9e65066fa434312b5ca.jpg","절대주소보정","1","","","0","0"
"/uploaded/summernote/202302/b6512a97d95c4064d449f5c5e86e4021.png","/images/uploaded/summernote/202302/b6512a97d95c4064d449f5c5e86e4021.jpg","절대주소보정","1","","","0","0"
"/uploaded/summernote/202303/62aa2ef9b24e4d4d1d941472a223963c.png","/images/uploaded/summernote/202303/62aa2ef9b24e4d4d1d941472a223963c.jpg","절대주소보정","1","","","0","0"
"/uploaded/summernote/202303/b426d20b9f34a973302cb4f725963112.png","/images/uploaded/summernote/202303/b426d20b9f34a973302cb4f725963112.jpg","절대주소보정","1","","","0","0"
"/uploaded/summernote/202303/e79a0feb2647ad6c053e2185ad185b3e.png","/images/uploaded/summernote/202303/e79a0feb2647ad6c053e2185ad185b3e.jpg","절대주소보정","1","","","0","0"
"/uploaded/summernote/202303/9864c241223d0ec99ea09d24021039e1.png","/images/uploaded/summernote/202303/9864c241223d0ec99ea09d24021039e1.jpg","절대주소보정","1","","","0","0"
"/uploaded/summernote/202303/9506506d1d2e9b8357270b2b34c4995d.png","/images/uploaded/summernote/202303/9506506d1d2e9b8357270b2b34c4995d.jpg","절대주소보정","1","","","0","0"
"/uploaded/summernote/202303/c506186b9961f3406a1f80c3236994f1.png","/images/uploaded/summernote/202303/c506186b9961f3406a1f80c3236994f1.jpg","절대주소보정","1","","","0","0"
"/uploaded/summernote/202303/f584c80493844805e6b972ea999e03ca.png","/images/uploaded/summernote/202303/f584c80493844805e6b972ea999e03ca.jpg","절대주소보정","1","","","0","0"
"/uploaded/summernote/202303/fbcaa43df63671eb5ab74f02634ec0bc.png","/images/uploaded/summernote/202303/fbcaa43df63671eb5ab74f02634ec0bc.jpg","절대주소보정","1","","","0","0"
"/uploaded/summernote/202303/1ebbb421122f2b082783b262aa17ed3b.png","/images/uploaded/summernote/202303/1ebbb421122f2b082783b262aa17ed3b.jpg","절대주소보정","1","","","0","0"
"/uploaded/summernote/202303/6c3315a4e2a8d5d6f3412983006ce733.png","/images/uploaded/summernote/202303/6c3315a4e2a8d5d6f3412983006ce733.jpg","절대주소보정","1","","","0","0"
"/uploaded/summernote/202303/ebc5dfd30c9946e01a00628b47140a8a.png","/images/uploaded/summernote/202303/ebc5dfd30c9946e01a00628b47140a8a.jpg","절대주소보정","1","","","0","0"
"/uploaded/summernote/202303/f867cc7b4c66d1e89000470d5c928f46.png","/images/uploaded/summernote/202303/f867cc7b4c66d1e89000470d5c928f46.jpg","절대주소보정","1","","","0","0"
"/uploaded/summernote/202303/f09f2e6c90e78b3633baec8f8fc5bd91.png","/images/uploaded/summernote/202303/f09f2e6c90e78b3633baec8f8fc5bd91.jpg","절대주소보정","1","","","0","0"
"/uploaded/summernote/202303/964855df900b6c2b6f543b14e1fd2155.png","/images/uploaded/summernote/202303/964855df900b6c2b6f543b14e1fd2155.jpg","절대주소보정","1","","","0","0"
"/uploaded/summernote/202303/651143ce3cc9d785e0130efad99f838e.png","/images/uploaded/summernote/202303/651143ce3cc9d785e0130efad99f838e.jpg","절대주소보정","1","","","0","0"
"/uploaded/summernote/202303/810bb3f179af383b751c017821814c3f.png","/images/uploaded/summernote/202303/810bb3f179af383b751c017821814c3f.jpg","절대주소보정","1","","","0","0"
"/uploaded/summernote/202302/e8da3c297f84d4aa173d9646da4cfda7.png","/images/uploaded/summernote/202302/e8da3c297f84d4aa173d9646da4cfda7.jpg","절대주소보정","1","","","0","0"
"/uploaded/summernote/202302/5a1489c43bc74632329a5ace8f8a4701.jpg","/images/uploaded/summernote/202302/5a1489c43bc74632329a5ace8f8a4701.jpg","절대주소보정","1","","","0","0"
"/uploaded/summernote/202306/ec03cb7cab0831b750834ed3a027909c.png","/images/uploaded/summernote/202306/ec03cb7cab0831b750834ed3a027909c.jpg","절대주소보정","1","","","0","0"
"/uploaded/summernote/202306/00a0003f75d614c8b6584ba28f08f86b.png","/images/uploaded/summernote/202306/00a0003f75d614c8b6584ba28f08f86b.jpg","절대주소보정","1","","","0","0"
"/uploaded/summernote/202306/4d80b8d4f85d14d40fbc5f71edfaef74.png","/images/uploaded/summernote/202306/4d80b8d4f85d14d40fbc5f71edfaef74.jpg","절대주소보정","1","","","0","0"
"/uploaded/summernote/202306/ee1ae87d6e6deb7a9cacb651bcb5b17c.png","/images/uploaded/summernote/202306/ee1ae87d6e6deb7a9cacb651bcb5b17c.jpg","절대주소보정","1","","","0","0"
