"언어","종류","게시판","idx","제목","카테고리","날짜","본문길이","이미지수","첨부수"
"ko","news","news","12","[공지] 키르기즈스탄 이주민마을 지역사회기반 예방중심 건강증진 사업의 새로운 시작을 함께해주세요!","공지사항","2023-02-09","81","12","0"
"ko","news","news","13","[공지] GLP(국제보건 리더십 프로그램 7기 및 GPHO(국제보건전문가 현장훈련 프로그램) 4기 모집(마감)","공지사항","2023-02-09","793","1","0"
"ko","news","news","14","[공지] Bright Kyrgyzstan 홈페이지 오픈","공지사항","2023-02-09","143","1","0"
"ko","news","news","15","[공지] GPHO(국제보건전문가) 현장 훈련 프로그램 7기 모집(마감)","공지사항","2023-02-09","2","1","0"
"ko","news","news","16","[공지] Bright Kyrgyzstan 'Good Parenting'","공지사항","2023-02-09","88","1","0"
"ko","news","news","17","[공지] 2019 International Conference : Child Health and Nursing Education(마감)","공지사항","2023-02-09","254","1","0"
"ko","news","news","18","[공지] 2019 교육부 글로벌교육지원 사업 국내초청 연수","공지사항","2023-02-09","134","1","0"
"ko","news","news","24","[공지] BK-LUPIC 프로젝트가 시작됩니다!","공지사항","2023-02-10","500","2","0"
"ko","news","news","25","[국내언론] BK-LUPIC Kickoff Ceremony 언론 보도","국내언론","2023-02-10","263","3","0"
"ko","news","news","26","[공지] 국제간호사의 날","공지사항","2023-02-10","170","1","0"
"ko","news","news","27","[채용] 경희대학교 아동간호학교실 2022 하반기 ODA 영프로페셔널(YP) 채용(마감)","공지사항","2023-02-10","351","2","1"
"ko","news","news","28","[채용] 경희대학교 아동간호학교실 2023 상반기 ODA 영프로페셔널(YP) 채용 (마감)","공지사항","2023-02-10","1954","1","1"
"ko","news","news","29","제4회 Educational session '키르기즈 공화국의 보건정보시스템 구축을 위한 효과적인 전략 도출 및 적용 방안'","공지사항","2023-03-29","62","2","0"
"ko","news","news","30","제 5회 Educational session '간호학 학사 과정과 간호 직무 표준'","공지사항","2023-03-29","61","2","0"
"ko","news","news","31","세계 간호사의 날 2023","공지사항","2023-05-12","666","2","0"
"ko","news","news","32","대한민국 간호법 제정을 지지합니다! (간호법 바로알기 카드뉴스)","공지사항","2023-05-19","2","21","0"
"ko","news","news","33","제 4회 International Nursing Forum","공지사항","2023-05-30","742","1","0"
"ko","news","news","35","Poster Session: CALL FOR ABSTRACT NOTIFICATION","공지사항","2023-06-01","1449","1","0"
"ko","news","news","38","CALL FOR ABSTRACT EXTENDED !","공지사항","2023-06-09","485","1","0"
"ko","news","news","40","[보도자료] 키르기즈 공화국 간호학과 조산학의 학사 및 대학원 프로그램 도입 공식 승인","공지사항","2023-06-15","189","4","1"
"ko","news","news","41","[국내언론] 키르기즈 공화국 간호학과 조산학의 학사 및 대학원 프로그램 도입 공식 승인 언론 보도","공지사항","2023-06-16","634","4","0"
"ko","news","news","42","[채용] 경희대학교 아동간호학교실 2023 하반기 ODA 영프로페셔널(YP) 채용 (마감)","공지사항","2023-06-22","2","1","1"
"ko","news","news","43","[채용] 경희대학교 아동간호학교실 2023 하반기 ODA 영프로페셔널(YP) 채용 재공고 (기한 연장-마감)","공지사항","2023-07-18","2","1","1"
"ko","news","news","44","[채용] 경희대학교 아동간호학교실 2023 하반기 ODA 영프로페셔널(YP) 결원 채용(마감)","공지사항","2023-08-17","2","1","2"
"ko","news","news","45","[채용] 경희대학교 아동간호학교실 2023 하반기 ODA 영프로페셔널(YP) 결원 채용(기한연장)","공지사항","2023-08-29","2","1","2"
"ko","news","news","46","[채용] 경희대학교 아동간호학교실 2024 상반기 ODA 영프로페셔널(YP) 채용","공지사항","2023-12-14","2","1","1"
"ko","news","news","47","[채용] 경희대학교 아동간호학교실 2024 상반기 ODA 영프로페셔널(YP) 채용 재공고 (기한 연장)","공지사항","2023-12-26","2","1","1"
"ko","news","news","48","Poster Session: CALL FOR ABSTRACT NOTIFICATION","공지사항","2024-03-28","1082","1","0"
"ko","news","news","49","Poster Session: CALL FOR ABSTRACT EXTENDED!","공지사항","2024-04-13","505","1","0"
"ko","news","news","50","제 5회 International Nursing Forum","공지사항","2024-05-01","786","1","1"
"ko","news","news","51","[국내언론] 키르기즈 공화국에서 개최한 제5회 국제간호포럼 개최 소식 언론 보도","국내언론","2024-05-09","1061","6","0"
"ko","news","news","53","[보도자료] 키르기즈 공화국에서 개최한 제5회 국제간호포럼 개최","공지사항","2024-05-09","159","5","0"
"ko","news","news","54","국제 간호사의 날 2024","공지사항","2024-05-13","1073","6","0"
"ko","news","news","55","BK-LUPIC 2024 교원 역량 강화 프로그램 데이터 관리 및 분석 교육","공지사항","2024-06-05","147","1","0"
"ko","news","news","56","WHO European region Collaborating Centers & country office and KSMA, BK-LUPIC","공지사항","2024-07-17","136","5","0"
"ko","news","news","57","International conference on the development of nursing science with the participation of experts from WHO collaborating centers","공지사항","2024-07-17","130","4","0"
"ko","news","news","58","[채용마감] 2024년 NURSphere Lab 연구원 모집 공고","공지사항","2024-07-22","1485","1","2"
"ko","news","news","59","BK-LUPIC 선진적 간호교육 구축에 한 걸음 더 다가가다 (BK-LUPIC 1,2차년도 성과 보고)","공지사항","2024-07-24","2","0","1"
"ko","news","news","60","키르기즈국립의과대학, 경희대학교에 개교 85주년 맞아 감사장 수여","국내언론","2024-09-11","1037","3","0"
"ko","news","news","61","[채용] 경희대학교 아동간호학교실 2025 상반기 ODA 영프로페셔널(YP) 채용","공지사항","2024-12-06","1849","1","1"
"ko","news","news","62","[채용] 경희대학교 아동간호학교실 2025 상반기 ODA 영프로페셔널(YP) 채용 재공고 (기한 연장)","공지사항","2025-01-08","1971","1","1"
"ko","news","news","63","키르기즈 공화국 연수단 한국 방문 (2025.02.10. - 2025.02.14.)","공지사항","2025-02-20","329","0","1"
"ko","news","news","64","Poster Session: CALL FOR ABSTRACT NOTIFICATION","공지사항","2025-03-25","1375","4","0"
"ko","news","news","65","제 6회 International Nursing Forum","공지사항","2025-04-09","820","1","0"
"ko","news","news","66","Poster Session: CALL FOR ABSTRACT EXTENDED!","공지사항","2025-04-10","504","1","0"
"ko","news","news","68","[채용]2025년 NURSphere Lab 연구원 모집 공고","공지사항","2025-05-21","1426","0","2"
"ko","news","news","69","BK-LUPIC May 2025 Faculty Development Workshop: Innovative and Strategic Advancement of Nursing Education in the Kyrgyz Republic","공지사항","2025-05-26","1154","11","0"
"ko","news","news","70","[채용] 경희대학교 아동간호학교실 2026 상반기 ODA 영프로페셔널(YP) 채용","공지사항","2025-12-24","1905","1","1"
"ko","news","news","71","Call for Abstract: 7th International Nursing Forum 2026, “Nursing and Midwifery Without Borders: Experience, Science, and Innovation.”","공지사항","2026-02-23","1114","1","0"
"ko","news","news","72","[Register Now] 7TH INTERNATIONAL FORUM ON NURSING AND MIDWIFERY!","공지사항","2026-03-04","307","1","0"
"ko","news","news","73","[Abstract Submission Deadline — Extended!] 7th International Nursing Forum 2026, “Nursing and Midwifery Without Borders: Experience, Science, and Innovation.”","공지사항","2026-03-20","504","1","0"
"ko","news","news","74","[채용] 경희대학교 아동간호학교실 2026 하반기 ODA 영프로페셔널(YP) 채용","공지사항","2026-09-03","1931","1","1"
"ko","news","news","75","[BK-LUPIC 소식] 신현숙 사업단장 키르기스스탄 파견 활동","공지사항","2026-09-04","288","1","0"
"ko","news","news","76","[BK-LUPIC 소식] 신현숙 사업단장, 주키르기스스탄 대한민국 대사관 방문","공지사항","2026-09-04","526","1","0"
"ko","news","news","77","[BK-LUPIC 소식] 신현숙 사업단장, 키르기스스탄 보건부 의학교육·과학 부서와 회의","공지사항","2026-09-04","339","1","0"
"en","news","news_en","10","[Notice] 2022 year in review","Notice","2023-02-09","1253","10","0"
"en","news","news_en","11","[Korean News Article] BK-LUPIC project is welcoming you!","Korean","2023-02-09","415","3","0"
"en","news","news_en","12","[Notice] 4th Educational session 'Implementation and planning an effective strategy for the health information system in the Kyrgyz Republic'","Notice","2023-03-29","121","2","0"
"en","news","news_en","13","[Notice] 5th Educational session 'Bachelor's degree program in Nursing and Professional standard'","Notice","2023-03-29","121","2","0"
"en","news","news_en","14","International Nurses Day 2023","Notice","2023-05-12","1457","2","0"
"en","news","news_en","15","[Notice] 4th International Nursing Forum 2023","Notice","2023-05-30","1202","1","0"
"en","news","news_en","16","[Notice] CALL FOR ABSTRACT! (Submission date EXTENDED!)","Notice","2023-05-30","2547","1","0"
"en","news","news_en","17","[Korean News Article] Media reports officially approved Bachelor's and graduate degree programs in nursing and midwifery in the Kyrgyz Republic","Notice","2023-06-16","962","4","0"
"en","news","news_en","18","Poster Session: CALL FOR ABSTRACT NOTIFICATION","Notice","2024-03-28","2284","1","0"
"en","news","news_en","19","Poster Session: CALL FOR ABSTRACT! (Submission date EXTENDED!)","Notice","2024-04-13","597","1","0"
"en","news","news_en","2","[Notice] Call for abstract of the Intl conference 2019 'Child Health and Nursing Education'","Notice","2023-02-09","4","2","0"
"en","news","news_en","20","5th International Nursing Forum","Notice","2024-05-01","1398","1","1"
"en","news","news_en","21","[Korean News Article] News coverage of the 5th International Nursing Forum held in the Kyrgyz Republic","Korean","2024-05-09","1538","6","0"
"en","news","news_en","22","International Nurses Day 2024","Notice","2024-05-13","2018","6","0"
"en","news","news_en","23","BK-LUPIC 2024 Faculty Development Program: Data Management & Data Analysis","Notice","2024-06-05","328","1","0"
"en","news","news_en","24","WHO European region Collaborating Centers & country office and KSMA, BK-LUPIC","Notice","2024-07-17","138","5","0"
"en","news","news_en","25","International conference on the development of nursing science with the participation of experts from WHO collaborating centers","Notice","2024-07-17","132","4","0"
"en","news","news_en","26","Advancing Progressive Nursing Education through BK-LUPIC (BK-LUPIC Year 1 and 2 Achievement Report)","Notice","2024-07-24","4","0","1"
"en","news","news_en","27","Kyrgyz State Medical Academy Awards Kyung Hee University on its 85th Anniversary","Korean","2024-09-11","2397","3","0"
"en","news","news_en","28","2025 Korea Invitational Training Program (2025.02.10. - 2025.02.14.)","Notice","2025-02-24","264","0","1"
"en","news","news_en","29","Poster Session: CALL FOR ABSTRACT NOTIFICATION","Notice","2025-03-25","3000","4","0"
"en","news","news_en","3","[Notice] Naming the Child Health Promotion Center","Notice","2023-02-09","193","0","0"
"en","news","news_en","30","6th International Nursing Forum","Notice","2025-04-09","1533","1","1"
"en","news","news_en","31","Poster Session: CALL FOR ABSTRACT! (Submission date EXTENDED!)","Notice","2025-04-10","595","1","0"
"en","news","news_en","32","BK-LUPIC May 2025 Faculty Development Workshop: Innovative and Strategic Advancement of Nursing Education in the Kyrgyz Republic","Notice","2025-05-26","1156","11","0"
"en","news","news_en","33","BK-LUPIC Introduction","Notice","2025-09-17","4","0","0"
"en","news","news_en","37","Call for Abstract: 7th International Nursing Forum 2026, “Nursing and Midwifery Without Borders: Experience, Science, and Innovation.”","Notice","2026-02-21","1107","1","0"
"en","news","news_en","38","[Register Now] 7TH INTERNATIONAL FORUM ON NURSING AND MIDWIFERY!","Notice","2026-03-04","309","1","0"
"en","news","news_en","39","[Abstract Submission Deadline — Extended!] 7th International Nursing Forum 2026, “Nursing and Midwifery Without Borders: Experience, Science, and Innovation.”","Notice","2026-03-20","506","1","0"
"en","news","news_en","4","[Notice] Inviting a new program as 'Chick Playschool' in a child health promotion center","Notice","2023-02-09","159","1","0"
"en","news","news_en","40","[Program] 7TH INTERNATIONAL FORUM ON NURSING AND MIDWIFERY & WHO CENTRAL ASIA COORDINATION COUNCIL OF CHIEF STATE SPECIALISTS","Notice","2026-04-09","4","1","0"
"en","news","news_en","41","[Register Now] 7TH INTERNATIONAL FORUM ON NURSING AND MIDWIFERY!","Notice","2026-04-21","405","1","0"
"en","news","news_en","5","[Notice] Open an exhibition for the child health promotion project","Notice","2023-02-09","215","1","0"
"en","news","news_en","6","[Notice] Happy Nurses year! Happy Nurses week!","Notice","2023-02-09","283","0","0"
"en","news","news_en","7","[Notice] International Nurses Day","Notice","2023-02-09","338","1","0"
"en","news","news_en","8","[Notice] 2022 Nursing education forum and 2022 Educational session","Notice","2023-02-09","4","3","0"
"en","news","news_en","9","[Notice] Survey on the status and importance of nursing competencies in KR","Notice","2023-02-09","768","2","0"
"ky","news","news_kg","11","[Кулактандыруу] Международная конференция 2019: Здоровье детей и сестринское образование [2]","Кулактандыруу","2023-02-09","5","1","0"
"ky","news","news_kg","12","[Кулактандыруу] Ак-Ордо & Ак-Өргө жаңы конушундагы ата-энелердин арасында макала жазуу сынагы","Кулактандыруу","2023-02-09","5","1","0"
"ky","news","news_kg","13","[Кулактандыруу] Ден соолук сынагын утурлай фотосурөт жана текст сынагы","Кулактандыруу","2023-02-09","5","1","0"
"ky","news","news_kg","14","[Кулактандыруу] Ден соолук жумалыгы","Кулактандыруу","2023-02-09","95","1","0"
"ky","news","news_kg","15","[Кулактандыруу] СпасибоМедсестрам","Кулактандыруу","2023-02-09","224","0","0"
"ky","news","news_kg","16","[Кулактандыруу] Кыргыз Республикасында мээрмандык(медайымдардын) билим беруу саясатын жакшыртуу боюнча изилдөөнун сурамжылоосуна катышууга чакырабыз","Кулактандыруу","2023-02-09","683","1","0"
"ky","news","news_kg","17","BK – LUPIC долбоорунан баарыңыздарга салам!","Кореянын басмалары","2023-02-09","466","3","0"
"ky","news","news_kg","18","[Кулактандыруу] Бүгүн биз бардык медайымдарды кесиптик майрамы","Кулактандыруу","2023-02-09","380","1","0"
"ky","news","news_kg","19","[Кулактандыруу] сурамжылоого катышууга чакырабыз","Кулактандыруу","2023-02-09","994","2","0"
"ky","news","news_kg","2","[Кулактандыруу] Жаркын Кыргызстан: Кыргызстан, Бишкек шаарынын жаны конуштагы балдардын ден соолугун чындоо (жакшыртуу) долбоорунун жаныдан башталышы","Кулактандыруу","2023-02-09","155","1","0"
"ky","news","news_kg","20","[Кулактандыруу] Итоги 2022 года жаркын кыргызстан","Кулактандыруу","2023-02-09","5","3","0"
"ky","news","news_kg","21","[Кулактандыруу] Четвертая Образовательная сессия “Внедрение и планирование эффективной стратегии информационной системы здравоохранения в Кыргызской Республике”","Кулактандыруу","2023-03-29","218","2","0"
"ky","news","news_kg","22","[Кулактандыруу] Пятая Образовательная сессия 'Программа подготовки бакалавров по направлению Сестринское дело '","Кулактандыруу","2023-03-29","218","2","0"
"ky","news","news_kg","29","Бүткүл дүйнөлүк медайымдардын күнү 2023","Кулактандыруу","2023-05-12","1608","2","0"
"ky","news","news_kg","3","[Кулактандыруу] GLP( “Эл аралык саламаттыкты сактоо программасы) алкагында 7","Кулактандыруу","2023-02-09","1996","0","0"
"ky","news","news_kg","30","Эл аралык форумуна","Кулактандыруу","2023-05-30","1640","1","0"
"ky","news","news_kg","31","ПОСТЕРДИК ДОКЛАДКА ТЕЗИСТЕРДИ КАБЫЛ АЛУУ ЖҮРҮП ЖАТАТ (Тезистерди кабыл алуу мөөнөтү узартылды!)","Кулактандыруу","2023-05-30","2658","1","0"
"ky","news","news_kg","32","[Жергиликтүү ММКлар] Кыргыз Республикасында медайымдык жана акушердик иш боюнча бакалавриат жана магистратура программаларын киргизүүгө расмий уруксат берилди","Кулактандыруу","2023-06-16","1303","4","0"
"ky","news","news_kg","33","ПОСТЕРДИК ДОКЛАДКА ТЕЗИСТЕРДИ КАБЫЛ АЛУУ ЖҮРҮП ЖАТАТ","Кулактандыруу","2024-03-28","2277","1","0"
"ky","news","news_kg","34","ПОСТЕРДИК ДОКЛАДКА ТЕЗИСТЕРДИ КАБЫЛ АЛУУ ЖҮРҮП ЖАТАТ (Тезистерди кабыл алуу мөөнөтү узартылды!)","Кулактандыруу","2024-04-13","610","1","0"
"ky","news","news_kg","35","5-Эл аралык медайымдар форуму","Кулактандыруу","2024-05-01","1522","1","1"
"ky","news","news_kg","37","Международный день медицинских сестер 2024","Кулактандыруу","2024-05-13","2215","6","0"
"ky","news","news_kg","38","Жаркын Кыргызстан-LUPIC 2024 Программа развития кафедры сестринского дела КГМА им. И.К.Ахунбаева Управление данными и анализ данных","Кулактандыруу","2024-06-05","417","1","0"
"ky","news","news_kg","39","Коллаборационные центры, Страновые офисы ВОЗ Европейского региона, КГМА им. И.К. Ахунбаева и проект Жаркын Кыргызстан-LUPIC","Кулактандыруу","2024-07-17","129","5","0"
"ky","news","news_kg","4","[Кулактандыруу] «Жаркын Кыргызстан»дын расмий сайты ачылды.","Кулактандыруу","2023-02-09","49","1","0"
"ky","news","news_kg","40","Международной конференции по развитию сестринской науки с участием экспертов коллаборационных центров ВОЗ","Кулактандыруу","2024-07-17","111","4","0"
"ky","news","news_kg","41","Кыргызская государственная медицинская академия вручила благодарственное письмо Университету Кёнхи по случаю 85-летия","Кулактандыруу","2024-09-11","2467","4","0"
"ky","news","news_kg","42","ПОСТЕРДИК ДОКЛАДКА ТЕЗИСТЕРДИ КАБЫЛ АЛУУ ЖҮРҮП ЖАТАТ","Кулактандыруу","2025-03-25","2919","4","0"
"ky","news","news_kg","43","VI Эл аралык медайымдык форуму","Кулактандыруу","2025-04-09","1633","1","0"
"ky","news","news_kg","44","ПОСТЕРДИК ДОКЛАДКА ТЕЗИСТЕРДИ КАБЫЛ АЛУУ ЖҮРҮП ЖАТАТ (Тезистерди кабыл алуу мөөнөтү узартылды!)","Кулактандыруу","2025-04-10","556","1","0"
"ky","news","news_kg","45","BK-LUPIC, 2025-жылдын май айы – Медайымдык билим берүүнү өнүктүрүүгө багытталган окутуучулар үчүн семинар","Кулактандыруу","2025-05-26","1379","11","0"
"ky","news","news_kg","46","Абстракттарды кабыл алуу жарыясы Медайымдардын 7-Эл аралык Форуму – 2026 «Чек арасыз медайымдык жана акушердик иш: тажрыйба, илим жана инновация»","Кулактандыруу","2026-02-23","1369","1","0"
"ky","news","news_kg","47","[Бардык каалоочулар үчүн ачык] VII Эл аралык медайымдык жана акушердик иш форум!","Кулактандыруу","2026-03-04","369","1","0"
"ky","news","news_kg","48","[Тезистерди тапшыруу мөөнөтү — узартылды!] VII Эл аралык медайымдык жана акушердик иш форум!","Кулактандыруу","2026-03-20","542","1","0"
"ky","news","news_kg","49","VII ЭЛ АРАЛЫК МЕДАЙЫМДЫК ЖАНА АКУШЕРДИК ИШ ФОРУМУ ДҮЙНӨЛҮК САЛАМАТТЫК САКТОО УЮМУНУН БОРБОРДУК АЗИЯДАГЫ МАМЛЕКЕТТИК БАШКЫ АДИСТЕРДИН КООРДИНАЦИЯЛЫК КЕҢЕШИ","Кулактандыруу","2026-04-10","5","1","0"
"ky","news","news_kg","5","[Кулактандыруу] Международная конференция 2019: Здоровье детей и сестринское образование [1]","Кулактандыруу","2023-02-09","5","1","0"
"ky","news","news_kg","50","[Бардык каалоочулар үчүн ачык] VII Эл аралык медайымдык жана акушердик иш форум!","Кулактандыруу","2026-04-21","471","1","0"
"ky","news","news_kg","6","[Кулактандыруу] 2019-чу жыл бою да биз менен бирге болуп, колдоп бериңиздер!","Кулактандыруу","2023-02-09","66","1","0"
"ky","news","news_kg","7","[Кулактандыруу] Көңул бурунуздар! Балдардын ден соолугун чыңдоо комплексинин аталышына сынак жарыяланат!","Кулактандыруу","2023-02-09","5","1","0"
"ky","news","news_kg","8","[Кулактандыруу] Жаш балдардын ден соолугун коргоо борборунда оюн-зоок мектебин уюштуруу ата-энелерди кабыл алуу","Кулактандыруу","2023-02-09","1253","1","0"
"ky","news","news_kg","9","[Кулактандыруу] Сиздерди жаш балдардын ден соолугун чындоо борборундагы оюн-зоок мектебинин программасына чакырабыз!","Кулактандыруу","2023-02-09","5","2","0"
"ru","news","news_ru","10","[Доска обьявлений] Будьте с нами и в 2019 году!","Доска объявлений","2023-02-10","35","1","0"
"ru","news","news_ru","11","[Доска обьявлений] Көңул бурунуздар! Балдардын ден соолугун чыңдоо комплексинин аталышына сынак жарыяланат!","Доска объявлений","2023-02-10","6","1","0"
"ru","news","news_ru","12","[Доска обьявлений] Жаш балдардын ден соолугун коргоо борборунда оюн-зоок мектебин уюштуруу ата-энелерди кабыл алуу","Доска объявлений","2023-02-10","1253","1","0"
"ru","news","news_ru","13","[Доска обьявлений] Сиздерди жаш балдардын ден соолугун чындоо борборундагы оюн-зоок мектебинин программасына чакырабыз!","Доска объявлений","2023-02-10","6","2","0"
"ru","news","news_ru","14","[Доска обьявлений] Международная конференция 2019: Здоровье детей и сестринское образование","Доска объявлений","2023-02-10","6","1","0"
"ru","news","news_ru","15","[Доска обьявлений] Ак-Ордо & Ак-Өргө жаңы конушундагы ата-энелердин арасында макала жазуу сынагы","Доска объявлений","2023-02-10","6","1","0"
"ru","news","news_ru","16","[Доска обьявлений] Ден соолук сынагын утурлай фотосурөт жана текст сынагы","Доска объявлений","2023-02-10","6","1","0"
"ru","news","news_ru","17","[Доска обьявлений] Ден соолук жумалыгы","Доска объявлений","2023-02-10","96","1","0"
"ru","news","news_ru","18","[Доска обьявлений] СпасибоМедсестрам","Доска объявлений","2023-02-10","225","0","0"
"ru","news","news_ru","19","[Доска обьявлений] набор респондентор для опроса в исслеловании по улучшению политики сестринского образования в Кыргызской Республике","Доска объявлений","2023-02-10","684","1","0"
"ru","news","news_ru","20","Проект BK – LUPIC приветствует всех вас!","Зарубежные издательства","2023-02-10","378","3","0"
"ru","news","news_ru","21","[Доска обьявлений] Сегодня мы хотим поздравить всех медсестер с их профессиональным праздником - Международным днем медсестры.","Доска объявлений","2023-02-10","376","1","0"
"ru","news","news_ru","22","[Доска обьявлений] примите участие в опросе медсестёр","Доска объявлений","2023-02-10","888","2","0"
"ru","news","news_ru","23","[Доска обьявлений] Итоги 2022 года жаркын кыргызстан","Доска объявлений","2023-02-10","6","3","0"
"ru","news","news_ru","24","[Доска обьявлений] Четвертая Образовательная сессия “Внедрение и планирование эффективной стратегии информационной системы здравоохранения в Кыргызской Республике”","Доска объявлений","2023-03-29","308","2","0"
"ru","news","news_ru","25","[Доска обьявлений] Пятая Образовательная сессия 'Программа подготовки бакалавров по направлению Сестринское дело '","Доска объявлений","2023-03-29","308","2","0"
"ru","news","news_ru","27","Международный день медсестёр 2023","Доска объявлений","2023-05-12","1341","2","0"
"ru","news","news_ru","28","международный форум 'Карьерный рост и лидерство в сестринском деле'","Доска объявлений","2023-05-30","1070","1","0"
"ru","news","news_ru","29","ВЕДЕТСЯ НАБОР ТЕЗИСОВ на постерные (стендовые) доклады (Прием на тезисов продлен!)","Доска объявлений","2023-05-30","2473","1","0"
"ru","news","news_ru","31","[Местные СМИ] Официальное утверждение введения бакалавриата и магистратуры по сестринскому делу и акушерству в Кыргызской Республике","Доска объявлений","2023-06-16","1208","4","0"
"ru","news","news_ru","32","ВЕДЕТСЯ НАБОР ТЕЗИСОВ на постерные (стендовые) доклады","Доска объявлений","2024-03-28","2242","1","0"
"ru","news","news_ru","33","ВЕДЕТСЯ НАБОР ТЕЗИСОВ на постерные (стендовые) доклады (Прием на тезисов продлен!)","Доска объявлений","2024-04-13","611","1","0"
"ru","news","news_ru","34","5-й Международный форум по сестринскому делу","Доска объявлений","2024-05-01","1534","1","1"
"ru","news","news_ru","35","Международный день медицинских сестер 2024","Доска объявлений","2024-05-13","2216","6","0"
"ru","news","news_ru","36","Жаркын Кыргызстан-LUPIC 2024 Программа развития кафедры сестринского дела КГМА им. И.К.Ахунбаева Управление данными и анализ данных","Доска объявлений","2024-06-05","418","1","0"
"ru","news","news_ru","38","Коллаборационные центры, Страновые офисы ВОЗ Европейского региона, КГМА им. И.К. Ахунбаева и проект Жаркын Кыргызстан-LUPIC","Доска объявлений","2024-07-17","130","5","0"
"ru","news","news_ru","39","Международной конференции по развитию сестринской науки с участием экспертов коллаборационных центров ВОЗ","Доска объявлений","2024-07-17","112","4","0"
"ru","news","news_ru","4","[Доска обьявлений] Жаркын Кыргызстан: Кыргызстан, Бишкек шаарынын жаны конуштагы балдардын ден соолугун чындоо (жакшыртуу) долбоорунун жаныдан башталышы.","Доска объявлений","2023-02-10","141","2","0"
"ru","news","news_ru","40","Кыргызская государственная медицинская академия вручила благодарственное письмо Университету Кёнхи по случаю 85-летия","Доска объявлений","2024-09-11","2468","3","0"
"ru","news","news_ru","41","Программа обучения в Корее (2025.02.10. - 2025.02.14.)","Доска объявлений","2025-02-24","252","0","1"
"ru","news","news_ru","42","ПРИЁМ ТЕЗИСОВ ДЛЯ ПОСТЕРНЫХ ДОКЛАДОВ!","Доска объявлений","2025-03-25","2746","4","0"
"ru","news","news_ru","43","VI Международный форум по сестринскому делу","Доска объявлений","2025-04-09","1513","1","1"
"ru","news","news_ru","44","ВЕДЕТСЯ НАБОР ТЕЗИСОВ на постерные (стендовые) доклады (Прием на тезисов продлен!)","Доска объявлений","2025-04-10","515","1","0"
"ru","news","news_ru","45","Факультетский семинар BK-LUPIC, май 2025 года: Инновационное и стратегическое развитие сестринского образования в Кыргызской Республике","Доска объявлений","2025-05-26","1355","11","0"
"ru","news","news_ru","46","Представление проекта Жаркын Кыргызстан","Доска объявлений","2025-09-17","6","0","0"
"ru","news","news_ru","47","Объявление о приёме тезисов 7-й Международный форум по сестринскому делу – 2026 «Сестринское дело и акушерство без границ: опыт, наука и инновации»","Доска объявлений","2026-02-23","1272","1","0"
"ru","news","news_ru","48","[Открыто для всех желающих] VII МЕЖДУНАРОДНЫЙ ФОРУМ СЕСТРИНСКОГО И АКУШЕРСКОГО ДЕЛА!","Доска объявлений","2026-03-04","381","1","0"
"ru","news","news_ru","49","[Дедлайн подачи тезисов — продлён!] 7-й Международный форум по сестринскому делу – 2026 «Сестринское дело и акушерство без границ: опыт, наука и инновации»","Доска объявлений","2026-03-20","470","1","0"
"ru","news","news_ru","5","[Доска обьявлений] GLP( “Эл аралык саламаттыкты сактоо программасы) алкагында 7","Доска объявлений","2023-02-10","1997","0","0"
"ru","news","news_ru","50","VII МЕЖДУНАРОДНЫЙ ФОРУМ СЕСТРИНСКОГО И АКУШЕРСКОГО ДЕЛА КООРДИНАЦИОННЫЙ СОВЕТ ГЛАВНЫХ ГОСУДАРСТВЕННЫХ СПЕЦИАЛИСТОВ СТРАН ЦЕНТРАЛЬНОЙ АЗИИ ЕВРОПЕЙСКОГО РЕГИОНА ВОЗ","Доска объявлений","2026-04-10","6","1","0"
"ru","news","news_ru","51","[Открыто для всех желающих] VII МЕЖДУНАРОДНЫЙ ФОРУМ СЕСТРИНСКОГО И АКУШЕРСКОГО ДЕЛА!","Доска объявлений","2026-04-21","494","1","1"
"ru","news","news_ru","52","Международный день медицинской сестры — Форум 2026","Зарубежные издательства","2026-06-17","22","1","0"
"ru","news","news_ru","53","[Новости BK-LUPIC] Командировка директора Шин Хенсук в Кыргызстан","Доска объявлений","2026-09-04","781","1","0"
"ru","news","news_ru","54","Заголовок: [Новости BK-LUPIC] Директор Шин Хенсук посетила Посольство Республики Корея в Кыргызской Республике","Доска объявлений","2026-09-04","1453","1","0"
"ru","news","news_ru","55","[Новости BK-LUPIC] Директор Шин Хенсук провела встречу с Управлением медицинского образования и науки Министерства здравоохранения Кыргызской Республики","Доска объявлений","2026-09-04","933","1","0"
"ru","news","news_ru","7","[Доска обьявлений] Официальный сайт «Жаркын Кыргызстан» открыт.","Доска объявлений","2023-02-10","205","1","0"
"ru","news","news_ru","8","[Доска обьявлений] Объявление о приеме аннотаций на международную конференцию 2019","Доска объявлений","2023-02-10","6","1","0"
"ru","news","news_ru","9","[Доска обьявлений] Международная конференция 2019: Здоровье детей и сестринское образование","Доска объявлений","2023-02-10","6","1","0"
"ko","social","social","100","키르기즈스탄 보건부 산하 건강증진센터 면담","Child Health","2023-02-10","103","1","0"
"ko","social","social","101","12번 병원 면담","Child Health","2023-02-10","90","1","0"
"ko","social","social","102","KSMA 간호학과 교수 연구역량강화 워크숍","Child Health","2023-02-10","43","1","0"
"ko","social","social","103","악오르고 및 악오르고 보건소 CHW 모임","Child Health","2023-02-10","37","1","0"
"ko","social","social","104","실행위원회 정기모임","Child Health","2023-02-10","26","1","0"
"ko","social","social","105","2019 사업보고회 및 자문위원회 워크숍","Child Health","2023-02-10","46","3","0"
"ko","social","social","106","세계 여성의 날 행사 (악오르고 보건소)","Child Health","2023-02-10","191","2","0"
"ko","social","social","107","세계 여성의 날 행사 (악오르도 보건소)","Child Health","2023-02-10","192","2","0"
"ko","social","social","108","악오르도 건강증진센터 도서관 운영 시작","Child Health","2023-02-10","21","0","0"
"ko","social","social","109","악오르고 '병아리 놀이학교' 시작","Child Health","2023-02-10","132","0","0"
"ko","social","social","110","악오르도 '병아리 놀이학교' 시작","Child Health","2023-02-10","132","0","0"
"ko","social","social","111","CHW(부모리더) 대상 병아리 놀이학교 프로그램 교육","Child Health","2023-02-10","181","0","0"
"ko","social","social","112","주요 이해관계자 면담","Child Health","2023-02-10","136","3","0"
"ko","social","social","113","KSMA 간호학과 역량강화를 위한 워크숍","GES","2023-02-10","68","1","0"
"ko","social","social","114","간호사-CHW(부모리더) 연계보고회 및 실행위원회 모임","Child Health","2023-02-10","37","1","0"
"ko","social","social","115","스위스개발협력청 산하 MER(의학교육혁신)프로젝트 팀 면담","GES","2023-02-10","92","1","0"
"ko","social","social","116","키르기즈스탄의 어린이날","Child Health","2023-02-10","58","2","0"
"ko","social","social","117","2019 모니터링 및 평가 전문가 사전 준비 워크숍 및 GLP(국제보건 리더십 프로그램)여름 활동 발대식","Child Health","2023-02-10","99","2","0"
"ko","social","social","118","2019 GLP(국제 보건 리더십 프로그램)과 모니터링 및 평가 전문가 여름 출장","Child Health","2023-02-10","146","1","0"
"ko","social","social","119","2019 GLP(국제 보건 리더십 프로그램) 여름 활동 및 BK 사업팀 이해관계자 면담","Child Health","2023-02-10","191","3","0"
"ko","social","social","120","KSMA 간호학과 교수 역량강화 워크숍","GES","2023-02-10","157","2","0"
"ko","social","social","121","키르기즈스탄 보건부 면담","Child Health","2023-02-10","63","1","0"
"ko","social","social","122","키르기즈스탄 보건부 산하 건강증진센터 면담","Child Health","2023-02-10","121","1","0"
"ko","social","social","123","2019 국제 컨퍼런스 '아동건강과 간호교육' 컨퍼런스 개최","Child Health","2023-02-10","2445","3","0"
"ko","social","social","124","2019 모니터링 및 평가 전문가와 이해관계자 면담","Child Health","2023-02-10","122","2","0"
"ko","social","social","125","KSMA 간호학과 교수 역량강화 워크숍","GES","2023-02-10","59","2","0"
"ko","social","social","126","2019 사업 중간보고회 및 자문위원회 모임","Child Health","2023-02-10","95","3","0"
"ko","social","social","127","2019 GLP(국제 보건 리더십 프로그램) 문화교류의 날","Child Health","2023-02-10","150","3","0"
"ko","social","social","128","2019 악오르고 및 악오르고 보건소 Health Fair","Child Health","2023-02-10","143","2","0"
"ko","social","social","129","악오르도 '병아리 놀이학교' 수업","Child Health","2023-02-10","177","0","0"
"ko","social","social","130","악오르고 '병아리 놀이학교' 수업","Child Health","2023-02-10","154","2","0"
"ko","social","social","131","2019 GLP(국제 보건 리더십 프로그램) 유니세프 키르기즈스탄 방문","Child Health","2023-02-10","121","2","0"
"ko","social","social","132","유니세프 키르기즈스탄 면담","Child Health","2023-02-10","288","2","0"
"ko","social","social","133","2019 GLP(국제 보건 리더십 프로그램) 평가보고회","Child Health","2023-02-10","65","2","0"
"ko","social","social","134","보건의료인 역량강화 교육","Child Health","2023-02-10","160","1","0"
"ko","social","social","135","'좋은 부모 그리고 양육' 영화 감상의 날","Child Health","2023-02-10","240","3","0"
"ko","social","social","136","'좋은 부모 그리고 양육' 영화 감상의 날","Child Health","2023-02-10","242","2","0"
"ko","social","social","137","'좋은 부모 그리고 양육' 영화 감상의 날","Child Health","2023-02-10","181","1","0"
"ko","social","social","138","보건의료인 및 CHW(부모리더) 대상 아동의 발달&양육 교육","Child Health","2023-02-10","176","2","0"
"ko","social","social","139","2019 Health Contest","Child Health","2023-02-10","2","2","0"
"ko","social","social","140","자문위원회 워크숍","Child Health","2023-02-10","167","1","0"
"ko","social","social","141","2019 사업 종료 보고회","Child Health","2023-02-10","309","2","0"
"ko","social","social","142","아동건강증진서비스 모니터링","Child Health","2023-02-10","170","3","0"
"ko","social","social","143","간호사-CHW(부모리더) 연계보고회","Child Health","2023-02-10","49","1","0"
"ko","social","social","144","악오르고 펠트북 클래스","Child Health","2023-02-10","21","0","0"
"ko","social","social","145","Congress of Nurses and Midwives","GES","2023-02-10","458","3","0"
"ko","social","social","146","키르기즈 공화국 간호교육 정책개선 전문가 공청회 개최","GES","2023-02-10","369","2","0"
"ko","social","social","147","키르기즈 공화국 간호교육 정책개선안 제안(요구도 조사편)","GES","2023-02-10","462","11","0"
"ko","social","social","148","키르기즈 공화국 간호교육 정책개선안 제안 (개선전략도출 및 제안편)","GES","2023-02-10","552","11","0"
"ko","social","social","149","[Conference Presentation] Quality of parent-child interactions in migrant community","Child Health","2023-02-13","1617","1","1"
"ko","social","social","150","[Research Article] Evaluation of a community-ba sed child (infants and toddlers) health promotion pilot project in a migrant village in Kyrgyzstan","Child Health","2023-02-13","1612","1","1"
"ko","social","social","151","[Research Article] Development of a play toolkit for supporting infant and toddler development in Kyrgyzstan with a focus on the symbolic functioning and fine motor development of infants 6 to 36 months old","Child Health","2023-02-13","1708","1","1"
"ko","social","social","152","[Research Article] Community health needs assessment for a child health promotion program in Kyrgyzstan","Child Health","2023-02-13","1637","1","1"
"ko","social","social","153","[Research Article] Development and usability of a hands-on assessment tool for child health: The HATCH","Child Health","2023-02-13","1430","1","1"
"ko","social","social","154","[Researdh Article] Exploring the unmet needs for creating an enabling environment for nurturing care to promote migrant child health in Bishkek, Kyrgyzstan: A theory-guided community-ba sed participatory action research","Child Health","2023-02-13","1960","1","1"
"ko","social","social","156","[Research Article] Prevalence of Iodine deficiency among school children from New Settlement in Kyrgyzstan","Child Health","2023-02-13","1245","1","1"
"ko","social","social","157","[Conference Presentation] Strategic planning for nursing policy improvement in Kyrgyz Republic: A delphi, global collaborative study","GES","2023-02-13","3059","1","1"
"ko","social","social","158","[Conference Presentation] Needs assessment for nursing professional development in Kyrgyz Republic: A global collaborative work","GES","2023-02-13","3392","1","1"
"ko","social","social","159","[Report] Advancement of nursing education in the Kyrgyz Republic: Policy Suggestion","GES","2023-02-13","6588","1","1"
"ko","social","social","162","제4회 Educational session '키르기즈 공화국의 보건정보시스템 체계화를 위한 효과적인 전략 도출 및 적용 방안' 개최","LUPIC","2023-03-28","643","2","0"
"ko","social","social","164","제 5회 Educational session “키르기즈 공화국 간호학 학사 과정과 간호 직무 표준” 개최","LUPIC","2023-04-03","744","2","2"
"ko","social","social","165","[Research Article] Understanding community health workers’ activities in a community-ba sed child health promotion project in Kyrgyzstan","Child Health","2023-05-16","1953","1","1"
"ko","social","social","166","키르기즈 공화국 간호학과 조산학의 학사 및 대학원 프로그램 도입이 공식 승인되었습니다.","LUPIC","2023-06-07","652","3","0"
"ko","social","social","167","신 교육과정 세부교과운영계획 수립을 위한 한국과 키르기즈 국립의과대학(KSMA) 간호학과 교수간의 협력 팀활동을 진행하였습니다.","LUPIC","2023-06-07","413","4","0"
"ko","social","social","168","Bright Kyrgyzstan – LUPIC 전문가 워크숍이 수행되었습니다!","LUPIC","2023-06-07","676","4","0"
"ko","social","social","170","오늘 Faculty development workshop 과 함께 여름 집중활동이 시작되었습니다!","LUPIC","2023-06-27","341","4","0"
"ko","social","social","171","키르기즈 국립 의과대학 총장단 미팅","LUPIC","2023-06-27","356","4","0"
"ko","social","social","172","제 4회 International Nursing Forum","LUPIC","2023-06-30","1088","9","0"
"ko","social","social","173","Faculty development workshop DAY 2","LUPIC","2023-07-28","374","5","0"
"ko","social","social","174","Faculty development workshop DAY 3","LUPIC","2023-07-28","430","6","0"
"ko","social","social","175","키르기즈 간호협회 미팅","LUPIC","2023-07-31","356","2","0"
"ko","social","social","176","키르기즈 공화국 교육부 미팅","LUPIC","2023-07-31","466","3","0"
"ko","social","social","177","E-Health Center 미팅","LUPIC","2023-07-31","403","2","0"
"ko","social","social","178","I. K. Akhunbaev KSMA BK-LUPIC 대표단 미팅","LUPIC","2023-07-31","323","3","0"
"ko","social","social","179","키르기즈 공화국 WHO 사무소 미팅","LUPIC","2023-07-31","325","2","0"
"ko","social","social","181","연구역량 강화를 위한 July 2023 Faculty Development Workshop 운영!","LUPIC","2023-08-22","734","1","0"
"ko","social","social","182","Sigma Theta Tau International Headquarter 미팅","LUPIC","2023-08-22","881","4","0"
"ko","social","social","183","키르기즈 공화국 간호 학사 학위 과정 신입생 입학 설명회","LUPIC","2023-09-21","314","1","0"
"ko","social","social","184","2023 October Faculty Development Workshop 이 운영되었습니다!","LUPIC","2023-10-11","756","3","0"
"ko","social","social","185","11월 M&E: 키르기즈 공화국 보건부 산하 EHealth Center 보건정보시스템 교육자 및 상급병원(FMC) 5, 7 보건의료인 면담(FGI)","LUPIC","2023-11-23","2","3","0"
"ko","social","social","186","11월 M&E: 이해관계기관 방문 (국립감염병원)","LUPIC","2023-11-23","143","4","0"
"ko","social","social","187","11월 M&E: 이해관계자 면담 (E-Health Center 센터장 Beksultanov Chingiz, Business analyst Tsoi Irsen)","LUPIC","2023-11-23","181","2","0"
"ko","social","social","188","11월 M&E: 간호학과 신축 건물 공사현장 답사","LUPIC","2023-11-23","128","3","0"
"ko","social","social","189","KSMA 4년제 학사과정 신입생 환영의 밤","LUPIC","2023-11-23","131","7","0"
"ko","social","social","190","(November 20, 2023) The first day of team working of Faculty Development Workshop - Planning Modules and Courses for the BSN program","LUPIC","2023-11-23","135","3","0"
"ko","social","social","191","11월 M&E: KSMA 부총장 및 working group 관계자 간호학 석사과정 개발 착수 회의","LUPIC","2023-11-23","126","3","0"
"ko","social","social","192","(November 21, 2023) Team working #2 of Faculty Development Workshop - Planning Modules and Courses for the BSN program","LUPIC","2023-11-23","121","3","0"
"ko","social","social","193","2024 November Faculty workshop: 간호학과 교육환경개선 및 보건정보의료원(미디어랩) 회의","LUPIC","2023-11-23","210","4","0"
"ko","social","social","194","(November 21, 2023) Team working #3 of Faculty Development Workshop - Planning Modules and Courses for the BSN program","LUPIC","2023-11-23","121","3","0"
"ko","social","social","195","(November 21, 2023) Team working #4 of Faculty Development Workshop - Planning Modules and Courses for the BSN program","LUPIC","2023-11-30","121","4","0"
"ko","social","social","196","(November 22, 2023) Meeting with Dean (Faculty of Bioengineering and Nursing) for discussing strategies for student supports","LUPIC","2023-11-30","127","1","0"
"ko","social","social","197","(November 22, 2023) Faculty Development Workshop #1 with Faculty members Responsible for Nursing Education - Presenting the Plan of Modules and Courses for the BSN Program and Developing Strategies for Improved Nursing Education","LUPIC","2023-11-30","231","5","0"
"ko","social","social","198","(November 23, 2023) Meeting with the Head of Department of Healthcare Education and Science, Ministry of Health.","LUPIC","2023-11-30","115","3","0"
"ko","social","social","199","(November 23, 2023) Faculty Development Workshop #2 with Faculty members Responsible for Nursing Education - Presenting the Plan of Modules and Courses for the BSN Program and Developing Strategies for Improved Nursing Education","LUPIC","2023-11-30","231","6","0"
"ko","social","social","200","(November 24, 2023) Workshop and Working Group Meeting: Healthcare National/Sectoral Qualification fr amework Development","LUPIC","2023-11-30","123","5","0"
"ko","social","social","201","(November 24, 2023) Meeting with the President of Nurse Association of the Kyrgyz Republic","LUPIC","2023-11-30","93","2","0"
"ko","social","social","202","(January 24th, 2024) Faculty Development Workshop #1 with Faculty members for Nursing Bachelor's Program: Development of Curriculum(textbooks) and Establishment of Evaluation Criteria for Clinical Nursing Skills and Development of Training Videos","LUPIC","2024-01-25","252","4","0"
"ko","social","social","203","(January 25th, 2024) Faculty Development Workshop #2 with Faculty members: Nursing Teaching and Learning Methods and Enhancement of Research Skills","LUPIC","2024-01-26","240","5","0"
"ko","social","social","204","신현숙 교수(BK-LUPIC 단장), KSMA 훈장 수훈","LUPIC","2024-03-28","478","1","1"
"ko","social","social","206","제 5회 International Nursing Forum","LUPIC","2024-05-28","1410","0","0"
"ko","social","social","207","BK-LUPIC July 2024 Faculty Development Workshop Go for the High! :Leadership, Research, Clinical Teaching Capacity Building","LUPIC","2024-07-17","654","8","0"
"ko","social","social","208","BK-LUPIC Seminar with Multi-stakeholder Nursing Education Reform: Multi-Level System of Education","LUPIC","2024-07-17","685","7","0"
"ko","social","social","209","BK-LUPIC 2024년 5월 국외 출장 보고(2024년 5월 5일~2024년 5월 13일)","LUPIC","2024-07-24","825","0","2"
"ko","social","social","210","2024 BK-LUPIC July Report","LUPIC","2024-07-25","28","0","1"
"ko","social","social","211","경희대 BK-LUPIC, 키르기즈공화국서‘제6회 국제간호포럼’성료","LUPIC","2025-05-26","2262","1","2"
"ko","social","social","212","키르기즈 공화국에서 제7회 국제간호포럼 개최","LUPIC","2026-06-17","2583","1","0"
"ko","social","social","27","2017 사업설명회 및 워크숍","Child Health","2023-02-09","157","2","0"
"ko","social","social","28","비슈케크 보건청 면담","Child Health","2023-02-09","56","1","0"
"ko","social","social","29","비슈케크 간호대학 방문 및 면담","Child Health","2023-02-09","98","3","0"
"ko","social","social","30","실행위원회(보건의료인 및 CHW) 사업설명회","Child Health","2023-02-09","109","4","0"
"ko","social","social","31","악오르고 보건소 보건의료인 아동건강검진 교육","Child Health","2023-02-09","214","3","0"
"ko","social","social","32","실행위원회 모임","Child Health","2023-02-09","273","5","0"
"ko","social","social","33","악오르도 보건소 보건의료인 역량강화 교육","Child Health","2023-02-09","21","0","0"
"ko","social","social","34","악오르도, 악오르고 CHW(부모리더) 모임","Child Health","2023-02-09","316","2","0"
"ko","social","social","35","보건의료인 역량강화 교육","Child Health","2023-02-09","66","1","0"
"ko","social","social","36","1차년(2017) 악오르도 보건소 아동건강검진서비스 개시","Child Health","2023-02-09","104","3","0"
"ko","social","social","37","1차년(2017) 악오르고 보건소 아동건강검진서비스 개시","Child Health","2023-02-09","55","4","0"
"ko","social","social","38","1차년(2017) 모니터링 및 평가 사전준비 전문가 워크숍","Child Health","2023-02-09","257","1","0"
"ko","social","social","39","자문위원회 워크숍","Child Health","2023-02-09","126","1","0"
"ko","social","social","40","1차년(2017) 사업중간보고회","Child Health","2023-02-09","252","0","0"
"ko","social","social","41","KSMA 간호학술 워크숍","Child Health","2023-02-09","280","3","0"
"ko","social","social","42","CHW(부모리더) 정기모임","Child Health","2023-02-09","158","1","0"
"ko","social","social","43","간호사-CHW(부모리더) 연계보고회","Child Health","2023-02-09","247","1","0"
"ko","social","social","44","실행위원회 정기모임","Child Health","2023-02-09","196","1","0"
"ko","social","social","45","2017 GLP(국제보건 리더십 프로그램) 7기","Child Health","2023-02-09","378","0","0"
"ko","social","social","46","CHW(부모리더) 정기모임","Child Health","2023-02-09","145","1","0"
"ko","social","social","47","실행위원회 정기모임","Child Health","2023-02-09","252","1","0"
"ko","social","social","48","악오르도 보건소 아동건강검진서비스 모니터링 회의","Child Health","2023-02-09","257","1","0"
"ko","social","social","49","보건의료인 역량강화 교육","Child Health","2023-02-09","283","1","0"
"ko","social","social","50","실행위원회-CHW(부모리더) 정기모임","Child Health","2023-02-09","136","2","0"
"ko","social","social","51","2017 Health Contest: 건강 그림그리기 대회 및 수기 공모","Child Health","2023-02-09","141","1","0"
"ko","social","social","52","2017 Health Contest: 건강 그림 그리기 및 수기 공모 시상식","Child Health","2023-02-09","526","3","0"
"ko","social","social","53","1차년(2017) 사업 경과 보고 및 2차년(2018) 사업 설명 전문가 워크숍 개최","Child Health","2023-02-09","180","3","0"
"ko","social","social","54","CHW(부모리더) 정기모임","Child Health","2023-02-09","137","2","0"
"ko","social","social","55","자문위원회 모임","Child Health","2023-02-09","38","2","0"
"ko","social","social","56","KSMA 공동연구 세미나 개최","Child Health","2023-02-09","40","1","0"
"ko","social","social","57","77학교 학교장 면담","Child Health","2023-02-09","121","3","0"
"ko","social","social","58","악오르도 보건소 면담 및 아동건강증진센터 공사 점검","Child Health","2023-02-09","114","2","0"
"ko","social","social","59","악오르고 보건소 면담","Child Health","2023-02-09","78","2","0"
"ko","social","social","60","실행위원회-CHW(부모리더) 정기모임","Child Health","2023-02-09","69","2","0"
"ko","social","social","61","유니세프 키르기즈스탄 면담","Child Health","2023-02-09","249","1","0"
"ko","social","social","62","KSMA 공동연구 세미나 및 교수 연구역량강화 워크숍과 2차년 사업 시작","Child Health","2023-02-09","361","2","0"
"ko","social","social","63","악오르도 보건소 아동건강증진센터 개소식","Child Health","2023-02-09","421","2","0"
"ko","social","social","64","2차년(2018) 사업 설명회 및 1차년(2017) 보고회","Child Health","2023-02-09","523","2","0"
"ko","social","social","65","보건의료인 및 CHW(부모리더) 대상 아동 영양 교육","Child Health","2023-02-09","223","2","0"
"ko","social","social","66","키르기즈스탄 모국어의 날 행사","Child Health","2023-02-09","160","1","0"
"ko","social","social","67","CHW(부모리더) 대상 영유아 영양 및 빈혈 관리 교육","Child Health","2023-02-09","73","1","0"
"ko","social","social","68","악오르도 및 악오르고 보건소 보건의료인 모니터링 회의","Child Health","2023-02-09","98","1","0"
"ko","social","social","69","Health Scout 77학교 활동 모습","Child Health","2023-02-09","68","0","0"
"ko","social","social","70","악오르고 보건소 CHW(부모리더)","Child Health","2023-02-09","44","2","0"
"ko","social","social","71","악오르도 보건소 CHW(부모리더)","Child Health","2023-02-09","32","1","0"
"ko","social","social","72","실행위원회 모임","Child Health","2023-02-10","287","1","0"
"ko","social","social","73","KSMA & 12번(상급병원) 실습 간담회 개최","Child Health","2023-02-10","96","1","0"
"ko","social","social","74","키르기즈스탄 어린이날 행사","Child Health","2023-02-10","100","1","0"
"ko","social","social","75","전문가 워크숍","Child Health","2023-02-10","258","1","0"
"ko","social","social","76","악오르도 및 악오르고 보건소 의료인 역량강화 교육","Child Health","2023-02-10","157","2","0"
"ko","social","social","77","2018 국제 컨퍼런스 '아동 건강 및 간호 교육' 개최","Child Health","2023-02-10","2","1","0"
"ko","social","social","78","악오르도 보건소 아동부모대상 피부병 교육","Child Health","2023-02-10","59","1","0"
"ko","social","social","79","2018 여름 활동 시작!","Child Health","2023-02-10","81","1","0"
"ko","social","social","80","2018 여름 활동 첫날","Child Health","2023-02-10","271","3","0"
"ko","social","social","81","2018 여름활동 둘째 날","Child Health","2023-02-10","207","5","0"
"ko","social","social","82","2018 여름활동 셋째날","Child Health","2023-02-10","199","3","0"
"ko","social","social","83","2018 여름활동 넷째날","Child Health","2023-02-10","342","4","0"
"ko","social","social","84","2018 여름활동 다섯째날","Child Health","2023-02-10","253","5","0"
"ko","social","social","85","BK 사업팀 프로젝트 임승주 교수 파견","Child Health","2023-02-10","135","1","0"
"ko","social","social","86","보건의료인 역량강화 교육","Child Health","2023-02-10","58","1","0"
"ko","social","social","87","악오르고 보건소 아동부모대상 '빈혈과 영양' 교육","Child Health","2023-02-10","53","1","0"
"ko","social","social","88","악오르도 CHW(부모리더) 첫 펠트북 제작!","Child Health","2023-02-10","86","2","0"
"ko","social","social","89","2018 Health week: 가족걷기대회와 헬스컨테스트 개최","Child Health","2023-02-10","133","1","0"
"ko","social","social","90","헬스컨테스트 및 가족걷기 대회 행사 준비","Child Health","2023-02-10","178","2","0"
"ko","social","social","91","악오르고&악오르도 지역 가족걷기 대회","Child Health","2023-02-10","51","2","0"
"ko","social","social","92","2018 Health Contest: 건강 주제 그림 그리기 및 수기 공모 시상식","Child Health","2023-02-10","56","2","0"
"ko","social","social","93","악오르고 지역 CHW 펠트북 제작","Child Health","2023-02-10","278","2","0"
"ko","social","social","94","KSMA 지역 사회 간호 실습 교육","Child Health","2023-02-10","138","1","0"
"ko","social","social","95","'좋은 부모 그리고 양육' 영화 감상의 날","Child Health","2023-02-10","158","1","0"
"ko","social","social","96","악오르도 보건소 아동부모대상 '좋은 부모란 무엇인가' 양육 교육","Child Health","2023-02-10","120","1","0"
"ko","social","social","97","악오르고 및 악오르도 보건소 CHW 펠트북 제작","Child Health","2023-02-10","134","1","0"
"ko","social","social","98","2019 모니터링 및 평가 전문가 사전 모임","Child Health","2023-02-10","38","1","0"
"ko","social","social","99","유니세프 키르기즈스탄 면담","Child Health","2023-02-10","52","1","0"
"en","social","social_en","10","Students from School #77","Child Health","2023-02-10","321","2","0"
"en","social","social_en","100","Report on Overseas Business Trip to BK-LUPIC, May 2024 (May 5, 2024 - May 13, 2024)","LUPIC","2024-07-24","1681","0","1"
"en","social","social_en","101","2024 BK-LUPIC July Report","LUPIC","2024-07-25","30","0","1"
"en","social","social_en","11","Family walking day with Bright Kyrgyzstan","Child Health","2023-02-10","59","2","0"
"en","social","social_en","12","'2018 Health Contest with Bright Kyrgyzstan '","Child Health","2023-02-10","174","2","0"
"en","social","social_en","13","Play Kits for Sale","Child Health","2023-02-10","384","3","0"
"en","social","social_en","14","Community Health Nursing Practicum","Child Health","2023-02-10","255","1","0"
"en","social","social_en","15","Engaging the university for community development","Child Health","2023-02-10","373","1","0"
"en","social","social_en","16","Nursing students’ practicum experience","Child Health","2023-02-10","273","1","0"
"en","social","social_en","17","Nursing Now","Child Health","2023-02-10","132","0","0"
"en","social","social_en","18","Collaboration with UNICEF","Child Health","2023-02-10","53","1","0"
"en","social","social_en","19","“The Book is the Source of Knowledge”","Child Health","2023-02-10","634","0","0"
"en","social","social_en","2","CHW(Parents Leader) Training day","Child Health","2023-02-10","36","1","0"
"en","social","social_en","20","'Chick' playschool","Child Health","2023-02-10","299","0","0"
"en","social","social_en","22","'Chick' playschool training session","Child Health","2023-02-10","316","0","0"
"en","social","social_en","23","Health promotion center, Kyrgyz State Medical Academy, #96 primary school, and Ak Orgo polyclinic","Child Health","2023-02-10","300","2","0"
"en","social","social_en","24","UNICEF-Civil Society Partnership","Child Health","2023-02-10","164","1","0"
"en","social","social_en","25","Faculty workshop for nursing education reform","Child Health","2023-02-10","177","3","0"
"en","social","social_en","26","Chick play school","Child Health","2023-02-10","87","3","0"
"en","social","social_en","27","Steering committee monthly meeting","Child Health","2023-02-10","167","2","0"
"en","social","social_en","28","Meeting with Swiss cooperation","Child Health","2023-02-10","122","2","0"
"en","social","social_en","29","Encountering #1 hospital, Lenin district","Child Health","2023-02-10","53","1","0"
"en","social","social_en","3","Advisory committee","Child Health","2023-02-10","89","3","0"
"en","social","social_en","30","Children’s day","Child Health","2023-02-10","408","2","0"
"en","social","social_en","31","Chick playschool, Ak-orgo","Child Health","2023-02-10","85","2","0"
"en","social","social_en","32","Chick playschool, Ak-ordo","Child Health","2023-02-10","570","0","0"
"en","social","social_en","33","Bright Kyrgyzstan - UNICEF MoU","Child Health","2023-02-10","477","2","0"
"en","social","social_en","34","Ak-Orgo Child Health Promotion Center","Child Health","2023-02-10","119","2","0"
"en","social","social_en","35","Health Week","Child Health","2023-02-10","462","3","0"
"en","social","social_en","36","Ak-Orgo Child's Health Promotion Center","Child Health","2023-02-10","292","1","0"
"en","social","social_en","37","CHW regular meeting","Child Health","2023-02-10","204","1","0"
"en","social","social_en","38","Chick play school","Child Health","2023-02-10","304","2","0"
"en","social","social_en","39","Ak-Orgo and Ak-Ordo Health Promotion Center","Child Health","2023-02-10","297","2","0"
"en","social","social_en","4","Collaborative research seminar: KHU-KSMA","Child Health","2023-02-10","80","4","0"
"en","social","social_en","40","'Play kits' class in Ak-Orgo","Child Health","2023-02-10","604","2","0"
"en","social","social_en","41","'Play kits' Class","Child Health","2023-02-10","72","0","0"
"en","social","social_en","42","'Chick Playschool '","Child Health","2023-02-10","178","2","0"
"en","social","social_en","43","Analysis of the practical course of nursing education in KSMA","Child Health","2023-02-10","1160","4","0"
"en","social","social_en","44","Online workshop “Improvement of nursing practicum education in KSMA'","Child Health","2023-02-10","692","4","0"
"en","social","social_en","45","KSMA nursing, Clinical supervisor training","Child Health","2023-02-10","209","4","0"
"en","social","social_en","46","Congress of Nurses and Midwives","GES","2023-02-10","1169","5","0"
"en","social","social_en","47","Meeting with the Ministry of Health","GES","2023-02-10","888","3","0"
"en","social","social_en","49","A strategic suggestion for improving nursing education polices in KR","GES","2023-02-10","871","11","0"
"en","social","social_en","5","Children’s day in Kyrgyzstan","Child Health","2023-02-10","112","3","0"
"en","social","social_en","50","A strategic suggestion for improving nursing education policies in KR","GES","2023-02-10","1096","11","0"
"en","social","social_en","51","Bright Kyrgyzstan Exhibition","Child Health","2023-02-10","215","1","0"
"en","social","social_en","53","The 4th Educational session : Implementation and planning an effective strategy for the health information system in the Kyrgyz Republic","LUPIC","2023-03-28","1254","2","0"
"en","social","social_en","56","The 5th educational session: 'Bachelor's degree program in nursing and Professional Standard of RN'","LUPIC","2023-04-03","1326","2","0"
"en","social","social_en","57","Bachelor's and graduate degree programs in nursing and midwifery granted approval at the state cabinet!","LUPIC","2023-06-07","1762","3","0"
"en","social","social_en","58","Korea-Kyrgyz Expert Team Collaboration for developing course outline of new BSN program in Progress !","LUPIC","2023-06-07","1661","4","0"
"en","social","social_en","59","Successful completion of the Bright Kyrgyzstan - LUPIC Expert Workshop!","LUPIC","2023-06-07","1814","4","0"
"en","social","social_en","6","2018 Bright Kyr. Expert workshop","LUPIC","2023-02-10","87","2","0"
"en","social","social_en","61","The Summer intensive activities have begun with an exciting 'Faculty development workshop'!","LUPIC","2023-06-27","881","4","0"
"en","social","social_en","62","Meeting with the rector and chancellery of I. K. Akhunbaev KSMA","LUPIC","2023-06-27","796","4","0"
"en","social","social_en","63","The 4th International Nursing Forum","LUPIC","2023-06-30","2658","9","0"
"en","social","social_en","64","Faculty development workshop DAY 2","LUPIC","2023-07-28","801","5","0"
"en","social","social_en","65","Faculty development workshop DAY 3","LUPIC","2023-07-28","872","6","0"
"en","social","social_en","66","Meeting with the Kyrgyz Nursing Association","LUPIC","2023-08-02","792","2","0"
"en","social","social_en","67","Meeting with the Ministry of Education of the Kyrgyz Republic","LUPIC","2023-08-02","952","2","0"
"en","social","social_en","68","Meeting with E-Health Center","LUPIC","2023-08-02","817","2","0"
"en","social","social_en","69","Meeting with KSMA BK-LUPIC delegation","LUPIC","2023-08-02","669","3","0"
"en","social","social_en","7","2018 Summer program","Child Health","2023-02-10","33","2","0"
"en","social","social_en","70","Meeting with the WHO Office in the Kyrgyz Republic","LUPIC","2023-08-02","543","2","0"
"en","social","social_en","72","July 2023 Faculty Development Workshop in Abu Dhabi: Building a Research Capacity!","LUPIC","2023-08-22","1445","1","0"
"en","social","social_en","73","Meeting with the Headquarter of Sigma Theta Tau International","LUPIC","2023-08-22","1690","4","0"
"en","social","social_en","74","The Kyrgyz Republic's very first Bachelor of Nursing degree program has been started!","LUPIC","2023-09-21","779","1","0"
"en","social","social_en","75","Highlights from the October 2023 Faculty Development Workshop!","LUPIC","2023-10-11","2084","3","0"
"en","social","social_en","76","November M&E: Kyrgyz Republic Ministry of Health affiliated EHealth Center, Educator for Health Information System, and Health Care Provider Meetings (FGI) at FMC 5 and 7","LUPIC","2023-11-23","4","3","0"
"en","social","social_en","77","(November 18, 2023) Visiting the 'Republican Hospital of Infectious Disease' and Meeting with the Head Physician and Deputy Chief of Nursing","LUPIC","2023-11-23","145","4","0"
"en","social","social_en","78","(November 19, 2023) Meeting with the Director and Business analysis of the eHealth Center under the Ministry of Health. - Collaboration for National Healthcare Information System","LUPIC","2023-11-23","183","2","0"
"en","social","social_en","79","(November 20, 2023) Visiting the Construction Site of the New Building for the Department of Nursing of I. K. Akhunbaev KSMA.","LUPIC","2023-11-23","130","3","0"
"en","social","social_en","8","Happy Independence Day!","Child Health","2023-02-10","28","1","0"
"en","social","social_en","80","(November 20, 2023) Welcoming Day of our future Nurses - Celebrating the opening of the first BSN program in the Kyrgyz Republic","LUPIC","2023-11-23","133","7","0"
"en","social","social_en","81","(November 20, 2023) The first day of team working of Faculty Development Workshop - Planning Modules and Courses for the BSN program","LUPIC","2023-11-23","137","3","0"
"en","social","social_en","82","(November 20, 2023) Meeting with the Vice rector and Working Group members of MSN Program (MSN: Master’s degree in Nursing)","LUPIC","2023-11-23","130","3","0"
"en","social","social_en","83","(November 21, 2023) Team working #2 of Faculty Development Workshop - Planning Modules and Courses for the BSN program","LUPIC","2023-11-23","123","3","0"
"en","social","social_en","84","(November 21, 2023) Faculty Development Workshop with Faculty members of Department of Nursing - Strategic Planning for Enhancing Infrastructure for Nursing Education and Healthcare Informatics Competencies.","LUPIC","2023-11-23","212","4","0"
"en","social","social_en","85","(November 21, 2023) Team working #3 of Faculty Development Workshop - Planning Modules and Courses for the BSN program","LUPIC","2023-11-23","123","3","0"
"en","social","social_en","86","(November 21, 2023) Team working #4 of Faculty Development Workshop - Planning Modules and Courses for the BSN program","LUPIC","2023-11-30","123","4","0"
"en","social","social_en","87","(November 22, 2023) Meeting with Dean (Faculty of Bioengineering and Nursing) for discussing strategies for student supports","LUPIC","2023-11-30","129","1","0"
"en","social","social_en","88","(November 22, 2023) Faculty Development Workshop #1 with Faculty members Responsible for Nursing Education - Presenting the Plan of Modules and Courses for the BSN Program and Developing Strategies for Improved Nursing Education","LUPIC","2023-11-30","233","5","0"
"en","social","social_en","89","(November 23, 2023) Meeting with the Head of Department of Healthcare Education and Science, Ministry of Health.","LUPIC","2023-11-30","117","3","0"
"en","social","social_en","9","Health week with Bright Kyrgyzstan","Child Health","2023-02-10","261","3","0"
"en","social","social_en","90","(November 23, 2023) Faculty Development Workshop #2 with Faculty members Responsible for Nursing Education - Presenting the Plan of Modules and Courses for the BSN Program and Developing Strategies for Improved Nursing Education","LUPIC","2023-11-30","233","6","0"
"en","social","social_en","91","(November 24, 2023) Workshop and Working Group Meeting: Healthcare National/Sectoral Qualification fr amework Development","LUPIC","2023-11-30","125","5","0"
"en","social","social_en","92","(November 24, 2023) Meeting with the President of Nurse Association of the Kyrgyz Republic","LUPIC","2023-11-30","95","2","0"
"en","social","social_en","93","(January 24th, 2024) Faculty Development Workshop #1 with Faculty members for Nursing Bachelor's Program: 1) Development of Curriculum (Textbooks) 2) Establishment of Evaluation Criteria for Clinical Nursing Skills and Development of Training Videos","LUPIC","2024-01-25","254","4","0"
"en","social","social_en","94","(January 25th, 2024) Faculty Development Workshop #2 with Faculty members: Nursing Teaching and Learning Methods and Enhancement of Research Skills","LUPIC","2024-01-26","242","5","0"
"en","social","social_en","95","Professor Hyunsook Shin (Principal Investigator of BK-LUPIC) Awarded with I.K. Akhunbaev KSMA Memorable Medal","LUPIC","2024-03-28","1081","1","0"
"en","social","social_en","96","(January 30, 2024) Meeting to Initiate the Expansion of the Bachelor of Nursing Program in the Kyrgyz Republic","LUPIC","2024-05-01","1674","2","0"
"en","social","social_en","97","5th International Nursing Forum","LUPIC","2024-05-28","1570","0","0"
"en","social","social_en","98","BK-LUPIC July 2024 Faculty Development Workshop Go for the High! :Leadership, Research, Clinical Teaching Capacity Building","LUPIC","2024-07-17","656","8","0"
"en","social","social_en","99","BK-LUPIC Seminar with Multi-stakeholder Nursing Education Reform: Multi-Level System of Education","LUPIC","2024-07-17","687","7","0"
"ky","social","social_kg","10","Активисттердин тренинги","Коомдук таасир","2023-02-10","29","1","0"
"ky","social","social_kg","100","16 июля, 2020г. прошел онлайн семинар 'Анализ практического курса СД в КГМА' по проекту Улучшение практики сестринского образования в КГМА,","Коомдук таасир","2023-02-14","1030","3","0"
"ky","social","social_kg","101","Вчера, 11 ноября, 2020 состоялся семинар на тему 'Укрепление потенциала практического обучения кафедры сестринского дела КГМА: практическое обучение СД в Республике Корея'.","Коомдук таасир","2023-02-14","1028","4","0"
"ky","social","social_kg","102","Вчера мы приняли участие в V съезде медицинских сестер и акушерок КР, который прошел в Иссык-куле.","GES","2023-02-14","1098","5","0"
"ky","social","social_kg","103","На прошлой неделе во вторник (7 декабря 2021 г.) мы провели круглый стол на тему «Улучшение политики сестринского образования в КР».","GES","2023-02-14","1814","3","0"
"ky","social","social_kg","105","Вас вновь приветствует проект Жаркын Кыргызстан: Поддержка глобального образования (GES)","GES","2023-02-14","898","11","0"
"ky","social","social_kg","106","Мы рады сообщить Вам о завершении проекта 2021г. «Совместное кыргызско-корейское исследование по разработке политики в области сестринского образования в Кыргызской Республике»","GES","2023-02-14","1433","11","0"
"ky","social","social_kg","108","Четвертая Образовательная сессия “Внедрение и планирование эффективной стратегии информационной системы здравоохранения в Кыргызской Республике”","LUPIC","2023-03-28","2004","2","0"
"ky","social","social_kg","11","жыл. Июнь. Кароонун биринчи күнү","Коомдук таасир","2023-02-10","223","2","0"
"ky","social","social_kg","110","5-ая Образовательная сессия 'Образовательная программа подготовки бакалавров по направлению Сестринское дело' прошла 29 марта 2023 года","LUPIC","2023-04-03","1040","2","0"
"ky","social","social_kg","111","Министрлер Кабинетинин чечими: «Медайымдар иши» багыты боюнча бакалавриат жана магистратура","LUPIC","2023-06-07","1874","3","0"
"ky","social","social_kg","112","Продолжается сотрудничество корейско-кыргызской экспертной группы по разработке плана курса новой программы бакалавриата.","LUPIC","2023-06-07","1970","4","0"
"ky","social","social_kg","113","Успешное завершение воркшопа для экспертов Жаркын Кыргызстан-LUPIC!","LUPIC","2023-06-07","1457","8","0"
"ky","social","social_kg","114","Летние интенсивные занятия начались с увлекательного 'Семинара по повышению потенциала преподавателей'!","LUPIC","2023-06-27","925","4","0"
"ky","social","social_kg","115","Встреча с ректоратом КГМА им. И.К Ахунбаева","LUPIC","2023-06-27","832","4","0"
"ky","social","social_kg","116","4-й Международный Форум","LUPIC","2023-06-30","2634","9","0"
"ky","social","social_kg","117","Второй день семинара по повышению квалификации преподавателей","LUPIC","2023-07-28","862","5","0"
"ky","social","social_kg","118","Последний день семинара по повышению квалификации преподавателей","LUPIC","2023-07-28","909","6","0"
"ky","social","social_kg","119","Встреча с Ассоциацией Специалистов Сестринского дела Кыргызской Республики","LUPIC","2023-08-02","952","2","0"
"ky","social","social_kg","12","жыл, июнь. Кароонун экинчи күнү","Коомдук таасир","2023-02-10","131","2","0"
"ky","social","social_kg","120","Встреча с Министерством Образования и науки Кыргызской Республики","LUPIC","2023-08-02","1018","2","0"
"ky","social","social_kg","121","Встреча с Центром Электронного Здравоохранения КР","LUPIC","2023-08-02","898","2","0"
"ky","social","social_kg","122","Встреча с членами проекта Жаркын Кыргызстан-LUPIC от КГМА им. И.К Ахунбаева","LUPIC","2023-08-02","701","3","0"
"ky","social","social_kg","123","Встреча с представительством регионального офиса ВОЗ в Кыргызской Республике","LUPIC","2023-08-02","727","2","0"
"ky","social","social_kg","124","Июль 2023 года. Семинар по повышению квалификации ППС в Абу-Даби: Развитие исследовательского потенциала!","LUPIC","2023-08-22","1615","1","0"
"ky","social","social_kg","125","Встреча с головным офисом Sigma Theta Tau International","LUPIC","2023-08-22","1788","4","0"
"ky","social","social_kg","126","2023-жылдын сентябрь айынан тарта Кыргыз Республикасында медайымдык билим берүүнүн тарыхында чоң жаңылык!!","LUPIC","2023-09-21","692","1","0"
"ky","social","social_kg","127","В октябре 2023 года состоялся Семинар по укреплению исследовательских навыков!","LUPIC","2023-10-13","1586","4","0"
"ky","social","social_kg","128","November M&E: Kyrgyz Republic Ministry of Health affiliated EHealth Center, Educator for Health Information System, and Health Care Provider Meetings (FGI) at FMC 5 and 7","LUPIC","2023-11-23","5","3","0"
"ky","social","social_kg","129","(November 18, 2023) Visiting the 'Republican Hospital of Infectious Disease' and Meeting with the Head Physician and Deputy Chief of Nursing","LUPIC","2023-11-23","146","4","0"
"ky","social","social_kg","13","30.06.2017 Жаркын Кыргызстан командасы үчүн бүгүн жемиштүү күн болду","Коомдук таасир","2023-02-10","558","3","0"
"ky","social","social_kg","130","(November 19, 2023) Meeting with the Director and Business analysis of the eHealth Center under the Ministry of Health. - Collaboration for National Healthcare Information System","LUPIC","2023-11-23","184","2","0"
"ky","social","social_kg","131","(November 20, 2023) Visiting the Construction Site of the New Building for the Department of Nursing of I. K. Akhunbaev KSMA.","LUPIC","2023-11-23","131","3","0"
"ky","social","social_kg","132","(November 20, 2023) Welcoming Day of our future Nurses - Celebrating the opening of the first BSN program in the Kyrgyz Republic","LUPIC","2023-11-23","134","7","0"
"ky","social","social_kg","133","(November 20, 2023) The first day of team working of Faculty Development Workshop - Planning Modules and Courses for the BSN program","LUPIC","2023-11-23","138","3","0"
"ky","social","social_kg","134","(November 20, 2023) Meeting with the Vice rector and Working Group members of MSN Program (MSN: Master’s degree in Nursing)","LUPIC","2023-11-23","129","3","0"
"ky","social","social_kg","135","(November 21, 2023) Team working #2 of Faculty Development Workshop - Planning Modules and Courses for the BSN program","LUPIC","2023-11-23","124","3","0"
"ky","social","social_kg","136","(November 21, 2023) Faculty Development Workshop with Faculty members of Department of Nursing - Strategic Planning for Enhancing Infrastructure for Nursing Education and Healthcare Informatics Competencies.","LUPIC","2023-11-23","213","4","0"
"ky","social","social_kg","137","(November 21, 2023) Team working #3 of Faculty Development Workshop - Planning Modules and Courses for the BSN program","LUPIC","2023-11-23","124","3","0"
"ky","social","social_kg","138","(November 21, 2023) Team working #4 of Faculty Development Workshop - Planning Modules and Courses for the BSN program","LUPIC","2023-11-30","124","4","0"
"ky","social","social_kg","139","(November 22, 2023) Meeting with Dean (Faculty of Bioengineering and Nursing) for discussing strategies for student supports","LUPIC","2023-11-30","130","1","0"
"ky","social","social_kg","14","19.07.2017 Байкоочу мүчөлөрүнүн семинары","Коомдук таасир","2023-02-10","265","1","0"
"ky","social","social_kg","140","(November 22, 2023) Faculty Development Workshop #1 with Faculty members Responsible for Nursing Education - Presenting the Plan of Modules and Courses for the BSN Program and Developing Strategies for Improved Nursing Education","LUPIC","2023-11-30","234","5","0"
"ky","social","social_kg","141","(November 23, 2023) Meeting with the Head of Department of Healthcare Education and Science, Ministry of Health.","LUPIC","2023-11-30","118","3","0"
"ky","social","social_kg","142","(November 23, 2023) Faculty Development Workshop #2 with Faculty members Responsible for Nursing Education - Presenting the Plan of Modules and Courses for the BSN Program and Developing Strategies for Improved Nursing Education","LUPIC","2023-11-30","234","6","0"
"ky","social","social_kg","143","(November 24, 2023) Workshop and Working Group Meeting: Healthcare National/Sectoral Qualification fr amework Development","LUPIC","2023-11-30","126","5","0"
"ky","social","social_kg","144","(November 24, 2023) Meeting with the President of Nurse Association of the Kyrgyz Republic","LUPIC","2023-11-30","96","2","0"
"ky","social","social_kg","146","(January 24th, 2024) Faculty Development Workshop #1 with Faculty members for Nursing Bachelor's Program: 1) Development of Curriculum (Textbooks) 2) Establishment of Evaluation Criteria for Clinical Nursing Skills and Development of Training Videos","LUPIC","2024-01-25","255","4","0"
"ky","social","social_kg","147","(January 25th, 2024) Faculty Development Workshop #2 with Faculty members: Nursing Teaching and Learning Methods and Enhancement of Research Skills","LUPIC","2024-01-26","243","5","0"
"ky","social","social_kg","148","профессор Хенсук Шин (Жаркын Кыргызстан - LUPIC долбоорунун башкы изилдөөчүсү) И.К. Ахунбаев атындагы Кыргыз мамлекеттик медициналык академиясынын Ардак медалы менен сыйланды.","LUPIC","2024-03-28","1224","1","0"
"ky","social","social_kg","149","Стремление к высотам! : Наращивание потенциала в области лидерства, научных исследований и практического преподавания","LUPIC","2024-07-17","162","8","0"
"ky","social","social_kg","15","Акыркы алты ай ичинде талыкпай эмгектенген Жаркын Кыргызстан командасынын мүчөлөрү жоолугуп алты ай аралыгынын иш жыйынтыгын өткөрүштү.","Коомдук таасир","2023-02-10","460","0","0"
"ky","social","social_kg","150","ИЮЛЬ 2024 Семинар “Жаркын Кыргызстан”-LUPIC РЕФОРМЫ В СЕСТРИНСКОМ ОБРАЗОВАНИИ: многоуровневая система подготовки медсестер","LUPIC","2024-07-17","128","7","0"
"ky","social","social_kg","151","BK-LUPIC июльский отчет","LUPIC","2024-07-25","29","0","1"
"ky","social","social_kg","16","жылдын медициналык илимий семинары","Коомдук таасир","2023-02-10","617","2","0"
"ky","social","social_kg","17","Саламаттыкты сактоо активисттердин айлык жоолугушуусу","Коомдук таасир","2023-02-10","356","3","0"
"ky","social","social_kg","18","Мээрмандар жана саламаттыкты сактоо активистердин отчеттук жыйыны","Коомдук таасир","2023-02-10","856","5","0"
"ky","social","social_kg","19","Аткаруу комитетинин айлык жоолугушуусу","Коомдук таасир","2023-02-10","395","4","0"
"ky","social","social_kg","2","Бишкек шаардык саламаттыкты сактоо департаментинин башки адиси (медициналык жардамды уюштуруу болуму) Кочорбаева Гульназ Бопинаевна менен жолугуп проект тууралуу суйлошуу","Коомдук таасир","2023-02-10","189","3","0"
"ky","social","social_kg","20","Коомдук саламаттыкты сактоо кызматкерлеринин кезектеги отуруму","Коомдук таасир","2023-02-10","435","2","0"
"ky","social","social_kg","21","аткаруу комитетинин кезектеги сессиясы","Коомдук таасир","2023-02-10","727","2","0"
"ky","social","social_kg","22","Мониторинг жолугушуу","Коомдук таасир","2023-02-10","721","2","0"
"ky","social","social_kg","23","Практика жүзүндө саламаттыкты сактоо окуу процесси","Коомдук таасир","2023-02-10","772","4","0"
"ky","social","social_kg","24","аткаруу комитети менен коомдук саламатыкты сактоо мүчөлөрүнүн кезектеги отуруму","Коомдук таасир","2023-02-10","409","2","0"
"ky","social","social_kg","25","Конкурс здоровья","Коомдук таасир","2023-02-10","293","2","0"
"ky","social","social_kg","26","3х дневный обучающий семинар","Коомдук таасир","2023-02-10","321","3","0"
"ky","social","social_kg","27","Ден соолук сынагы","Коомдук таасир","2023-02-10","1428","3","0"
"ky","social","social_kg","28","Жаркын Кыргызстан 19-декабрьда Кенг Хи Университетинин медициналык борборунда долбоордун бир жылдык жыйынтыгы тууралуу чогулуш өткөрдү","Коомдук таасир","2023-02-10","508","3","0"
"ky","social","social_kg","29","22 декабря состоялась последный день регулярной собрании общественных активистов здравоохранения","Коомдук таасир","2023-02-10","377","2","0"
"ky","social","social_kg","3","'Жаркын Кыргызстан' долбооруна бирге катышчу медициналык колледжине бардык.","Коомдук таасир","2023-02-10","243","4","0"
"ky","social","social_kg","31","UNICEF менен жыйналыш","Коомдук таасир","2023-02-13","543","2","0"
"ky","social","social_kg","32","Жаркын Кыргызстан долбоору 31 январьда байкоочу комитет, аткаруу комитет жана активисттер(лидер апалар) жана башка долбоордун негизки мучөлөру менен биргеликте долбоордун 2-чи жылынын ачылыш жыйналышын өткөрду","Коомдук таасир","2023-02-13","1540","2","0"
"ky","social","social_kg","33","2018 жыл 15-16 февральда Жаркын Кыргызстан долбоорунун негизинде жаны тургузулган балдардын ден соолугун чындоо борборунда 2 кун тренинг откозулду","Коомдук таасир","2023-02-13","434","2","0"
"ky","social","social_kg","34","Кечээ Кыргызстанда 2018жыл 21- февральда 'Эне тил'куну белгиленди","Коомдук таасир","2023-02-13","355","2","0"
"ky","social","social_kg","35","Туура тамактануу жана Кан аздуулук","Коомдук таасир","2023-02-13","118","3","0"
"ky","social","social_kg","36","Ар ай сайын Ак-Өрдө жана Ак-Өргө жаңы конуштарында маалымат топтоо жана талдоо жыйыны өткөрүлүп келет","Коомдук таасир","2023-02-13","500","1","0"
"ky","social","social_kg","37","Бугун 3-майда Ак Орго мектеп окуучулар учун, тренинг болду","Коомдук таасир","2023-02-13","303","0","0"
"ky","social","social_kg","38","'Тишти туура тазалоо, туура кам коруу' боюнча тренинг 03-майда болуп отту...","Коомдук таасир","2023-02-13","134","0","0"
"ky","social","social_kg","39","Ак Орго активисттери менен мед айымдар чогулушу болуп отту...","Коомдук таасир","2023-02-13","67","3","0"
"ky","social","social_kg","4","Кенеш беруу комитетине арналган презентация жана семинар","Коомдук таасир","2023-02-10","353","3","0"
"ky","social","social_kg","40","Кечээ Акордо Акорго Уйбулолук дарыгерлер тобунун мед айым врачтарына 'Баланын физикалык осуусу' темасына лекция окулду","Коомдук таасир","2023-02-13","383","2","0"
"ky","social","social_kg","41","2018-жылдын жайкы программасы башталды","Коомдук таасир","2023-02-13","45","2","0"
"ky","social","social_kg","42","№77 жана №84 орто мектебинде “Жайкы мектеп” башталган күн","Коомдук таасир","2023-02-13","752","3","0"
"ky","social","social_kg","43","2018 эл аралык конференция","Коомдук таасир","2023-02-13","608","3","0"
"ky","social","social_kg","44","Бүгүн эртеден баштап Ак-Ордо, Ак-Өргө активист апалар менен жоолугушу болуп өттү","Коомдук таасир","2023-02-13","578","3","0"
"ky","social","social_kg","45","Ден соолук жарманкеси","Коомдук таасир","2023-02-13","638","3","0"
"ky","social","social_kg","46","Ден соолук жарманкеси","Коомдук таасир","2023-02-13","728","3","0"
"ky","social","social_kg","47","Ак-Өргө жаш балдардын ден соолугун коргоо борборунда апалар үчүн 'апалардын ден соолугу' классы ачылып 'Анемия жана тамак-аш' теманын алкагында лекция өткөрүлдү","Коомдук таасир","2023-02-13","317","2","0"
"ky","social","social_kg","48","~ Ак-Ордо жаңы конушунун активист айымдары кийиз китепчени жазап башташты","Коомдук таасир","2023-02-13","151","3","0"
"ky","social","social_kg","49","Ак Ордо активист эжелердин бугун кийизден колго жасап баштаган биринчи баракчасы...","Коомдук таасир","2023-02-13","123","2","0"
"ky","social","social_kg","5","Аткаруу комитетине (врач, медайымдар жана активисттер)","Коомдук таасир","2023-02-10","366","3","0"
"ky","social","social_kg","50","жөө жүрүш марафону","Коомдук таасир","2023-02-13","262","1","0"
"ky","social","social_kg","51","'Жаркын Кыргызстан' долбоору тууралуу маалымдама","Коомдук таасир","2023-02-13","114","2","0"
"ky","social","social_kg","52","Ден соолук сынагы","Коомдук таасир","2023-02-13","282","1","0"
"ky","social","social_kg","53","Ак-Өргө жаңы конушундагы активист эжелер да кийиз китепчени жазап башташып, ар бир бөлүкчөлөрүн кылдаттык менен жазап жатышат","Коомдук таасир","2023-02-13","285","2","0"
"ky","social","social_kg","54","Бугун проектин негизинде #77, 84 жана 96- орто мектептерде ден соолук жумалыгы башталды.","Коомдук таасир","2023-02-13","237","3","0"
"ky","social","social_kg","55","77-орто мектептин","Коомдук таасир","2023-02-13","280","2","0"
"ky","social","social_kg","56","Ден Соолук сынагына даярдык","Коомдук таасир","2023-02-13","333","2","0"
"ky","social","social_kg","57","Ден Соолук сынагына даярдык","Коомдук таасир","2023-02-13","324","3","0"
"ky","social","social_kg","58","Жаркын Кыргызстан менен үй-бүлө жөө жүрүш күнү. 20-октябрь 2018-жыл","Коомдук таасир","2023-02-13","132","2","0"
"ky","social","social_kg","59","Жаркын Кыргызстан менен 2018-жылдын Ден соолук сынагы","Коомдук таасир","2023-02-13","189","2","0"
"ky","social","social_kg","6","14-апрелде Ак-Өргө конушунун поликлиникасынын жамаатына (өзгөчө медайымдар) балдарды кароо боюнча үйрөтүү өткөрүлдү","Коомдук таасир","2023-02-10","311","3","0"
"ky","social","social_kg","60","жаңы конуштардагы жаш балдардын ден соолугун чыңдоо борборунда 'Биргеликте чоңойткон ден соолугу чын биздин жаш балдар' кыялыбыз оорундалат деген терең ишеничтебиз!","Коомдук таасир","2023-02-13","843","3","0"
"ky","social","social_kg","61","Акордо жана Акоргоо жаны конуштарындагы Жаркын Кыргызстан долбоорунун активист эжелери тигуучу машинга ээ болушту","Коомдук таасир","2023-02-13","265","3","0"
"ky","social","social_kg","62","Дени сак балдар, дени сак келечек","Коомдук таасир","2023-02-13","94","0","0"
"ky","social","social_kg","63","Биздин команданын чогулушу болуп отту 20190127","Коомдук таасир","2023-02-13","123","1","0"
"ky","social","social_kg","64","ЮНИСЕФ менен чогулуш өткөрүп жатабыз...","Коомдук таасир","2023-02-13","54","1","0"
"ky","social","social_kg","65","ЮНИСЕФ","Коомдук таасир","2023-02-13","12","1","0"
"ky","social","social_kg","66","РЦУЗ менен отуп жаткан чогулушу","Коомдук таасир","2023-02-13","38","1","0"
"ky","social","social_kg","67","ЦСМ12 менен чогулушка келдик","Коомдук таасир","2023-02-13","35","1","0"
"ky","social","social_kg","68","КГМА.20190129","Коомдук таасир","2023-02-13","19","1","0"
"ky","social","social_kg","69","Эл аралык айымдар күнүнө арналган иш чаранын аягында Ак-Өргө жаны конушунун активист апалары балдар менен бирге кызыктуу убакыт өткөрө алышты.","Коомдук таасир","2023-02-13","440","0","0"
"ky","social","social_kg","7","6-апрелде 12 - поликлиникада (Центр семейной медицины №12) Ак-Өргө, Ак-Ордо поликлиникасынан келген аткаруу комитетинин мүчөлөрүнүн жыйналышы өттү","Коомдук таасир","2023-02-10","459","5","0"
"ky","social","social_kg","70","Эл аралык айымдар күнүн утурлай Ак-Өргө жаңы конушундагы жаш балдардын ден соолугун коргоо борборунда активист-апалар, мед.","Коомдук таасир","2023-02-13","739","2","0"
"ky","social","social_kg","71","Эл аралык айымдар күнүн утурлай Ак-Ордо жаңы конушундагы жаш балдардын ден соолугун коргоо борборунда активист-апалар, мед.","Коомдук таасир","2023-02-13","733","2","0"
"ky","social","social_kg","72","Ак Ордо жана Ак Оргоонун 5 жашка чейинки балдарын Уй булолук дарыгерлер тобунун короосундагы 'Эне жана бала комплексине' китеп окууга чакырабыз","Коомдук таасир","2023-02-13","268","1","0"
"ky","social","social_kg","73","Ак-Ордо жаңы конушунун активдүү апалары “Китеп билим булагы” иш чарасын ийгиликтүү өткөрүп алышты","Коомдук таасир","2023-02-13","637","0","0"
"ky","social","social_kg","78","2019жыл 1-июнь балдардын эл аралык кунун дуйно жузундо 1949 жылдан бери белгиленсе биздин 'Жаркын Кыргызстан'долбоору Акордо Акорго конуштарында 2017 жылдан бери белгилеп келет.","Коомдук таасир","2023-02-13","470","2","0"
"ky","social","social_kg","79","Бүгүн, 2019-07-07да Жаркын Кыргызстан долбоорунун специалисттер командасы жана 11-чи GLP (Глобалдык лидерлер программасы) командасы Инчон аэропорттон Кыргызстанга сапар алды.","Коомдук таасир","2023-02-13","424","2","0"
"ky","social","social_kg","8","Ак-Ордонун Поликлиникасында (ГСВ) Ак-Өргө, Ак-Ордо конуштарынын активисттеринин (апалардын өкүлдөрү) жыйналышы өткөрүлдү","Коомдук таасир","2023-02-10","658","4","0"
"ky","social","social_kg","80","Кыргызстанга келген Жаркын Кыргызстан проектисинин өкүлдөрү жана мониторинг командасы өз ишин жолугушуулардан баштады!","Коомдук таасир","2023-02-13","124","3","0"
"ky","social","social_kg","81","Жаркын Кыргызстан глобалдык билим берүү","Коомдук таасир","2023-02-13","313","2","0"
"ky","social","social_kg","82","7-чи июль 2019-жыл, КР Саламаттыкты сактоо министирлигинде жыйын","Коомдук таасир","2023-02-13","237","2","0"
"ky","social","social_kg","83","10-чу июль 2019-жыл РЦУЗда жыйын","Коомдук таасир","2023-02-13","160","3","0"
"ky","social","social_kg","84","КГМАда Балдардын ден соолугу жана медайымдык иш окуусу","Коомдук таасир","2023-02-13","265","2","0"
"ky","social","social_kg","85","11-чи июль 2019-жыл Жаркын Кыргызстан жана мониторинг жүргүзүү командасы абдан жемиштүү күн өткөрүштү.","Коомдук таасир","2023-02-13","249","3","0"
"ky","social","social_kg","86","Бүгүн КММАда экинчи ирет семинар өткөрүлдү. Ошондой эле долбоордун жарым жылдык отчету жана консультативдик комитеттин жыйыны болуп өттү.","Коомдук таасир","2023-02-13","275","2","0"
"ky","social","social_kg","87","Маданият алмашуу күнү","Коомдук таасир","2023-02-14","195","2","0"
"ky","social","social_kg","88","Ден соолук жарманкеси","Коомдук таасир","2023-02-14","312","3","0"
"ky","social","social_kg","89","'Балапан' мектеби, Ак-Ордо","Коомдук таасир","2023-02-14","582","0","0"
"ky","social","social_kg","9","Медайымдардын тренинги","Коомдук таасир","2023-02-10","149","3","0"
"ky","social","social_kg","90","Ак-Өргө, 30.08.2019","Коомдук таасир","2023-02-14","212","3","0"
"ky","social","social_kg","91","Обучение по укреплению компетентности в сфере здравоохранения","Коомдук таасир","2023-02-14","513","2","0"
"ky","social","social_kg","92","Ак-Өргө кино күнү","Коомдук таасир","2023-02-14","402","1","0"
"ky","social","social_kg","93","Ден соолук сынагынын алдында макала сынагын жарыялап бир ай ичинде бир нече кызыктуу дил баяндарды ала алдык.","Коомдук таасир","2023-02-14","629","2","0"
"ky","social","social_kg","94","Медициналык кароо, ата-энелерге туура тамактануу, тазалык, ден соолуктун маанилүүлүгү тууралуу түшүндүрүү иш-чараларынын адистери.","Коомдук таасир","2023-02-14","285","2","0"
"ky","social","social_kg","95","Ак-Өргө балдардын ден соолугун коргоо борборунда жемиштүү дем алыш","Коомдук таасир","2023-02-14","242","1","0"
"ky","social","social_kg","96","Ак-Ордонун кичинекей бөбөктөрү 'Балапан' оюн-зоок мектебине келишип өздөрүнүн кылдарын, тилектерин жазып кыял багына чаптапа кетишти.","Коомдук таасир","2023-02-14","325","2","0"
"ky","social","social_kg","97","Ак-Өргө жана Ак-Ордо жаңы конушунда балдардын ден соолугун чыңдоо борборунда быйылкы жыл жемиштүү башталды.","Коомдук таасир","2023-02-14","316","3","0"
"ky","social","social_kg","98","Былпылдак классы","Коомдук таасир","2023-02-14","669","2","0"
"ky","social","social_kg","99","балапаноюнзоокмектеби","Коомдук таасир","2023-02-14","171","2","0"
"ru","social","social_ru","10","Медайымдардын тренинги","Child Health","2023-02-10","150","2","0"
"ru","social","social_ru","100","Наши друзья, лучшее и более инклюзивное партнерство","Child Health","2023-02-14","338","2","0"
"ru","social","social_ru","104","Встреча для партнерства с ЮНИСЕФ","Child Health","2023-02-14","194","1","0"
"ru","social","social_ru","105","Встреча по методологии исследования с исследователями КГМА","Child Health","2023-02-14","193","2","0"
"ru","social","social_ru","106","Балапан","Child Health","2023-02-14","191","2","0"
"ru","social","social_ru","107","2019жыл 1-июнь балдардын эл аралык кунун дуйно жузундо 1949 жылдан бери белгиленсе биздин 'Жаркын Кыргызстан'долбоору Акордо Акорго конуштарында 2017 жылдан бери белгилеп келет","Child Health","2023-02-14","471","2","0"
"ru","social","social_ru","108","Бүгүн, 2019-07-07да Жаркын Кыргызстан долбоорунун специалисттер командасы жана 11-чи GLP командасы Инчон аэропорттон Кыргызстанга сапар алды","Child Health","2023-02-14","425","2","0"
"ru","social","social_ru","109","Кыргызстанга келген Жаркын Кыргызстан проектисинин өкүлдөрү жана мониторинг командасы өз ишин жолугушуулардан баштады!","Child Health","2023-02-14","125","2","0"
"ru","social","social_ru","11","Активисттердин тренинги","Child Health","2023-02-10","30","1","0"
"ru","social","social_ru","110","Жаркын Кыргызстан глобалдык билим берүү Семинардын алкагында КГМА ВСО кафедрасынын потенциалын жогорулатуу боюнча стратегиялык план тууралуу сүйлөшүүлөр өттү","Child Health","2023-02-14","314","2","0"
"ru","social","social_ru","111","7-чи июль 2019-жыл, КР Саламаттыкты сактоо министирлигинде жыйын","Child Health","2023-02-14","238","2","0"
"ru","social","social_ru","112","10-чу июль 2019-жыл РЦУЗда жыйын","Child Health","2023-02-14","161","2","0"
"ru","social","social_ru","113","КГМАда Балдардын ден соолугу жана медайымдык иш окуусу жөнүндө эл аралык конференция болуп өттү","Child Health","2023-02-14","266","2","0"
"ru","social","social_ru","114","11-чи июль 2019-жыл Жаркын Кыргызстан жана мониторинг жүргүзүү командасы абдан жемиштүү күн өткөрүштү","Child Health","2023-02-14","250","2","0"
"ru","social","social_ru","115","Бүгүн КММАда экинчи ирет семинар өткөрүлдү","Child Health","2023-02-14","276","2","0"
"ru","social","social_ru","116","Жайкы мектептин эң маанилүү күнү 'Маданият алмашуу күнү' 2019-жылдын 13 июдунда болуп өттү.","Child Health","2023-02-14","196","2","0"
"ru","social","social_ru","117","15-чи июль Ак-Ордо, 16-июль Ак-Өргө жаңы конушунда 'Ден соолук жарманкеси' болуп өттү. Күндүн ысыгына карабай көптөгөн жергиликтүү калк келип катыша алышты","Child Health","2023-02-14","313","2","0"
"ru","social","social_ru","118","'Балапан' мектеби, Ак-Ордо","Child Health","2023-02-14","583","0","0"
"ru","social","social_ru","119","Жайдын акыркы күндөрү Ак-Өргө жаңы конушундагы балдардын ден соолугун чыңдоо борборунда ийгиликтүү өткөрүлдү","Child Health","2023-02-14","213","2","0"
"ru","social","social_ru","12","Медициналык кароо башталды.","Child Health","2023-02-10","224","2","0"
"ru","social","social_ru","120","Обучение по укреплению компетентности в сфере здравоохранения","Child Health","2023-02-14","351","2","0"
"ru","social","social_ru","121","Ак-Өргө жаңы конушунда кино кечеси","Child Health","2023-02-14","514","2","0"
"ru","social","social_ru","122","Ак-Өргө кино күнү","Child Health","2023-02-14","403","1","0"
"ru","social","social_ru","123","Конкурс здоровья","Child Health","2023-02-14","666","2","0"
"ru","social","social_ru","124","Professor O Ka Shil shared her experience with the students of the KSMU Faculty of VSO","Child Health","2023-02-14","892","2","0"
"ru","social","social_ru","125","Тем временем студенты КГМА кафедры ВСО усердно проходят практику элективного курса “Организация работы патронажной медицинской сестры в новостройках”","Child Health","2023-02-14","358","1","0"
"ru","social","social_ru","126","Прошлая неделя в Центр укрепления здоровья детей Ак-Ордо и Ак-Орго завершился в плодотворной ноте","Child Health","2023-02-14","307","2","0"
"ru","social","social_ru","127","Одним из кульминационных моментов 'Конкурса здоровья' был сессия викторины","Child Health","2023-02-14","382","2","0"
"ru","social","social_ru","128","В ходе 'Конкурса здоровья' было возможность показать свой талант","Child Health","2023-02-14","402","2","0"
"ru","social","social_ru","129","Ден соолук сынагынын алдында макала сынагын жарыялап бир ай ичинде бир нече кызыктуу дил баяндарды ала алдык.","Child Health","2023-02-14","569","2","0"
"ru","social","social_ru","13","Балдардын ден соолугун кароо башталды!!!","Child Health","2023-02-10","132","2","0"
"ru","social","social_ru","130","Заседание консультативного комитета","Child Health","2023-02-14","704","2","0"
"ru","social","social_ru","131","Заключительная отчетная сессия","Child Health","2023-02-14","476","2","0"
"ru","social","social_ru","132","Медициналык кароо, ата-энелерге туура тамактануу, тазалык, ден соолуктун маанилүүлүгү тууралуу түшүндүрүү иш-чараларынын адистери","Child Health","2023-02-14","286","2","0"
"ru","social","social_ru","133","Ак-Өргө балдардын ден соолугун коргоо борборунда жемиштүү дем алыш","Child Health","2023-02-14","243","1","0"
"ru","social","social_ru","134","Очередное собрание наших активистов","Child Health","2023-02-14","255","1","0"
"ru","social","social_ru","135","Ак-Ордонун кичинекей бөбөктөрү 'Балапан' оюн-зоок мектебине келишип өздөрүнүн кылдарын, тилектерин жазып кыял багына чаптапа кетишти","Child Health","2023-02-14","327","2","0"
"ru","social","social_ru","136","Ак-Өргө жана Ак-Ордо жаңы конушунда балдардын ден соолугун чыңдоо борборунда быйылкы жыл жемиштүү башталды","Child Health","2023-02-14","317","2","0"
"ru","social","social_ru","137","Былпылдак классы","Child Health","2023-02-14","721","2","0"
"ru","social","social_ru","138","Былпылдак класс","Child Health","2023-02-14","94","0","0"
"ru","social","social_ru","139","Ак-Ордо балдардын ден соолугун чыңдоо борборундагы кыял багы күндөн күнгө өсүп, чоңоюп жатат","Child Health","2023-02-14","172","2","0"
"ru","social","social_ru","14","Жаркын Кыргызстан командасы үчүн бүгүн жемиштүү күн болду.","Child Health","2023-02-10","559","2","0"
"ru","social","social_ru","140","Анализ практического курса СД в КГМА","Child Health","2023-02-14","1031","2","0"
"ru","social","social_ru","141","Укрепление потенциала практического обучения кафедры сестринского дела КГМА: практическое обучение СД в Республике Корея","Child Health","2023-02-14","1029","2","0"
"ru","social","social_ru","143","Вчера мы приняли участие в V съезде медицинских сестер и акушерок КР, который прошел в Иссык-куле","GES","2023-02-16","1093","2","0"
"ru","social","social_ru","144","Мы рады поделится с Вами новостями Жаркын Кыргызстан GES!","GES","2023-02-16","1814","2","0"
"ru","social","social_ru","145","Вас вновь приветствует проект Жаркын Кыргызстан: Поддержка глобального образования (GES)","GES","2023-02-16","1433","2","0"
"ru","social","social_ru","146","Мы рады сообщить Вам о завершении проекта 2021г. «Совместное кыргызско-корейское исследование по разработке политики в области сестринского образования в Кыргызской Республике»","GES","2023-02-16","1433","2","0"
"ru","social","social_ru","149","Четвертая Образовательная сессия “Внедрение и планирование эффективной стратегии информационной системы здравоохранения в Кыргызской Республике”","LUPIC","2023-03-28","2005","2","0"
"ru","social","social_ru","15","19.07.2017 Байкоочу мүчөлөрүнүн семинары","Child Health","2023-02-10","266","1","0"
"ru","social","social_ru","151","5-ая Образовательная сессия 'Образовательная программа подготовки бакалавров по направлению Сестринское дело' прошла 29 марта 2023 года","LUPIC","2023-04-03","1041","2","0"
"ru","social","social_ru","152","Решение Кабинета министров: Программа бакалавриата и магистратуры по направлению 'Сестринское дело'","LUPIC","2023-06-07","1697","3","0"
"ru","social","social_ru","153","Продолжается сотрудничество корейско-кыргызской экспертной группы по разработке плана курса новой программы бакалавриата.","LUPIC","2023-06-07","1971","4","0"
"ru","social","social_ru","154","Успешное завершение воркшопа для экспертов Жаркын Кыргызстан-LUPIC!","LUPIC","2023-06-07","1458","4","0"
"ru","social","social_ru","156","Летние интенсивные занятия начались с увлекательного 'Семинара по повышению потенциала преподавателей'!","LUPIC","2023-06-27","926","4","0"
"ru","social","social_ru","157","Встреча с ректоратом КГМА им. И.К Ахунбаева","LUPIC","2023-06-27","833","4","0"
"ru","social","social_ru","158","4-й Международный Форум Сестринского Дела","LUPIC","2023-06-30","2635","9","0"
"ru","social","social_ru","159","Второй день семинара по повышению квалификации преподавателей","LUPIC","2023-07-28","863","5","0"
"ru","social","social_ru","16","19.07.2017 Жаркын Кыргызстандын жайы","Child Health","2023-02-10","461","0","0"
"ru","social","social_ru","160","Последний день семинара по повышению квалификации преподавателей","LUPIC","2023-07-28","910","6","0"
"ru","social","social_ru","161","Встреча с Ассоциацией Специалистов Сестринского дела Кыргызской Республики","LUPIC","2023-08-02","954","2","0"
"ru","social","social_ru","162","Встреча с Министерством Образования и науки Кыргызской Республики","LUPIC","2023-08-02","1019","2","0"
"ru","social","social_ru","163","Встреча с Центром Электронного Здравоохранения КР","LUPIC","2023-08-02","899","2","0"
"ru","social","social_ru","164","Встреча с членами проекта Жаркын Кыргызстан-LUPIC от КГМА им. И.К Ахунбаева","LUPIC","2023-08-02","702","3","0"
"ru","social","social_ru","165","Встреча с представительством регионального офиса ВОЗ в Кыргызской Республике","LUPIC","2023-08-02","728","2","0"
"ru","social","social_ru","167","Июль 2023 года. Семинар по повышению квалификации ППС в Абу-Даби: Развитие исследовательского потенциала!","LUPIC","2023-08-22","1616","1","0"
"ru","social","social_ru","168","Встреча с головным офисом Sigma Theta Tau International","LUPIC","2023-08-22","1789","4","0"
"ru","social","social_ru","169","В октябре 2023 года состоялся Семинар по укреплению исследовательских навыков!","LUPIC","2023-10-12","1587","3","0"
"ru","social","social_ru","17","20.07.2017 2017-жылдын медициналык илимий семинары","Child Health","2023-02-10","618","2","0"
"ru","social","social_ru","170","November M&E: Kyrgyz Republic Ministry of Health affiliated EHealth Center, Educator for Health Information System, and Health Care Provider Meetings (FGI) at FMC 5 and 7-","LUPIC","2023-11-23","6","3","0"
"ru","social","social_ru","171","(November 18, 2023) Visiting the 'Republican Hospital of Infectious Disease' and Meeting with the Head Physician and Deputy Chief of Nursing","LUPIC","2023-11-23","147","4","0"
"ru","social","social_ru","172","(November 19, 2023) Meeting with the Director and Business analysis of the eHealth Center under the Ministry of Health. - Collaboration for National Healthcare Information System","LUPIC","2023-11-23","185","2","0"
"ru","social","social_ru","173","(November 20, 2023) Visiting the Construction Site of the New Building for the Department of Nursing of I. K. Akhunbaev KSMA.","LUPIC","2023-11-23","132","3","0"
"ru","social","social_ru","174","(November 20, 2023) Welcoming Day of our future Nurses - Celebrating the opening of the first BSN program in the Kyrgyz Republic","LUPIC","2023-11-23","135","7","0"
"ru","social","social_ru","175","(November 20, 2023) The first day of team working of Faculty Development Workshop - Planning Modules and Courses for the BSN program","LUPIC","2023-11-23","139","3","0"
"ru","social","social_ru","176","(November 20, 2023) Meeting with the Vice rector and Working Group members of MSN Program (MSN: Master’s degree in Nursing)","LUPIC","2023-11-23","130","3","0"
"ru","social","social_ru","177","(November 21, 2023) Team working #2 of Faculty Development Workshop - Planning Modules and Courses for the BSN program","LUPIC","2023-11-23","125","3","0"
"ru","social","social_ru","178","(November 21, 2023) Faculty Development Workshop with Faculty members of Department of Nursing - Strategic Planning for Enhancing Infrastructure for Nursing Education and Healthcare Informatics Competencies.","LUPIC","2023-11-23","214","4","0"
"ru","social","social_ru","179","(November 21, 2023) Team working #3 of Faculty Development Workshop - Planning Modules and Courses for the BSN program","LUPIC","2023-11-23","125","3","0"
"ru","social","social_ru","18","21.07.2017 Саламаттыкты сактоо активисттердин айлык жоолугушуусу","Child Health","2023-02-10","357","2","0"
"ru","social","social_ru","180","(November 21, 2023) Team working #4 of Faculty Development Workshop - Planning Modules and Courses for the BSN program","LUPIC","2023-11-30","125","4","0"
"ru","social","social_ru","181","(November 22, 2023) Meeting with Dean (Faculty of Bioengineering and Nursing) for discussing strategies for student supports","LUPIC","2023-11-30","131","1","0"
"ru","social","social_ru","182","(November 22, 2023) Faculty Development Workshop #1 with Faculty members Responsible for Nursing Education - Presenting the Plan of Modules and Courses for the BSN Program and Developing Strategies for Improved Nursing Education","LUPIC","2023-11-30","235","5","0"
"ru","social","social_ru","183","(November 23, 2023) Meeting with the Head of Department of Healthcare Education and Science, Ministry of Health.","LUPIC","2023-11-30","119","3","0"
"ru","social","social_ru","184","(November 23, 2023) Faculty Development Workshop #2 with Faculty members Responsible for Nursing Education - Presenting the Plan of Modules and Courses for the BSN Program and Developing Strategies for Improved Nursing Education","LUPIC","2023-11-30","235","6","0"
"ru","social","social_ru","185","(November 24, 2023) Workshop and Working Group Meeting: Healthcare National/Sectoral Qualification fr amework Development","LUPIC","2023-11-30","127","5","0"
"ru","social","social_ru","186","(November 24, 2023) Meeting with the President of Nurse Association of the Kyrgyz Republic","LUPIC","2023-11-30","97","2","0"
"ru","social","social_ru","187","(January 24th, 2024) Faculty Development Workshop #1 with Faculty members for Nursing Bachelor's Program: 1) Development of Curriculum (Textbooks) 2) Establishment of Evaluation Criteria for Clinical Nursing Skills and Development of Training Videos","LUPIC","2024-01-25","256","4","0"
"ru","social","social_ru","188","(January 25th, 2024) Faculty Development Workshop #2 with Faculty members: Nursing Teaching and Learning Methods and Enhancement of Research Skills","LUPIC","2024-01-26","244","5","0"
"ru","social","social_ru","189","Профессор Хёнсук Шин (главный исследователь BK-LUPIC) награждена Почетной медалью КГМА имени И.К. Ахунбаева","LUPIC","2024-03-28","1264","1","0"
"ru","social","social_ru","19","21/07/2017 Мээрмандар жана саламаттыкты сактоо активистердин отчеттук жыйыны","Child Health","2023-02-10","857","2","0"
"ru","social","social_ru","190","30. JAN 2024. Совещание по усовершенствованию учебной программы бакалавриата по сестринскому делу в Кыргызской Республике","LUPIC","2024-05-01","1758","2","0"
"ru","social","social_ru","191","Стремление к высотам! : Наращивание потенциала в области лидерства, научных исследований и практического преподавания","LUPIC","2024-07-17","124","8","0"
"ru","social","social_ru","192","ИЮЛЬ 2024 Семинар “Жаркын Кыргызстан”-LUPIC РЕФОРМЫ В СЕСТРИНСКОМ ОБРАЗОВАНИИ: многоуровневая система подготовки медсестер","LUPIC","2024-07-17","129","7","0"
"ru","social","social_ru","193","BK-LUPIC июльский отчет","LUPIC","2024-07-25","30","0","1"
"ru","social","social_ru","194","Кёнхидэский университет BK-LUPIC успешно провёл VI Международный форум сестринского дела в Кыргызской Республике","LUPIC","2025-05-26","5793","0","1"
"ru","social","social_ru","20","21.07.2017 Аткаруу комитетинин айлык жоолугушуусу","Child Health","2023-02-10","396","2","0"
"ru","social","social_ru","21","27 - аяк оона айы. Коомдук саламаттыкты сактоо кызматкерлеринин кезектеги отуруму","Child Health","2023-02-10","436","2","0"
"ru","social","social_ru","22","29 - аяк оона айы, аткаруу комитетинин кезектеги сессиясы","Child Health","2023-02-10","728","2","0"
"ru","social","social_ru","23","Ак -Ордою Аяк оона. Мониторинг жолугушуу","Child Health","2023-02-13","722","2","0"
"ru","social","social_ru","24","2017. 10. 5 Практика жүзүндө саламаттыкты сактоо окуу процесси","Child Health","2023-02-13","773","2","0"
"ru","social","social_ru","25","2017.10.19 аткаруу комитети менен коомдук саламатыкты сактоо мүчөлөрүнүн кезектеги отуруму","Child Health","2023-02-13","410","2","0"
"ru","social","social_ru","26","2017.11.04, на конкурсе здоровья.","Child Health","2023-02-13","293","2","0"
"ru","social","social_ru","27","3х дневный обучающий семинар","Child Health","2023-02-13","322","2","0"
"ru","social","social_ru","28","Ден соолук сынагы","Child Health","2023-02-13","1429","2","0"
"ru","social","social_ru","29","Жаркын Кыргызстан 19-декабрьда Кенг Хи Университетинин медициналык борборунда долбоордун бир жылдык жыйынтыгы тууралуу чогулуш өткөрдү.","Child Health","2023-02-13","509","2","0"
"ru","social","social_ru","3","Департамент здравоохранения г. Бишкек. Встреча с главным специалистом департамента Гульназ Бопинаевной. Обсуждение проекта","Child Health","2023-02-10","326","1","0"
"ru","social","social_ru","30","22 декабря состоялась последный день регулярной собрании общественных активистов здравоохранения.","Child Health","2023-02-13","378","2","0"
"ru","social","social_ru","31","Встреча со средней школой #77 и осмотр состояния ремонтирования уборной","Child Health","2023-02-13","195","2","0"
"ru","social","social_ru","32","ГСВ#4 Ак-Ордо","Child Health","2023-02-13","142","2","0"
"ru","social","social_ru","33","Регулярное собрание исполнительного комитета и общественных активистов здравоохранения.","Child Health","2023-02-13","94","2","0"
"ru","social","social_ru","34","UNICEF менен жыйналыш","Child Health","2023-02-13","522","2","0"
"ru","social","social_ru","35","Местный офис Жаркын Кыргызстан к новому году переехал в новый уютный офис, который находится в бульваре Молодая Гвардия.","Child Health","2023-02-13","449","2","0"
"ru","social","social_ru","36","[Child Health] Второй год проекта Жаркын Кыргызстан начался в полном масшабе.","Child Health","2023-02-13","989","2","0"
"ru","social","social_ru","37","[Child Health] 31 января 2018 в среду успешно завершили открытие Центра по укреплению здоровья детей в рамках проекта Жаркын Кыргызстан.","Child Health","2023-02-13","879","2","0"
"ru","social","social_ru","38","Жаркын Кыргызстан долбоору 31 январьда байкоочу комитет, аткаруу комитет жана активисттер(лидер апалар) жана башка долбоордун негизки мучөлөру менен биргеликте долбоордун 2-чи жылынын ачылыш жыйналышын өткөрду.","Child Health","2023-02-13","1541","2","0"
"ru","social","social_ru","39","2018 жыл 15-16 февральда Жаркын Кыргызстан долбоорунун негизинде жаны тургузулган балдардын ден соолугун чындоо борборунда 2 кун тренинг откозулду.","Child Health","2023-02-13","435","2","0"
"ru","social","social_ru","4","Посещение Бишкекского государственного медицинского колледжа. Посетили медицинский колледж","Child Health","2023-02-10","187","2","0"
"ru","social","social_ru","40","Кечээ Кыргызстанда 2018жыл 21- февральда 'Эне тил'куну белгиленди.","Child Health","2023-02-13","356","2","0"
"ru","social","social_ru","41","'Туура тамактануу жана Кан аздуулук' боюнча 2 кундук семинар 3-4-апрель айында болуп отту. Активист эжелер учун.","Child Health","2023-02-13","119","2","0"
"ru","social","social_ru","42","Ар ай сайын Ак-Өрдө жана Ак-Өргө жаңы конуштарында маалымат топтоо жана талдоо жыйыны өткөрүлүп келет.","Child Health","2023-02-13","501","1","0"
"ru","social","social_ru","43","Бугун 3-майда Ак Орго мектеп окуучулар учун, тренинг болду.","Child Health","2023-02-13","304","0","0"
"ru","social","social_ru","44","К ОРГО 77-84-мектеп окуучулары, 'Тишти туура тазалоо, туура кам коруу' боюнча тренинг 03-майда болуп отту...","Child Health","2023-02-13","134","0","0"
"ru","social","social_ru","45","Ак Орго активисттери менен мед айымдар чогулушу болуп отту...","Child Health","2023-02-13","118","1","0"
"ru","social","social_ru","46","Сегодня 2018г.17 мая в ЦСМ #12 в рамках проекта Жаркын Кыргызстан состоялась встреча исполнительного комитета.","Child Health","2023-02-13","281","1","0"
"ru","social","social_ru","47","22-мая в офисе Global Friend состоялась встреча, в которой приняли участие сотрудники Кыргызской Государственной Медицинской академии (КГМА) имени Ахунбаева и Центра Семейной Медицины #12.","Child Health","2023-02-13","595","1","0"
"ru","social","social_ru","48","Кечээ Акордо Акорго Уйбулолук дарыгерлер тобунун мед айым врачтарына 'Баланын физикалык осуусу' темасына лекция окулду.","Child Health","2023-02-13","384","2","0"
"ru","social","social_ru","49","Международная конференция 2018г. ‘Здоровье детей и сестринское образование’","Child Health","2023-02-13","82","1","0"
"ru","social","social_ru","5","В Ак-орго была проведена презентация проекта по укреплению здоровья детей в новостройках 'Жаркын Кыргызстан' и семинар","Child Health","2023-02-10","334","2","0"
"ru","social","social_ru","50","AK ORDO","Child Health","2023-02-13","74","0","0"
"ru","social","social_ru","51","2018-жылдын жайкы программасы башталды!","Child Health","2023-02-13","46","2","0"
"ru","social","social_ru","59","Жаркын Кыргызстандын кадамдары.","Child Health","2023-02-13","753","2","0"
"ru","social","social_ru","6","Презентация проекта для исполнительного комитета","Child Health","2023-02-10","290","2","0"
"ru","social","social_ru","60","Бүгүнкү күн ЮНИСЕФтин кеңсесине баш багып Иманалиева Ч. айым менен жоолугушуу өткөрдүк.","Child Health","2023-02-13","609","2","0"
"ru","social","social_ru","61","Бүгүн эртеден баштап Ак-Ордо, Ак-Өргө активист апалар менен жоолугушу болуп өттү.","Child Health","2023-02-13","497","2","0"
"ru","social","social_ru","62","№2 Ак-Өргө поликлиникасында жаш балдардын ден соолугун чыңдоо максатында “Ден соолук жарманкеси” болуп өттү","Child Health","2023-02-13","639","2","0"
"ru","social","social_ru","63","№4 Ак-Ордо поликлиникасында жаш балдардын ден соолугун чыңдоо максатында “Ден соолук жарманкеси” болуп өттү","Child Health","2023-02-13","729","2","0"
"ru","social","social_ru","64","8 августа с сроком на 4 месяца профессор Лим отправилась в Кыргызстан с целью поддержки проекту 'Жаркын Кыргызстан'.","Child Health","2023-02-13","325","1","0"
"ru","social","social_ru","65","Ак-Өргө жаш балдардын ден соолугун коргоо борборунда апалар үчүн 'апалардын ден соолугу' классы ачылып 'Анемия жана тамак-аш' теманын алкагында лекция өткөрүлдү","Child Health","2023-02-13","318","2","0"
"ru","social","social_ru","66","~ Активисты жил. массива Ак-Ордо начали изготовление войлочной книжки.","Child Health","2023-02-13","77","2","0"
"ru","social","social_ru","67","Ак Ордо активист эжелердин бугун кийизден колго жасап баштаган биринчи баракчасы...","Child Health","2023-02-13","124","2","0"
"ru","social","social_ru","68","18-сентября 2018года в рамках проекта' Жаркын Кыргызстан' в КГМА имени И.Ахунбаева согласно графику проведения занятий состоялась лекция профессора из Кореи Лим Синг Джу на тему 'Коммуникация и сотрудничество'","Child Health","2023-02-13","450","2","0"
"ru","social","social_ru","69","20 октября 2018 года в жилмассивах Ак-Ордо и Ак-Өргө будет проходить 'Конкурс здоровья'.","Child Health","2023-02-13","271","1","0"
"ru","social","social_ru","7","14-апрелде Ак-Өргө конушунун поликлиникасынын жамаатына (өзгөчө медайымдар) балдарды кароо боюнча үйрөтүү өткөрүлдү.","Child Health","2023-02-10","312","2","0"
"ru","social","social_ru","70","Брошюры проекта 'Жарык Кыргызстан' уже готовы, можете получить их в день 'Конкурса здоровья'","Child Health","2023-02-13","99","2","0"
"ru","social","social_ru","71","2018-жылдын 20-чы октябрь күнү өтө турчу 'Ден соолук сынагы' үй-бүлө менен чогу жөө жүрүш менен башталат.","Child Health","2023-02-13","283","1","0"
"ru","social","social_ru","72","Ак-Өргө жаңы конушундагы активист эжелер да кийиз китепчени жазап башташып, ар бир бөлүкчөлөрүн кылдаттык менен жазап жатышат.","Child Health","2023-02-13","286","2","0"
"ru","social","social_ru","73","#77-орто мектептин 'ден соолук кызматчылары'нын ден соолук жумалыгындагы иш чараларына кубо болунуздар","Child Health","2023-02-13","306","2","0"
"ru","social","social_ru","74","Ден Соолук сынагына даярдык","Child Health","2023-02-13","364","2","0"
"ru","social","social_ru","75","Ден Соолук сынагына даярдык","Child Health","2023-02-13","355","2","0"
"ru","social","social_ru","76","Жаркын Кыргызстан менен үй-бүлө жөө жүрүш күнү","Child Health","2023-02-13","133","2","0"
"ru","social","social_ru","77","Жаркын Кыргызстан менен 2018-жылдын Ден соолук сынагы, 20-октябрь, 2018-жыл","Child Health","2023-02-13","239","2","0"
"ru","social","social_ru","78","жаңы конуштардагы жаш балдардын ден соолугун чыңдоо борборунда 'Биргеликте чоңойткон ден соолугу чын биздин жаш балдар' кыялыбыз оорундалат деген терең ишеничтебиз!","Child Health","2023-02-13","844","2","0"
"ru","social","social_ru","79","В КГМА начался практический курс по 'Сестринскому делу в региональном обществе'","Child Health","2023-02-13","308","2","0"
"ru","social","social_ru","8","6-апрелде 12 - поликлиникада (Центр семейной медицины №12) Ак-Өргө, Ак-Ордо поликлиникасынан келген аткаруу комитетинин мүчөлөрүнүн жыйналышы өттү.","Child Health","2023-02-10","312","2","0"
"ru","social","social_ru","80","Привлечение университета к развитию регионального общества.","Child Health","2023-02-13","458","1","0"
"ru","social","social_ru","81","Класс здоровья: Здоровые родители и хорошее родительство","Child Health","2023-02-13","357","2","0"
"ru","social","social_ru","82","Акордо жана Акоргоо жаны конуштарындагы Жаркын Кыргызстан долбоорунун активист эжелери тигуучу машинга ээ болушту","Child Health","2023-02-13","265","2","0"
"ru","social","social_ru","83","Дени сак балдар, дени сак келечек!","Child Health","2023-02-13","124","0","0"
"ru","social","social_ru","84","Биздин команданын чогулушу болуп отту 20190127","Child Health","2023-02-14","124","1","0"
"ru","social","social_ru","85","ЮНИСЕФ менен чогулуш өткөрүп жатабыз...","Child Health","2023-02-14","55","1","0"
"ru","social","social_ru","86","ЮНИСЕФ","Child Health","2023-02-14","13","1","0"
"ru","social","social_ru","87","РЦУЗ менен отуп жаткан чогулушу","Child Health","2023-02-14","39","1","0"
"ru","social","social_ru","88","ЦСМ12 менен чогулушка келдик.","Child Health","2023-02-14","36","1","0"
"ru","social","social_ru","89","КГМА.20190129","Child Health","2023-02-14","20","1","0"
"ru","social","social_ru","9","Ак-Ордонун Поликлиникасында (ГСВ) Ак-Өргө, Ак-Ордо конуштарынын активисттеринин (апалардын өкүлдөрү) жыйналышы өткөрүлдү.","Child Health","2023-02-10","659","2","0"
"ru","social","social_ru","90","KHU-KSMA collaborative seminar","Child Health","2023-02-14","97","0","0"
"ru","social","social_ru","92","Балдар менен биргеликте өткөргөн убакыт эң маанилүү жана пайдалуу","Child Health","2023-02-14","441","0","0"
"ru","social","social_ru","93","В честь международного женского дня мамы-активисты, мед. работники поликлиники и мамы жилмассива Ак- Орго провели мероприятие в центре здравоохранения детей Ак-Орго","Child Health","2023-02-14","539","2","0"
"ru","social","social_ru","94","В честь международного женского дня мамы-активисты, мед. работники поликлиники и мамы жилмассива Ак-Ордо провели мероприятие в центре здравоохранения детей Ак-Ордо","Child Health","2023-02-14","584","2","0"
"ru","social","social_ru","95","Ак Ордо жана Ак Оргоонун 5 жашка чейинки балдарын Уй булолук дарыгерлер тобунун короосундагы 'Эне жана бала комплексине' китеп окууга чакырабыз","Child Health","2023-02-14","267","1","0"
"ru","social","social_ru","96","Китеп билим булагы","Child Health","2023-02-14","638","0","0"
"ru","social","social_ru","97","Детская игровая школа «Балапан»","Child Health","2023-02-14","322","0","0"
"ru","social","social_ru","98","2019.04.22_ Детская игровая школа 'Балапан'","Child Health","2023-02-14","350","0","0"
"ru","social","social_ru","99","Тренинг в детском игровом школе 'Балапан' для волонтеров (CHW Ак-Ордо и Ак-Өргө)","Child Health","2023-02-14","313","0","0"
